{
"type": "FeatureCollection",
"name": "poi_muc_health",
"crs": { "type": "name", "properties": { "name": "urn:ogc:def:crs:OGC:1.3:CRS84" } },
"features": [
{ "type": "Feature", "properties": { "full_id": "n10784136293", "osm_id": "10784136293", "osm_type": "node", "wikipedia": null, "opening_hours:visitors": null, "name:en": null, "payment:coins": null, "full_name": null, "contact:twitter": null, "start_date": null, "old_name": null, "payment:lightning_contactless": null, "payment:lightning": null, "currency:XBT": null, "payment:v_pay": null, "layer": null, "addr:unit": null, "emergency": null, "payment:girocard_contactless": null, "payment:unionpay": null, "payment:paypal": null, "payment:maestro": null, "payment:jcb": null, "payment:ec": null, "payment:american_express": null, "payment:alipay": null, "wikidata": null, "operator:type": null, "official_name": null, "healthcare:speciality": null, "beds": null, "description": null, "wheelchair:description": null, "shop": null, "brand:wikipedia": null, "brand:wikidata": null, "brand": null, "branch": null, "addr:suburb": null, "payment:visa": null, "payment:mastercard": null, "payment:ec_cards": null, "wheelchair:description:de": null, "addr:housename": null, "toilets": null, "payment:qr_code": null, "payment:cards": null, "opening_hours:signed": null, "payment:girocard": null, "internet_access": null, "medical_system:western": null, "health_facility:type": null, "toilets:wheelchair": null, "contact:instagram": null, "contact:facebook": null, "payment:debit_cards": null, "payment:credit_cards": null, "addr:floor": null, "drive_through": null, "payment:cash": null, "contact:email": null, "contact:website": null, "owner": null, "contact:phone": null, "contact:fax": null, "name:de": null, "check_date": null, "fax": null, "wheelchair": null, "check_date:opening_hours": null, "website": "https://www.apopark.com/apotheke-im-zam/", "phone": "+498924882480", "operator": "APOPARK Apothekenbetriebs OHG", "opening_hours": "Mo-Sa 09:00-20:00", "name": "Apotheke im ZAM", "level": "0", "healthcare": "pharmacy", "email": "ZAM@apopark.com", "dispensing": "yes", "amenity": "pharmacy", "addr:street": "Mahatma-Gandhi-Platz", "addr:postcode": "81248", "addr:housenumber": "5", "addr:country": "DE", "addr:city": "München" }, "geometry": { "type": "Point", "coordinates": [ 11.40997, 48.1412483 ] } },
{ "type": "Feature", "properties": { "full_id": "n2625126359", "osm_id": "2625126359", "osm_type": "node", "wikipedia": null, "opening_hours:visitors": null, "name:en": null, "payment:coins": null, "full_name": null, "contact:twitter": null, "start_date": null, "old_name": null, "payment:lightning_contactless": null, "payment:lightning": null, "currency:XBT": null, "payment:v_pay": null, "layer": null, "addr:unit": null, "emergency": null, "payment:girocard_contactless": null, "payment:unionpay": null, "payment:paypal": null, "payment:maestro": null, "payment:jcb": null, "payment:ec": null, "payment:american_express": null, "payment:alipay": null, "wikidata": null, "operator:type": null, "official_name": null, "healthcare:speciality": null, "beds": null, "description": null, "wheelchair:description": null, "shop": null, "brand:wikipedia": null, "brand:wikidata": null, "brand": null, "branch": null, "addr:suburb": null, "payment:visa": null, "payment:mastercard": null, "payment:ec_cards": null, "wheelchair:description:de": null, "addr:housename": null, "toilets": null, "payment:qr_code": null, "payment:cards": null, "opening_hours:signed": null, "payment:girocard": null, "internet_access": null, "medical_system:western": null, "health_facility:type": null, "toilets:wheelchair": null, "contact:instagram": null, "contact:facebook": null, "payment:debit_cards": null, "payment:credit_cards": null, "addr:floor": null, "drive_through": null, "payment:cash": null, "contact:email": null, "contact:website": null, "owner": null, "contact:phone": null, "contact:fax": null, "name:de": null, "check_date": null, "fax": null, "wheelchair": "yes", "check_date:opening_hours": "2026-07-04", "website": "https://www.mkapo.de/", "phone": "+49 89 872500", "operator": "Apothekerin Annette Puzik e.Kfr.", "opening_hours": "Mo-Fr 08:00-19:00; Sa 08:00-13:00", "name": "Münchner Kindl Apotheke", "level": null, "healthcare": "pharmacy", "email": null, "dispensing": null, "amenity": "pharmacy", "addr:street": "Limesstraße", "addr:postcode": "81243", "addr:housenumber": "111", "addr:country": "DE", "addr:city": "München" }, "geometry": { "type": "Point", "coordinates": [ 11.4235988, 48.1437963 ] } },
{ "type": "Feature", "properties": { "full_id": "n1700604632", "osm_id": "1700604632", "osm_type": "node", "wikipedia": null, "opening_hours:visitors": null, "name:en": null, "payment:coins": null, "full_name": null, "contact:twitter": null, "start_date": null, "old_name": null, "payment:lightning_contactless": null, "payment:lightning": null, "currency:XBT": null, "payment:v_pay": null, "layer": null, "addr:unit": null, "emergency": null, "payment:girocard_contactless": null, "payment:unionpay": null, "payment:paypal": null, "payment:maestro": null, "payment:jcb": null, "payment:ec": null, "payment:american_express": null, "payment:alipay": null, "wikidata": null, "operator:type": null, "official_name": null, "healthcare:speciality": null, "beds": null, "description": null, "wheelchair:description": null, "shop": null, "brand:wikipedia": null, "brand:wikidata": null, "brand": null, "branch": null, "addr:suburb": null, "payment:visa": null, "payment:mastercard": null, "payment:ec_cards": null, "wheelchair:description:de": null, "addr:housename": null, "toilets": null, "payment:qr_code": null, "payment:cards": null, "opening_hours:signed": null, "payment:girocard": null, "internet_access": null, "medical_system:western": null, "health_facility:type": null, "toilets:wheelchair": null, "contact:instagram": null, "contact:facebook": null, "payment:debit_cards": null, "payment:credit_cards": null, "addr:floor": null, "drive_through": null, "payment:cash": null, "contact:email": null, "contact:website": null, "owner": null, "contact:phone": null, "contact:fax": null, "name:de": null, "check_date": null, "fax": "+49 89 7593262", "wheelchair": "yes", "check_date:opening_hours": "2024-11-24", "website": "https://www.tell-apotheke.de/apotheke/willkommen.htm", "phone": "+49 89 7555515", "operator": "Gabriele Spieß", "opening_hours": "Mo-Fr 08:30-13:00,14:00-18:30; Sa 08:00-12:30; Su,PH off", "name": "Tell-Apotheke", "level": null, "healthcare": "pharmacy", "email": "info@tell-apotheke.de", "dispensing": "yes", "amenity": "pharmacy", "addr:street": "Steinkirchner Straße", "addr:postcode": "81475", "addr:housenumber": "28", "addr:country": "DE", "addr:city": "München" }, "geometry": { "type": "Point", "coordinates": [ 11.4793102, 48.0881104 ] } },
{ "type": "Feature", "properties": { "full_id": "n1741692050", "osm_id": "1741692050", "osm_type": "node", "wikipedia": null, "opening_hours:visitors": null, "name:en": null, "payment:coins": null, "full_name": null, "contact:twitter": null, "start_date": null, "old_name": null, "payment:lightning_contactless": null, "payment:lightning": null, "currency:XBT": null, "payment:v_pay": null, "layer": null, "addr:unit": null, "emergency": null, "payment:girocard_contactless": null, "payment:unionpay": null, "payment:paypal": null, "payment:maestro": null, "payment:jcb": null, "payment:ec": null, "payment:american_express": null, "payment:alipay": null, "wikidata": null, "operator:type": null, "official_name": null, "healthcare:speciality": null, "beds": null, "description": null, "wheelchair:description": null, "shop": null, "brand:wikipedia": null, "brand:wikidata": null, "brand": null, "branch": null, "addr:suburb": null, "payment:visa": null, "payment:mastercard": null, "payment:ec_cards": null, "wheelchair:description:de": null, "addr:housename": null, "toilets": null, "payment:qr_code": null, "payment:cards": null, "opening_hours:signed": null, "payment:girocard": null, "internet_access": null, "medical_system:western": null, "health_facility:type": null, "toilets:wheelchair": null, "contact:instagram": null, "contact:facebook": null, "payment:debit_cards": null, "payment:credit_cards": null, "addr:floor": null, "drive_through": null, "payment:cash": null, "contact:email": null, "contact:website": null, "owner": null, "contact:phone": null, "contact:fax": null, "name:de": null, "check_date": null, "fax": null, "wheelchair": null, "check_date:opening_hours": "2024-07-26", "website": null, "phone": null, "operator": null, "opening_hours": "Mo-Fr 08:30-18:30; Sa 08:30-13:00", "name": "Engadin-Apotheke", "level": null, "healthcare": "pharmacy", "email": null, "dispensing": "yes", "amenity": "pharmacy", "addr:street": null, "addr:postcode": null, "addr:housenumber": null, "addr:country": null, "addr:city": null }, "geometry": { "type": "Point", "coordinates": [ 11.4846311, 48.087357 ] } },
{ "type": "Feature", "properties": { "full_id": "n1741402137", "osm_id": "1741402137", "osm_type": "node", "wikipedia": null, "opening_hours:visitors": null, "name:en": null, "payment:coins": null, "full_name": null, "contact:twitter": null, "start_date": null, "old_name": null, "payment:lightning_contactless": null, "payment:lightning": null, "currency:XBT": null, "payment:v_pay": null, "layer": null, "addr:unit": null, "emergency": null, "payment:girocard_contactless": null, "payment:unionpay": null, "payment:paypal": null, "payment:maestro": null, "payment:jcb": null, "payment:ec": null, "payment:american_express": null, "payment:alipay": null, "wikidata": null, "operator:type": null, "official_name": null, "healthcare:speciality": null, "beds": null, "description": null, "wheelchair:description": null, "shop": null, "brand:wikipedia": null, "brand:wikidata": null, "brand": null, "branch": null, "addr:suburb": null, "payment:visa": null, "payment:mastercard": null, "payment:ec_cards": null, "wheelchair:description:de": null, "addr:housename": null, "toilets": null, "payment:qr_code": null, "payment:cards": null, "opening_hours:signed": null, "payment:girocard": null, "internet_access": null, "medical_system:western": null, "health_facility:type": null, "toilets:wheelchair": null, "contact:instagram": null, "contact:facebook": null, "payment:debit_cards": null, "payment:credit_cards": null, "addr:floor": null, "drive_through": null, "payment:cash": null, "contact:email": null, "contact:website": null, "owner": null, "contact:phone": null, "contact:fax": null, "name:de": null, "check_date": null, "fax": null, "wheelchair": "yes", "check_date:opening_hours": "2025-06-08", "website": "https://www.sued-apotheke-solln.de/", "phone": "+49 89 794829", "operator": null, "opening_hours": "Mo-Fr 08:30-12:30,14:30-18:30, Sa 08:30-12:30", "name": "Süd-Apotheke", "level": null, "healthcare": "pharmacy", "email": null, "dispensing": null, "amenity": "pharmacy", "addr:street": "Drygalski-Allee", "addr:postcode": "81477", "addr:housenumber": "117", "addr:country": null, "addr:city": "München" }, "geometry": { "type": "Point", "coordinates": [ 11.5042477, 48.0822095 ] } },
{ "type": "Feature", "properties": { "full_id": "n1626826206", "osm_id": "1626826206", "osm_type": "node", "wikipedia": null, "opening_hours:visitors": null, "name:en": null, "payment:coins": null, "full_name": null, "contact:twitter": null, "start_date": null, "old_name": null, "payment:lightning_contactless": null, "payment:lightning": null, "currency:XBT": null, "payment:v_pay": null, "layer": null, "addr:unit": null, "emergency": null, "payment:girocard_contactless": null, "payment:unionpay": null, "payment:paypal": null, "payment:maestro": null, "payment:jcb": null, "payment:ec": null, "payment:american_express": null, "payment:alipay": null, "wikidata": null, "operator:type": null, "official_name": null, "healthcare:speciality": null, "beds": null, "description": null, "wheelchair:description": null, "shop": null, "brand:wikipedia": null, "brand:wikidata": null, "brand": null, "branch": null, "addr:suburb": null, "payment:visa": null, "payment:mastercard": null, "payment:ec_cards": null, "wheelchair:description:de": null, "addr:housename": null, "toilets": null, "payment:qr_code": null, "payment:cards": null, "opening_hours:signed": null, "payment:girocard": null, "internet_access": null, "medical_system:western": null, "health_facility:type": null, "toilets:wheelchair": null, "contact:instagram": null, "contact:facebook": null, "payment:debit_cards": null, "payment:credit_cards": null, "addr:floor": null, "drive_through": null, "payment:cash": null, "contact:email": null, "contact:website": null, "owner": null, "contact:phone": null, "contact:fax": null, "name:de": null, "check_date": "2025-08-28", "fax": "+49 89 74996874", "wheelchair": "yes", "check_date:opening_hours": "2025-08-28", "website": null, "phone": "+49 89799645", "operator": null, "opening_hours": "Mo-Fr 08:30-18:30; Sa 08:30-13:00", "name": "Marienstern Apotheke", "level": null, "healthcare": "pharmacy", "email": null, "dispensing": null, "amenity": "pharmacy", "addr:street": "Frans-Hals-Straße", "addr:postcode": "81479", "addr:housenumber": "31", "addr:country": null, "addr:city": null }, "geometry": { "type": "Point", "coordinates": [ 11.5199689, 48.0774384 ] } },
{ "type": "Feature", "properties": { "full_id": "n2327966729", "osm_id": "2327966729", "osm_type": "node", "wikipedia": null, "opening_hours:visitors": null, "name:en": null, "payment:coins": null, "full_name": null, "contact:twitter": null, "start_date": null, "old_name": null, "payment:lightning_contactless": null, "payment:lightning": null, "currency:XBT": null, "payment:v_pay": null, "layer": null, "addr:unit": null, "emergency": null, "payment:girocard_contactless": null, "payment:unionpay": null, "payment:paypal": null, "payment:maestro": null, "payment:jcb": null, "payment:ec": null, "payment:american_express": null, "payment:alipay": null, "wikidata": null, "operator:type": null, "official_name": null, "healthcare:speciality": null, "beds": null, "description": null, "wheelchair:description": null, "shop": null, "brand:wikipedia": null, "brand:wikidata": null, "brand": null, "branch": null, "addr:suburb": null, "payment:visa": null, "payment:mastercard": null, "payment:ec_cards": null, "wheelchair:description:de": null, "addr:housename": null, "toilets": null, "payment:qr_code": null, "payment:cards": null, "opening_hours:signed": null, "payment:girocard": null, "internet_access": null, "medical_system:western": null, "health_facility:type": null, "toilets:wheelchair": null, "contact:instagram": null, "contact:facebook": null, "payment:debit_cards": null, "payment:credit_cards": null, "addr:floor": null, "drive_through": null, "payment:cash": null, "contact:email": null, "contact:website": null, "owner": null, "contact:phone": null, "contact:fax": null, "name:de": null, "check_date": "2025-12-18", "fax": null, "wheelchair": "yes", "check_date:opening_hours": "2025-12-18", "website": null, "phone": null, "operator": null, "opening_hours": "Mo-Fr 08:00-18:30; Sa 08:30-13:00", "name": "Forellen-Apotheke", "level": null, "healthcare": "pharmacy", "email": null, "dispensing": "yes", "amenity": "pharmacy", "addr:street": "Sollner Straße", "addr:postcode": null, "addr:housenumber": "46", "addr:country": null, "addr:city": null }, "geometry": { "type": "Point", "coordinates": [ 11.5256066, 48.0776691 ] } },
{ "type": "Feature", "properties": { "full_id": "n1776380584", "osm_id": "1776380584", "osm_type": "node", "wikipedia": null, "opening_hours:visitors": null, "name:en": null, "payment:coins": null, "full_name": null, "contact:twitter": null, "start_date": null, "old_name": null, "payment:lightning_contactless": null, "payment:lightning": null, "currency:XBT": null, "payment:v_pay": null, "layer": null, "addr:unit": null, "emergency": null, "payment:girocard_contactless": null, "payment:unionpay": null, "payment:paypal": null, "payment:maestro": null, "payment:jcb": null, "payment:ec": null, "payment:american_express": null, "payment:alipay": null, "wikidata": null, "operator:type": null, "official_name": null, "healthcare:speciality": null, "beds": null, "description": null, "wheelchair:description": null, "shop": null, "brand:wikipedia": null, "brand:wikidata": null, "brand": null, "branch": null, "addr:suburb": null, "payment:visa": null, "payment:mastercard": null, "payment:ec_cards": null, "wheelchair:description:de": null, "addr:housename": null, "toilets": null, "payment:qr_code": null, "payment:cards": null, "opening_hours:signed": null, "payment:girocard": null, "internet_access": null, "medical_system:western": null, "health_facility:type": null, "toilets:wheelchair": null, "contact:instagram": null, "contact:facebook": null, "payment:debit_cards": null, "payment:credit_cards": null, "addr:floor": null, "drive_through": null, "payment:cash": null, "contact:email": null, "contact:website": null, "owner": null, "contact:phone": null, "contact:fax": null, "name:de": null, "check_date": "2024-11-02", "fax": null, "wheelchair": "no", "check_date:opening_hours": null, "website": "https://www.johannes-apo.de/", "phone": null, "operator": "(unknown)", "opening_hours": "Mo-Fr 08:30-13:00,14:30-18:30, Sa 08:30-12:30", "name": "Johannes Apotheke", "level": null, "healthcare": "pharmacy", "email": null, "dispensing": null, "amenity": "pharmacy", "addr:street": "Grünbauerstraße", "addr:postcode": "81479", "addr:housenumber": "30", "addr:country": null, "addr:city": null }, "geometry": { "type": "Point", "coordinates": [ 11.5166925, 48.0805632 ] } },
{ "type": "Feature", "properties": { "full_id": "n1741762538", "osm_id": "1741762538", "osm_type": "node", "wikipedia": null, "opening_hours:visitors": null, "name:en": null, "payment:coins": null, "full_name": null, "contact:twitter": null, "start_date": null, "old_name": null, "payment:lightning_contactless": null, "payment:lightning": null, "currency:XBT": null, "payment:v_pay": null, "layer": null, "addr:unit": null, "emergency": null, "payment:girocard_contactless": null, "payment:unionpay": null, "payment:paypal": null, "payment:maestro": null, "payment:jcb": null, "payment:ec": null, "payment:american_express": null, "payment:alipay": null, "wikidata": null, "operator:type": null, "official_name": null, "healthcare:speciality": null, "beds": null, "description": null, "wheelchair:description": null, "shop": null, "brand:wikipedia": null, "brand:wikidata": null, "brand": null, "branch": null, "addr:suburb": null, "payment:visa": null, "payment:mastercard": null, "payment:ec_cards": null, "wheelchair:description:de": null, "addr:housename": null, "toilets": null, "payment:qr_code": null, "payment:cards": null, "opening_hours:signed": null, "payment:girocard": null, "internet_access": null, "medical_system:western": null, "health_facility:type": null, "toilets:wheelchair": null, "contact:instagram": null, "contact:facebook": null, "payment:debit_cards": null, "payment:credit_cards": null, "addr:floor": null, "drive_through": null, "payment:cash": null, "contact:email": null, "contact:website": null, "owner": null, "contact:phone": null, "contact:fax": null, "name:de": null, "check_date": null, "fax": null, "wheelchair": "limited", "check_date:opening_hours": "2025-11-11", "website": null, "phone": null, "operator": null, "opening_hours": "Mo-Fr 08:30-18:30, Sa 08:30-12:30", "name": "Marienstern Apotheke", "level": null, "healthcare": "pharmacy", "email": null, "dispensing": null, "amenity": "pharmacy", "addr:street": "Aidenbachstraße", "addr:postcode": "81479", "addr:housenumber": "140", "addr:country": "DE", "addr:city": "München" }, "geometry": { "type": "Point", "coordinates": [ 11.5200144, 48.0888675 ] } },
{ "type": "Feature", "properties": { "full_id": "n722326247", "osm_id": "722326247", "osm_type": "node", "wikipedia": null, "opening_hours:visitors": null, "name:en": null, "payment:coins": null, "full_name": null, "contact:twitter": null, "start_date": null, "old_name": null, "payment:lightning_contactless": null, "payment:lightning": null, "currency:XBT": null, "payment:v_pay": null, "layer": null, "addr:unit": null, "emergency": null, "payment:girocard_contactless": null, "payment:unionpay": null, "payment:paypal": null, "payment:maestro": null, "payment:jcb": null, "payment:ec": null, "payment:american_express": null, "payment:alipay": null, "wikidata": null, "operator:type": null, "official_name": null, "healthcare:speciality": null, "beds": null, "description": null, "wheelchair:description": null, "shop": null, "brand:wikipedia": null, "brand:wikidata": null, "brand": null, "branch": null, "addr:suburb": null, "payment:visa": null, "payment:mastercard": null, "payment:ec_cards": null, "wheelchair:description:de": null, "addr:housename": null, "toilets": null, "payment:qr_code": null, "payment:cards": null, "opening_hours:signed": null, "payment:girocard": null, "internet_access": null, "medical_system:western": null, "health_facility:type": null, "toilets:wheelchair": null, "contact:instagram": null, "contact:facebook": null, "payment:debit_cards": null, "payment:credit_cards": null, "addr:floor": null, "drive_through": null, "payment:cash": null, "contact:email": null, "contact:website": null, "owner": null, "contact:phone": null, "contact:fax": null, "name:de": null, "check_date": null, "fax": null, "wheelchair": "yes", "check_date:opening_hours": "2025-12-29", "website": "http://www.ludwigshoeher-apotheke.de/", "phone": "+49 89 794122", "operator": null, "opening_hours": "Mo-Fr 08:00-18:30; Sa 08:00-13:00", "name": "Ludwigshöher Apotheke", "level": null, "healthcare": "pharmacy", "email": null, "dispensing": "yes", "amenity": "pharmacy", "addr:street": "Friedastraße", "addr:postcode": "81479", "addr:housenumber": "23", "addr:country": null, "addr:city": "München" }, "geometry": { "type": "Point", "coordinates": [ 11.5279936, 48.080949 ] } },
{ "type": "Feature", "properties": { "full_id": "n2396223708", "osm_id": "2396223708", "osm_type": "node", "wikipedia": null, "opening_hours:visitors": null, "name:en": null, "payment:coins": null, "full_name": null, "contact:twitter": null, "start_date": null, "old_name": null, "payment:lightning_contactless": null, "payment:lightning": null, "currency:XBT": null, "payment:v_pay": null, "layer": null, "addr:unit": null, "emergency": null, "payment:girocard_contactless": null, "payment:unionpay": null, "payment:paypal": null, "payment:maestro": null, "payment:jcb": null, "payment:ec": null, "payment:american_express": null, "payment:alipay": null, "wikidata": null, "operator:type": null, "official_name": null, "healthcare:speciality": null, "beds": null, "description": null, "wheelchair:description": null, "shop": null, "brand:wikipedia": null, "brand:wikidata": null, "brand": null, "branch": null, "addr:suburb": null, "payment:visa": null, "payment:mastercard": null, "payment:ec_cards": null, "wheelchair:description:de": null, "addr:housename": null, "toilets": null, "payment:qr_code": null, "payment:cards": null, "opening_hours:signed": null, "payment:girocard": null, "internet_access": null, "medical_system:western": null, "health_facility:type": null, "toilets:wheelchair": null, "contact:instagram": null, "contact:facebook": null, "payment:debit_cards": null, "payment:credit_cards": null, "addr:floor": null, "drive_through": null, "payment:cash": null, "contact:email": null, "contact:website": null, "owner": null, "contact:phone": null, "contact:fax": null, "name:de": null, "check_date": null, "fax": "+49 89 219091428", "wheelchair": "yes", "check_date:opening_hours": null, "website": "https://suedseite.marys-apotheke.de/", "phone": "+49 89 219091328", "operator": null, "opening_hours": "Mo-Fr 08:00-19:00; Sa 08:00-14:00", "name": "Mary's Apotheke Südseite", "level": null, "healthcare": "pharmacy", "email": "suedseite@marys-apotheke.de", "dispensing": null, "amenity": "pharmacy", "addr:street": "Baierbrunner Straße", "addr:postcode": "81379", "addr:housenumber": "73", "addr:country": "DE", "addr:city": "München" }, "geometry": { "type": "Point", "coordinates": [ 11.5308112, 48.0925937 ] } },
{ "type": "Feature", "properties": { "full_id": "n677214283", "osm_id": "677214283", "osm_type": "node", "wikipedia": null, "opening_hours:visitors": null, "name:en": null, "payment:coins": null, "full_name": null, "contact:twitter": null, "start_date": null, "old_name": null, "payment:lightning_contactless": null, "payment:lightning": null, "currency:XBT": null, "payment:v_pay": null, "layer": null, "addr:unit": null, "emergency": null, "payment:girocard_contactless": null, "payment:unionpay": null, "payment:paypal": null, "payment:maestro": null, "payment:jcb": null, "payment:ec": null, "payment:american_express": null, "payment:alipay": null, "wikidata": null, "operator:type": null, "official_name": null, "healthcare:speciality": null, "beds": null, "description": null, "wheelchair:description": null, "shop": null, "brand:wikipedia": null, "brand:wikidata": null, "brand": null, "branch": null, "addr:suburb": null, "payment:visa": null, "payment:mastercard": null, "payment:ec_cards": null, "wheelchair:description:de": null, "addr:housename": null, "toilets": null, "payment:qr_code": null, "payment:cards": null, "opening_hours:signed": null, "payment:girocard": null, "internet_access": null, "medical_system:western": null, "health_facility:type": null, "toilets:wheelchair": null, "contact:instagram": null, "contact:facebook": null, "payment:debit_cards": null, "payment:credit_cards": null, "addr:floor": null, "drive_through": null, "payment:cash": null, "contact:email": null, "contact:website": null, "owner": null, "contact:phone": null, "contact:fax": null, "name:de": "Pasteur Apotheke", "check_date": "2026-07-02", "fax": "+49 89 74140936", "wheelchair": "yes", "check_date:opening_hours": "2026-07-02", "website": "https://www.pasteur-apotheke-muenchen.de/", "phone": "+49 89 7148090", "operator": "Barbara Henkel", "opening_hours": "Mo-Fr 08:00-18:30; Sa 08:00-13:00", "name": "Pasteur Apotheke", "level": "0", "healthcare": "pharmacy", "email": "info@pasteur-apotheke.de", "dispensing": "yes", "amenity": "pharmacy", "addr:street": "Heiglhofstraße", "addr:postcode": "81377", "addr:housenumber": "11", "addr:country": null, "addr:city": "München" }, "geometry": { "type": "Point", "coordinates": [ 11.4788299, 48.1136528 ] } },
{ "type": "Feature", "properties": { "full_id": "n2452065777", "osm_id": "2452065777", "osm_type": "node", "wikipedia": null, "opening_hours:visitors": null, "name:en": null, "payment:coins": null, "full_name": null, "contact:twitter": null, "start_date": null, "old_name": null, "payment:lightning_contactless": null, "payment:lightning": null, "currency:XBT": null, "payment:v_pay": null, "layer": null, "addr:unit": null, "emergency": null, "payment:girocard_contactless": null, "payment:unionpay": null, "payment:paypal": null, "payment:maestro": null, "payment:jcb": null, "payment:ec": null, "payment:american_express": null, "payment:alipay": null, "wikidata": null, "operator:type": null, "official_name": null, "healthcare:speciality": null, "beds": null, "description": null, "wheelchair:description": null, "shop": null, "brand:wikipedia": null, "brand:wikidata": null, "brand": null, "branch": null, "addr:suburb": null, "payment:visa": null, "payment:mastercard": null, "payment:ec_cards": null, "wheelchair:description:de": null, "addr:housename": null, "toilets": null, "payment:qr_code": null, "payment:cards": null, "opening_hours:signed": null, "payment:girocard": null, "internet_access": null, "medical_system:western": null, "health_facility:type": null, "toilets:wheelchair": null, "contact:instagram": null, "contact:facebook": null, "payment:debit_cards": null, "payment:credit_cards": null, "addr:floor": null, "drive_through": null, "payment:cash": null, "contact:email": null, "contact:website": null, "owner": null, "contact:phone": null, "contact:fax": null, "name:de": null, "check_date": "2026-06-01", "fax": null, "wheelchair": "yes", "check_date:opening_hours": "2026-06-01", "website": "https://grosshadern.marys-apotheke.de", "phone": "+49 89 45207320", "operator": "Simon Leber", "opening_hours": "Mo-Fr 09:00-19:00; Sa 09:00-14:00", "name": "Mary's Apotheke Großhadern", "level": null, "healthcare": "pharmacy", "email": null, "dispensing": null, "amenity": "pharmacy", "addr:street": "Heiglhofstraße", "addr:postcode": "81377", "addr:housenumber": "4a", "addr:country": null, "addr:city": null }, "geometry": { "type": "Point", "coordinates": [ 11.4786736, 48.1148791 ] } },
{ "type": "Feature", "properties": { "full_id": "n277718280", "osm_id": "277718280", "osm_type": "node", "wikipedia": null, "opening_hours:visitors": null, "name:en": null, "payment:coins": null, "full_name": null, "contact:twitter": null, "start_date": null, "old_name": null, "payment:lightning_contactless": null, "payment:lightning": null, "currency:XBT": null, "payment:v_pay": null, "layer": null, "addr:unit": null, "emergency": null, "payment:girocard_contactless": null, "payment:unionpay": null, "payment:paypal": null, "payment:maestro": null, "payment:jcb": null, "payment:ec": null, "payment:american_express": null, "payment:alipay": null, "wikidata": null, "operator:type": null, "official_name": null, "healthcare:speciality": null, "beds": null, "description": null, "wheelchair:description": null, "shop": null, "brand:wikipedia": null, "brand:wikidata": null, "brand": null, "branch": null, "addr:suburb": null, "payment:visa": null, "payment:mastercard": null, "payment:ec_cards": null, "wheelchair:description:de": null, "addr:housename": null, "toilets": null, "payment:qr_code": null, "payment:cards": null, "opening_hours:signed": null, "payment:girocard": null, "internet_access": null, "medical_system:western": null, "health_facility:type": null, "toilets:wheelchair": null, "contact:instagram": null, "contact:facebook": null, "payment:debit_cards": null, "payment:credit_cards": null, "addr:floor": null, "drive_through": null, "payment:cash": null, "contact:email": null, "contact:website": null, "owner": "Babak Alemi-Hariri", "contact:phone": "+49 89 833190", "contact:fax": "+49 89 8205232", "name:de": null, "check_date": null, "fax": null, "wheelchair": "yes", "check_date:opening_hours": null, "website": "https://www.mariaeich-apotheke-app.de/", "phone": null, "operator": null, "opening_hours": "Mo-Fr 08:00-12:30, 14:30-18:30; Sa 08:00-12:30", "name": "Maria-Eich-Apotheke", "level": null, "healthcare": "pharmacy", "email": null, "dispensing": null, "amenity": "pharmacy", "addr:street": "Maria-Eich-Straße", "addr:postcode": "81243", "addr:housenumber": "71", "addr:country": "DE", "addr:city": "München" }, "geometry": { "type": "Point", "coordinates": [ 11.445079, 48.138514 ] } },
{ "type": "Feature", "properties": { "full_id": "n1709161468", "osm_id": "1709161468", "osm_type": "node", "wikipedia": null, "opening_hours:visitors": null, "name:en": null, "payment:coins": null, "full_name": null, "contact:twitter": null, "start_date": null, "old_name": null, "payment:lightning_contactless": null, "payment:lightning": null, "currency:XBT": null, "payment:v_pay": null, "layer": null, "addr:unit": null, "emergency": null, "payment:girocard_contactless": null, "payment:unionpay": null, "payment:paypal": null, "payment:maestro": null, "payment:jcb": null, "payment:ec": null, "payment:american_express": null, "payment:alipay": null, "wikidata": null, "operator:type": null, "official_name": null, "healthcare:speciality": null, "beds": null, "description": null, "wheelchair:description": null, "shop": null, "brand:wikipedia": null, "brand:wikidata": null, "brand": null, "branch": null, "addr:suburb": null, "payment:visa": null, "payment:mastercard": null, "payment:ec_cards": null, "wheelchair:description:de": null, "addr:housename": null, "toilets": null, "payment:qr_code": null, "payment:cards": null, "opening_hours:signed": null, "payment:girocard": null, "internet_access": null, "medical_system:western": null, "health_facility:type": null, "toilets:wheelchair": null, "contact:instagram": null, "contact:facebook": null, "payment:debit_cards": null, "payment:credit_cards": null, "addr:floor": null, "drive_through": null, "payment:cash": null, "contact:email": null, "contact:website": null, "owner": null, "contact:phone": null, "contact:fax": null, "name:de": null, "check_date": null, "fax": null, "wheelchair": null, "check_date:opening_hours": "2024-08-09", "website": null, "phone": null, "operator": null, "opening_hours": "Mo-Fr 08:30-18:30; Sa 08:30-13:00", "name": "Blumenau Apotheke", "level": null, "healthcare": "pharmacy", "email": null, "dispensing": "yes", "amenity": "pharmacy", "addr:street": null, "addr:postcode": null, "addr:housenumber": null, "addr:country": null, "addr:city": null }, "geometry": { "type": "Point", "coordinates": [ 11.4766109, 48.125865 ] } },
{ "type": "Feature", "properties": { "full_id": "n269698960", "osm_id": "269698960", "osm_type": "node", "wikipedia": null, "opening_hours:visitors": null, "name:en": null, "payment:coins": null, "full_name": null, "contact:twitter": null, "start_date": null, "old_name": null, "payment:lightning_contactless": null, "payment:lightning": null, "currency:XBT": null, "payment:v_pay": null, "layer": null, "addr:unit": null, "emergency": null, "payment:girocard_contactless": null, "payment:unionpay": null, "payment:paypal": null, "payment:maestro": null, "payment:jcb": null, "payment:ec": null, "payment:american_express": null, "payment:alipay": null, "wikidata": null, "operator:type": null, "official_name": null, "healthcare:speciality": null, "beds": null, "description": null, "wheelchair:description": null, "shop": null, "brand:wikipedia": null, "brand:wikidata": null, "brand": null, "branch": null, "addr:suburb": null, "payment:visa": null, "payment:mastercard": null, "payment:ec_cards": null, "wheelchair:description:de": null, "addr:housename": null, "toilets": null, "payment:qr_code": null, "payment:cards": null, "opening_hours:signed": null, "payment:girocard": null, "internet_access": null, "medical_system:western": null, "health_facility:type": null, "toilets:wheelchair": null, "contact:instagram": null, "contact:facebook": null, "payment:debit_cards": null, "payment:credit_cards": null, "addr:floor": null, "drive_through": null, "payment:cash": null, "contact:email": null, "contact:website": "https://www.annea-apotheke.de/linden-apotheke/", "owner": null, "contact:phone": "+49 89 881914", "contact:fax": null, "name:de": null, "check_date": null, "fax": null, "wheelchair": "yes", "check_date:opening_hours": null, "website": null, "phone": null, "operator": "Stefan Degmayr", "opening_hours": "Mo-Fr 08:00-18:30; Sa 09:00-13:00", "name": "Linden-Apotheke", "level": null, "healthcare": "pharmacy", "email": null, "dispensing": "yes", "amenity": "pharmacy", "addr:street": "Bäckerstraße", "addr:postcode": "81241", "addr:housenumber": "22", "addr:country": "DE", "addr:city": null }, "geometry": { "type": "Point", "coordinates": [ 11.4609754, 48.1442767 ] } },
{ "type": "Feature", "properties": { "full_id": "n1741354276", "osm_id": "1741354276", "osm_type": "node", "wikipedia": null, "opening_hours:visitors": null, "name:en": null, "payment:coins": null, "full_name": null, "contact:twitter": null, "start_date": null, "old_name": null, "payment:lightning_contactless": null, "payment:lightning": null, "currency:XBT": null, "payment:v_pay": null, "layer": null, "addr:unit": null, "emergency": null, "payment:girocard_contactless": null, "payment:unionpay": null, "payment:paypal": null, "payment:maestro": null, "payment:jcb": null, "payment:ec": null, "payment:american_express": null, "payment:alipay": null, "wikidata": null, "operator:type": null, "official_name": null, "healthcare:speciality": null, "beds": null, "description": null, "wheelchair:description": null, "shop": null, "brand:wikipedia": null, "brand:wikidata": null, "brand": null, "branch": null, "addr:suburb": null, "payment:visa": null, "payment:mastercard": null, "payment:ec_cards": null, "wheelchair:description:de": null, "addr:housename": null, "toilets": null, "payment:qr_code": null, "payment:cards": null, "opening_hours:signed": null, "payment:girocard": null, "internet_access": null, "medical_system:western": null, "health_facility:type": null, "toilets:wheelchair": null, "contact:instagram": null, "contact:facebook": null, "payment:debit_cards": null, "payment:credit_cards": null, "addr:floor": null, "drive_through": null, "payment:cash": null, "contact:email": "kristall.apotheke@pharma-online.de", "contact:website": "https://www.kristall-apotheke-muenchen.de", "owner": null, "contact:phone": "+49 89 7593924", "contact:fax": "+49 89 75979547", "name:de": null, "check_date": "2024-10-17", "fax": null, "wheelchair": "yes", "check_date:opening_hours": null, "website": null, "phone": null, "operator": "Dr. Telse Raubart e.K.", "opening_hours": "Mo-Fr 08:30-13:00,14:00-18:30; Sa 08:30-13:00", "name": "Kristall Apotheke", "level": null, "healthcare": "pharmacy", "email": null, "dispensing": "yes", "amenity": "pharmacy", "addr:street": "Forstenrieder Allee", "addr:postcode": "81476", "addr:housenumber": "59", "addr:country": "DE", "addr:city": "München" }, "geometry": { "type": "Point", "coordinates": [ 11.4985976, 48.0942519 ] } },
{ "type": "Feature", "properties": { "full_id": "n5255943193", "osm_id": "5255943193", "osm_type": "node", "wikipedia": null, "opening_hours:visitors": null, "name:en": null, "payment:coins": null, "full_name": null, "contact:twitter": null, "start_date": null, "old_name": null, "payment:lightning_contactless": null, "payment:lightning": null, "currency:XBT": null, "payment:v_pay": null, "layer": null, "addr:unit": null, "emergency": null, "payment:girocard_contactless": null, "payment:unionpay": null, "payment:paypal": null, "payment:maestro": null, "payment:jcb": null, "payment:ec": null, "payment:american_express": null, "payment:alipay": null, "wikidata": null, "operator:type": null, "official_name": null, "healthcare:speciality": null, "beds": null, "description": null, "wheelchair:description": null, "shop": null, "brand:wikipedia": null, "brand:wikidata": null, "brand": null, "branch": null, "addr:suburb": null, "payment:visa": null, "payment:mastercard": null, "payment:ec_cards": null, "wheelchair:description:de": null, "addr:housename": null, "toilets": null, "payment:qr_code": null, "payment:cards": null, "opening_hours:signed": null, "payment:girocard": null, "internet_access": null, "medical_system:western": null, "health_facility:type": null, "toilets:wheelchair": null, "contact:instagram": null, "contact:facebook": null, "payment:debit_cards": null, "payment:credit_cards": null, "addr:floor": null, "drive_through": null, "payment:cash": "yes", "contact:email": null, "contact:website": "https://www.ritterapo.de/", "owner": null, "contact:phone": "+49 89 752978", "contact:fax": "+49 89 74576968", "name:de": null, "check_date": null, "fax": null, "wheelchair": "yes", "check_date:opening_hours": "2025-08-24", "website": null, "phone": null, "operator": null, "opening_hours": "Aug: Mo-Fr 08:00-18:00; Aug: Sa 08:00-14:00; Sep-Jul: Mo-Fr 08:00-19:00; Sep-Jul: Sa 08:00-14:00", "name": "Ritterapotheke", "level": null, "healthcare": "pharmacy", "email": null, "dispensing": "yes", "amenity": "pharmacy", "addr:street": "Züricher Straße", "addr:postcode": "81476", "addr:housenumber": "92", "addr:country": "DE", "addr:city": "München" }, "geometry": { "type": "Point", "coordinates": [ 11.4956844, 48.0954144 ] } },
{ "type": "Feature", "properties": { "full_id": "n1716873230", "osm_id": "1716873230", "osm_type": "node", "wikipedia": null, "opening_hours:visitors": null, "name:en": null, "payment:coins": null, "full_name": null, "contact:twitter": null, "start_date": null, "old_name": null, "payment:lightning_contactless": null, "payment:lightning": null, "currency:XBT": null, "payment:v_pay": null, "layer": null, "addr:unit": null, "emergency": null, "payment:girocard_contactless": null, "payment:unionpay": null, "payment:paypal": null, "payment:maestro": null, "payment:jcb": null, "payment:ec": null, "payment:american_express": null, "payment:alipay": null, "wikidata": null, "operator:type": null, "official_name": null, "healthcare:speciality": null, "beds": null, "description": null, "wheelchair:description": null, "shop": null, "brand:wikipedia": null, "brand:wikidata": null, "brand": null, "branch": null, "addr:suburb": null, "payment:visa": null, "payment:mastercard": null, "payment:ec_cards": null, "wheelchair:description:de": null, "addr:housename": null, "toilets": null, "payment:qr_code": null, "payment:cards": null, "opening_hours:signed": null, "payment:girocard": null, "internet_access": null, "medical_system:western": null, "health_facility:type": null, "toilets:wheelchair": null, "contact:instagram": null, "contact:facebook": null, "payment:debit_cards": null, "payment:credit_cards": null, "addr:floor": null, "drive_through": null, "payment:cash": null, "contact:email": null, "contact:website": null, "owner": null, "contact:phone": null, "contact:fax": null, "name:de": null, "check_date": null, "fax": null, "wheelchair": null, "check_date:opening_hours": "2024-02-29", "website": "https://apo-am-guardinipark.de/", "phone": null, "operator": null, "opening_hours": "Mo-Fr 08:00-13:00,14:30-18:30; Sa 08:00-13:00", "name": "Apotheke am Guardinipark", "level": null, "healthcare": "pharmacy", "email": null, "dispensing": "yes", "amenity": "pharmacy", "addr:street": "Guardinistraße", "addr:postcode": "81375", "addr:housenumber": "186", "addr:country": "DE", "addr:city": "München" }, "geometry": { "type": "Point", "coordinates": [ 11.4836483, 48.1192996 ] } },
{ "type": "Feature", "properties": { "full_id": "n1192973307", "osm_id": "1192973307", "osm_type": "node", "wikipedia": null, "opening_hours:visitors": null, "name:en": null, "payment:coins": null, "full_name": null, "contact:twitter": null, "start_date": null, "old_name": null, "payment:lightning_contactless": null, "payment:lightning": null, "currency:XBT": null, "payment:v_pay": null, "layer": null, "addr:unit": null, "emergency": null, "payment:girocard_contactless": null, "payment:unionpay": null, "payment:paypal": null, "payment:maestro": null, "payment:jcb": null, "payment:ec": null, "payment:american_express": null, "payment:alipay": null, "wikidata": null, "operator:type": null, "official_name": null, "healthcare:speciality": null, "beds": null, "description": null, "wheelchair:description": null, "shop": null, "brand:wikipedia": null, "brand:wikidata": null, "brand": null, "branch": null, "addr:suburb": null, "payment:visa": null, "payment:mastercard": null, "payment:ec_cards": null, "wheelchair:description:de": null, "addr:housename": null, "toilets": null, "payment:qr_code": null, "payment:cards": null, "opening_hours:signed": null, "payment:girocard": null, "internet_access": null, "medical_system:western": null, "health_facility:type": null, "toilets:wheelchair": null, "contact:instagram": null, "contact:facebook": null, "payment:debit_cards": null, "payment:credit_cards": null, "addr:floor": null, "drive_through": null, "payment:cash": null, "contact:email": null, "contact:website": null, "owner": null, "contact:phone": null, "contact:fax": null, "name:de": null, "check_date": null, "fax": "+49 89 707450", "wheelchair": "yes", "check_date:opening_hours": null, "website": "https://www.guardini-apotheke.de/", "phone": "+49 89 707610", "operator": null, "opening_hours": "Mo-Fr 08:30-18:30; Sa 08:30-13:00; PH off", "name": "Guardini-Apotheke", "level": null, "healthcare": "pharmacy", "email": "guardini-apotheke@t-online.de", "dispensing": null, "amenity": "pharmacy", "addr:street": null, "addr:postcode": null, "addr:housenumber": null, "addr:country": null, "addr:city": null }, "geometry": { "type": "Point", "coordinates": [ 11.4894386, 48.1181153 ] } },
{ "type": "Feature", "properties": { "full_id": "n677214277", "osm_id": "677214277", "osm_type": "node", "wikipedia": null, "opening_hours:visitors": null, "name:en": null, "payment:coins": null, "full_name": null, "contact:twitter": null, "start_date": null, "old_name": null, "payment:lightning_contactless": null, "payment:lightning": null, "currency:XBT": null, "payment:v_pay": null, "layer": null, "addr:unit": null, "emergency": null, "payment:girocard_contactless": null, "payment:unionpay": null, "payment:paypal": null, "payment:maestro": null, "payment:jcb": null, "payment:ec": null, "payment:american_express": null, "payment:alipay": null, "wikidata": null, "operator:type": null, "official_name": null, "healthcare:speciality": null, "beds": null, "description": null, "wheelchair:description": null, "shop": null, "brand:wikipedia": null, "brand:wikidata": null, "brand": null, "branch": null, "addr:suburb": null, "payment:visa": null, "payment:mastercard": null, "payment:ec_cards": null, "wheelchair:description:de": null, "addr:housename": null, "toilets": null, "payment:qr_code": null, "payment:cards": null, "opening_hours:signed": null, "payment:girocard": null, "internet_access": null, "medical_system:western": null, "health_facility:type": null, "toilets:wheelchair": null, "contact:instagram": null, "contact:facebook": null, "payment:debit_cards": null, "payment:credit_cards": null, "addr:floor": null, "drive_through": null, "payment:cash": null, "contact:email": null, "contact:website": null, "owner": null, "contact:phone": null, "contact:fax": null, "name:de": null, "check_date": null, "fax": null, "wheelchair": null, "check_date:opening_hours": null, "website": "https://www.richard-wagner-apotheke-muenchen.de", "phone": "+49 89 7 14 28 80", "operator": null, "opening_hours": "Mo-Fr 08:30-18:30; Sa 08:30-13:00", "name": "Richard-Wagner-Apotheke", "level": null, "healthcare": "pharmacy", "email": null, "dispensing": null, "amenity": "pharmacy", "addr:street": "Waldfriedhofstraße", "addr:postcode": "81377", "addr:housenumber": "115", "addr:country": null, "addr:city": "München" }, "geometry": { "type": "Point", "coordinates": [ 11.503359, 48.1119195 ] } },
{ "type": "Feature", "properties": { "full_id": "n818944550", "osm_id": "818944550", "osm_type": "node", "wikipedia": null, "opening_hours:visitors": null, "name:en": null, "payment:coins": null, "full_name": null, "contact:twitter": null, "start_date": null, "old_name": null, "payment:lightning_contactless": null, "payment:lightning": null, "currency:XBT": null, "payment:v_pay": null, "layer": null, "addr:unit": null, "emergency": null, "payment:girocard_contactless": null, "payment:unionpay": null, "payment:paypal": null, "payment:maestro": null, "payment:jcb": null, "payment:ec": null, "payment:american_express": null, "payment:alipay": null, "wikidata": null, "operator:type": null, "official_name": null, "healthcare:speciality": null, "beds": null, "description": null, "wheelchair:description": null, "shop": null, "brand:wikipedia": null, "brand:wikidata": null, "brand": null, "branch": null, "addr:suburb": null, "payment:visa": null, "payment:mastercard": null, "payment:ec_cards": null, "wheelchair:description:de": null, "addr:housename": null, "toilets": null, "payment:qr_code": null, "payment:cards": null, "opening_hours:signed": null, "payment:girocard": null, "internet_access": null, "medical_system:western": null, "health_facility:type": null, "toilets:wheelchair": null, "contact:instagram": null, "contact:facebook": null, "payment:debit_cards": null, "payment:credit_cards": null, "addr:floor": null, "drive_through": null, "payment:cash": null, "contact:email": null, "contact:website": null, "owner": null, "contact:phone": null, "contact:fax": null, "name:de": null, "check_date": "2026-05-29", "fax": null, "wheelchair": "no", "check_date:opening_hours": null, "website": null, "phone": null, "operator": null, "opening_hours": "Mo-Fr 08:30-18:30; Sa 08:30-13:00", "name": "Sankt Kosmas Apotheke", "level": null, "healthcare": "pharmacy", "email": null, "dispensing": null, "amenity": "pharmacy", "addr:street": null, "addr:postcode": null, "addr:housenumber": null, "addr:country": null, "addr:city": null }, "geometry": { "type": "Point", "coordinates": [ 11.502758, 48.116733 ] } },
{ "type": "Feature", "properties": { "full_id": "n87636374", "osm_id": "87636374", "osm_type": "node", "wikipedia": null, "opening_hours:visitors": null, "name:en": null, "payment:coins": null, "full_name": null, "contact:twitter": null, "start_date": null, "old_name": null, "payment:lightning_contactless": null, "payment:lightning": null, "currency:XBT": null, "payment:v_pay": null, "layer": null, "addr:unit": null, "emergency": null, "payment:girocard_contactless": null, "payment:unionpay": null, "payment:paypal": null, "payment:maestro": null, "payment:jcb": null, "payment:ec": null, "payment:american_express": null, "payment:alipay": null, "wikidata": null, "operator:type": null, "official_name": null, "healthcare:speciality": null, "beds": null, "description": null, "wheelchair:description": null, "shop": null, "brand:wikipedia": null, "brand:wikidata": null, "brand": null, "branch": null, "addr:suburb": null, "payment:visa": null, "payment:mastercard": null, "payment:ec_cards": null, "wheelchair:description:de": null, "addr:housename": null, "toilets": null, "payment:qr_code": null, "payment:cards": null, "opening_hours:signed": null, "payment:girocard": null, "internet_access": null, "medical_system:western": null, "health_facility:type": null, "toilets:wheelchair": null, "contact:instagram": null, "contact:facebook": null, "payment:debit_cards": null, "payment:credit_cards": null, "addr:floor": null, "drive_through": null, "payment:cash": null, "contact:email": null, "contact:website": null, "owner": null, "contact:phone": null, "contact:fax": null, "name:de": null, "check_date": null, "fax": null, "wheelchair": "no", "check_date:opening_hours": "2024-06-03", "website": null, "phone": null, "operator": null, "opening_hours": "Mo-Fr 08:30-18:00; Sa 08:30-12:30", "name": "Olympia-Apotheke", "level": null, "healthcare": "pharmacy", "email": null, "dispensing": null, "amenity": "pharmacy", "addr:street": null, "addr:postcode": null, "addr:housenumber": null, "addr:country": null, "addr:city": null }, "geometry": { "type": "Point", "coordinates": [ 11.5198437, 48.0992554 ] } },
{ "type": "Feature", "properties": { "full_id": "n429919192", "osm_id": "429919192", "osm_type": "node", "wikipedia": null, "opening_hours:visitors": null, "name:en": null, "payment:coins": null, "full_name": null, "contact:twitter": null, "start_date": null, "old_name": null, "payment:lightning_contactless": null, "payment:lightning": null, "currency:XBT": null, "payment:v_pay": null, "layer": null, "addr:unit": null, "emergency": null, "payment:girocard_contactless": null, "payment:unionpay": null, "payment:paypal": null, "payment:maestro": null, "payment:jcb": null, "payment:ec": null, "payment:american_express": null, "payment:alipay": null, "wikidata": null, "operator:type": null, "official_name": null, "healthcare:speciality": null, "beds": null, "description": null, "wheelchair:description": null, "shop": null, "brand:wikipedia": null, "brand:wikidata": null, "brand": null, "branch": null, "addr:suburb": null, "payment:visa": null, "payment:mastercard": null, "payment:ec_cards": null, "wheelchair:description:de": null, "addr:housename": null, "toilets": null, "payment:qr_code": null, "payment:cards": null, "opening_hours:signed": null, "payment:girocard": null, "internet_access": null, "medical_system:western": null, "health_facility:type": null, "toilets:wheelchair": null, "contact:instagram": null, "contact:facebook": null, "payment:debit_cards": null, "payment:credit_cards": null, "addr:floor": null, "drive_through": null, "payment:cash": null, "contact:email": null, "contact:website": null, "owner": null, "contact:phone": null, "contact:fax": null, "name:de": null, "check_date": null, "fax": "+49 89 55291980", "wheelchair": "yes", "check_date:opening_hours": "2021-10-24", "website": "https://obersendling.marys-apotheke.de", "phone": "+49 89 55291979", "operator": null, "opening_hours": "Mo-Fr 08:00-19:00; Sa 09:00-19:00", "name": "Mary's Apotheke", "level": "0", "healthcare": "pharmacy", "email": "obersendling@marys-apotheke.de", "dispensing": "yes", "amenity": "pharmacy", "addr:street": "Boschetsrieder Straße", "addr:postcode": "81379", "addr:housenumber": "72", "addr:country": "DE", "addr:city": "München" }, "geometry": { "type": "Point", "coordinates": [ 11.5277295, 48.099992 ] } },
{ "type": "Feature", "properties": { "full_id": "n714308720", "osm_id": "714308720", "osm_type": "node", "wikipedia": null, "opening_hours:visitors": null, "name:en": null, "payment:coins": null, "full_name": null, "contact:twitter": null, "start_date": null, "old_name": null, "payment:lightning_contactless": null, "payment:lightning": null, "currency:XBT": null, "payment:v_pay": null, "layer": null, "addr:unit": null, "emergency": null, "payment:girocard_contactless": null, "payment:unionpay": null, "payment:paypal": null, "payment:maestro": null, "payment:jcb": null, "payment:ec": null, "payment:american_express": null, "payment:alipay": null, "wikidata": null, "operator:type": null, "official_name": null, "healthcare:speciality": null, "beds": null, "description": null, "wheelchair:description": null, "shop": null, "brand:wikipedia": null, "brand:wikidata": null, "brand": null, "branch": null, "addr:suburb": null, "payment:visa": null, "payment:mastercard": null, "payment:ec_cards": null, "wheelchair:description:de": null, "addr:housename": null, "toilets": null, "payment:qr_code": null, "payment:cards": null, "opening_hours:signed": null, "payment:girocard": null, "internet_access": null, "medical_system:western": null, "health_facility:type": null, "toilets:wheelchair": null, "contact:instagram": null, "contact:facebook": null, "payment:debit_cards": null, "payment:credit_cards": null, "addr:floor": null, "drive_through": "no", "payment:cash": null, "contact:email": null, "contact:website": null, "owner": "Pia Haack", "contact:phone": null, "contact:fax": null, "name:de": null, "check_date": null, "fax": null, "wheelchair": "yes", "check_date:opening_hours": null, "website": null, "phone": null, "operator": null, "opening_hours": "Mo-Fr 08:30-13:00,14:00-18:30; Sa 08:30-13:00; Su off", "name": "Apotheke am Ratzingerplatz", "level": null, "healthcare": "pharmacy", "email": null, "dispensing": null, "amenity": "pharmacy", "addr:street": "Aidenbachstraße", "addr:postcode": "81379", "addr:housenumber": "30", "addr:country": null, "addr:city": "München" }, "geometry": { "type": "Point", "coordinates": [ 11.5234846, 48.0988799 ] } },
{ "type": "Feature", "properties": { "full_id": "n677214294", "osm_id": "677214294", "osm_type": "node", "wikipedia": null, "opening_hours:visitors": null, "name:en": null, "payment:coins": null, "full_name": null, "contact:twitter": null, "start_date": null, "old_name": null, "payment:lightning_contactless": null, "payment:lightning": null, "currency:XBT": null, "payment:v_pay": null, "layer": null, "addr:unit": null, "emergency": null, "payment:girocard_contactless": null, "payment:unionpay": null, "payment:paypal": null, "payment:maestro": null, "payment:jcb": null, "payment:ec": null, "payment:american_express": null, "payment:alipay": null, "wikidata": null, "operator:type": null, "official_name": null, "healthcare:speciality": null, "beds": null, "description": null, "wheelchair:description": null, "shop": null, "brand:wikipedia": null, "brand:wikidata": null, "brand": null, "branch": null, "addr:suburb": null, "payment:visa": null, "payment:mastercard": null, "payment:ec_cards": null, "wheelchair:description:de": null, "addr:housename": null, "toilets": null, "payment:qr_code": null, "payment:cards": null, "opening_hours:signed": null, "payment:girocard": null, "internet_access": null, "medical_system:western": null, "health_facility:type": null, "toilets:wheelchair": null, "contact:instagram": null, "contact:facebook": null, "payment:debit_cards": null, "payment:credit_cards": null, "addr:floor": null, "drive_through": null, "payment:cash": null, "contact:email": null, "contact:website": null, "owner": null, "contact:phone": null, "contact:fax": null, "name:de": null, "check_date": null, "fax": null, "wheelchair": "no", "check_date:opening_hours": "2025-05-12", "website": null, "phone": null, "operator": null, "opening_hours": "Mo-Fr 08:30-18:30; Sa 08:30-13:00", "name": "St.-Heinrich-Apotheke", "level": null, "healthcare": "pharmacy", "email": null, "dispensing": null, "amenity": "pharmacy", "addr:street": null, "addr:postcode": null, "addr:housenumber": null, "addr:country": null, "addr:city": null }, "geometry": { "type": "Point", "coordinates": [ 11.5108926, 48.1132157 ] } },
{ "type": "Feature", "properties": { "full_id": "n675912430", "osm_id": "675912430", "osm_type": "node", "wikipedia": null, "opening_hours:visitors": null, "name:en": null, "payment:coins": null, "full_name": null, "contact:twitter": null, "start_date": null, "old_name": null, "payment:lightning_contactless": null, "payment:lightning": null, "currency:XBT": null, "payment:v_pay": null, "layer": null, "addr:unit": null, "emergency": null, "payment:girocard_contactless": null, "payment:unionpay": null, "payment:paypal": null, "payment:maestro": null, "payment:jcb": null, "payment:ec": null, "payment:american_express": null, "payment:alipay": null, "wikidata": null, "operator:type": null, "official_name": null, "healthcare:speciality": null, "beds": null, "description": null, "wheelchair:description": null, "shop": null, "brand:wikipedia": null, "brand:wikidata": null, "brand": null, "branch": null, "addr:suburb": null, "payment:visa": null, "payment:mastercard": null, "payment:ec_cards": null, "wheelchair:description:de": null, "addr:housename": null, "toilets": null, "payment:qr_code": null, "payment:cards": null, "opening_hours:signed": null, "payment:girocard": null, "internet_access": null, "medical_system:western": null, "health_facility:type": null, "toilets:wheelchair": null, "contact:instagram": null, "contact:facebook": null, "payment:debit_cards": null, "payment:credit_cards": null, "addr:floor": null, "drive_through": null, "payment:cash": null, "contact:email": null, "contact:website": null, "owner": null, "contact:phone": null, "contact:fax": null, "name:de": null, "check_date": null, "fax": null, "wheelchair": "yes", "check_date:opening_hours": null, "website": "https://www.garmischer-apotheke.de/", "phone": null, "operator": null, "opening_hours": "Mo-Fr 08:00-18:30; Sa 08:00-13:00", "name": "Garmischer Apotheke", "level": null, "healthcare": "pharmacy", "email": null, "dispensing": null, "amenity": "pharmacy", "addr:street": "Ehrwalder Straße", "addr:postcode": "81377", "addr:housenumber": "4a", "addr:country": null, "addr:city": "München" }, "geometry": { "type": "Point", "coordinates": [ 11.5164465, 48.1180918 ] } },
{ "type": "Feature", "properties": { "full_id": "n705912027", "osm_id": "705912027", "osm_type": "node", "wikipedia": null, "opening_hours:visitors": null, "name:en": null, "payment:coins": null, "full_name": null, "contact:twitter": null, "start_date": null, "old_name": null, "payment:lightning_contactless": null, "payment:lightning": null, "currency:XBT": null, "payment:v_pay": null, "layer": null, "addr:unit": null, "emergency": null, "payment:girocard_contactless": null, "payment:unionpay": null, "payment:paypal": null, "payment:maestro": null, "payment:jcb": null, "payment:ec": null, "payment:american_express": null, "payment:alipay": null, "wikidata": null, "operator:type": null, "official_name": null, "healthcare:speciality": null, "beds": null, "description": null, "wheelchair:description": null, "shop": null, "brand:wikipedia": null, "brand:wikidata": null, "brand": null, "branch": null, "addr:suburb": null, "payment:visa": null, "payment:mastercard": null, "payment:ec_cards": null, "wheelchair:description:de": null, "addr:housename": null, "toilets": null, "payment:qr_code": null, "payment:cards": null, "opening_hours:signed": null, "payment:girocard": null, "internet_access": null, "medical_system:western": null, "health_facility:type": null, "toilets:wheelchair": null, "contact:instagram": null, "contact:facebook": null, "payment:debit_cards": null, "payment:credit_cards": null, "addr:floor": null, "drive_through": null, "payment:cash": null, "contact:email": null, "contact:website": null, "owner": null, "contact:phone": null, "contact:fax": null, "name:de": null, "check_date": "2026-05-10", "fax": null, "wheelchair": "limited", "check_date:opening_hours": "2026-05-10", "website": "https://www.morus-apotheke.de/", "phone": "+49 89 76 00 895", "operator": null, "opening_hours": "Mo-Fr 08:00-18:30; Sa 08:00-13:00; Su off", "name": "St. Morus Apotheke", "level": null, "healthcare": "pharmacy", "email": null, "dispensing": null, "amenity": "pharmacy", "addr:street": "Friedrich-Hebbel-Straße", "addr:postcode": "81369", "addr:housenumber": "18", "addr:country": "DE", "addr:city": "München" }, "geometry": { "type": "Point", "coordinates": [ 11.5259312, 48.1114008 ] } },
{ "type": "Feature", "properties": { "full_id": "n313284026", "osm_id": "313284026", "osm_type": "node", "wikipedia": null, "opening_hours:visitors": null, "name:en": null, "payment:coins": null, "full_name": null, "contact:twitter": null, "start_date": null, "old_name": null, "payment:lightning_contactless": null, "payment:lightning": null, "currency:XBT": null, "payment:v_pay": null, "layer": null, "addr:unit": null, "emergency": null, "payment:girocard_contactless": null, "payment:unionpay": null, "payment:paypal": null, "payment:maestro": null, "payment:jcb": null, "payment:ec": null, "payment:american_express": null, "payment:alipay": null, "wikidata": null, "operator:type": null, "official_name": null, "healthcare:speciality": null, "beds": null, "description": null, "wheelchair:description": null, "shop": null, "brand:wikipedia": null, "brand:wikidata": null, "brand": null, "branch": null, "addr:suburb": null, "payment:visa": null, "payment:mastercard": null, "payment:ec_cards": null, "wheelchair:description:de": null, "addr:housename": null, "toilets": null, "payment:qr_code": null, "payment:cards": null, "opening_hours:signed": null, "payment:girocard": null, "internet_access": null, "medical_system:western": null, "health_facility:type": null, "toilets:wheelchair": null, "contact:instagram": null, "contact:facebook": null, "payment:debit_cards": null, "payment:credit_cards": null, "addr:floor": null, "drive_through": "no", "payment:cash": null, "contact:email": "info@ak-elektro.de", "contact:website": "https://www.eichendorffapo.de/", "owner": null, "contact:phone": "+49 89 726 569 37", "contact:fax": null, "name:de": null, "check_date": "2025-06-18", "fax": null, "wheelchair": "yes", "check_date:opening_hours": null, "website": null, "phone": null, "operator": "Michael A. Fabian", "opening_hours": "Mo-Fr 08:30-18:30; Sa 08:30-12:00", "name": "Eichendorff-Apotheke", "level": "0", "healthcare": "pharmacy", "email": null, "dispensing": "yes", "amenity": "pharmacy", "addr:street": "Albert-Roßhaupter-Straße", "addr:postcode": "81369", "addr:housenumber": "67", "addr:country": "DE", "addr:city": "München" }, "geometry": { "type": "Point", "coordinates": [ 11.5272146, 48.116218 ] } },
{ "type": "Feature", "properties": { "full_id": "n1741222739", "osm_id": "1741222739", "osm_type": "node", "wikipedia": null, "opening_hours:visitors": null, "name:en": null, "payment:coins": null, "full_name": null, "contact:twitter": null, "start_date": null, "old_name": null, "payment:lightning_contactless": null, "payment:lightning": null, "currency:XBT": null, "payment:v_pay": null, "layer": null, "addr:unit": null, "emergency": null, "payment:girocard_contactless": null, "payment:unionpay": null, "payment:paypal": null, "payment:maestro": null, "payment:jcb": null, "payment:ec": null, "payment:american_express": null, "payment:alipay": null, "wikidata": null, "operator:type": null, "official_name": null, "healthcare:speciality": null, "beds": null, "description": null, "wheelchair:description": null, "shop": null, "brand:wikipedia": null, "brand:wikidata": null, "brand": null, "branch": null, "addr:suburb": null, "payment:visa": null, "payment:mastercard": null, "payment:ec_cards": null, "wheelchair:description:de": null, "addr:housename": null, "toilets": null, "payment:qr_code": null, "payment:cards": null, "opening_hours:signed": null, "payment:girocard": null, "internet_access": null, "medical_system:western": null, "health_facility:type": null, "toilets:wheelchair": null, "contact:instagram": null, "contact:facebook": null, "payment:debit_cards": "yes", "payment:credit_cards": "yes", "addr:floor": "0", "drive_through": "no", "payment:cash": "yes", "contact:email": null, "contact:website": null, "owner": null, "contact:phone": null, "contact:fax": null, "name:de": null, "check_date": "2026-05-30", "fax": null, "wheelchair": "yes", "check_date:opening_hours": "2026-05-30", "website": "https://www.hellasapotheke.de/", "phone": "+49 89 72669597", "operator": null, "opening_hours": "Mo-Fr 08:30-19:00; Sa 08:30-13:00", "name": "Hellas Apotheke", "level": "0", "healthcare": "pharmacy", "email": "info@hellas-apotheke.de", "dispensing": "yes", "amenity": "pharmacy", "addr:street": "Passauerstraße", "addr:postcode": null, "addr:housenumber": "2a", "addr:country": null, "addr:city": null }, "geometry": { "type": "Point", "coordinates": [ 11.5333322, 48.1164917 ] } },
{ "type": "Feature", "properties": { "full_id": "n13266643101", "osm_id": "13266643101", "osm_type": "node", "wikipedia": null, "opening_hours:visitors": null, "name:en": null, "payment:coins": null, "full_name": null, "contact:twitter": null, "start_date": null, "old_name": null, "payment:lightning_contactless": null, "payment:lightning": null, "currency:XBT": null, "payment:v_pay": null, "layer": null, "addr:unit": null, "emergency": null, "payment:girocard_contactless": null, "payment:unionpay": null, "payment:paypal": null, "payment:maestro": null, "payment:jcb": null, "payment:ec": null, "payment:american_express": null, "payment:alipay": null, "wikidata": null, "operator:type": null, "official_name": null, "healthcare:speciality": null, "beds": null, "description": null, "wheelchair:description": null, "shop": null, "brand:wikipedia": null, "brand:wikidata": null, "brand": null, "branch": null, "addr:suburb": null, "payment:visa": null, "payment:mastercard": null, "payment:ec_cards": null, "wheelchair:description:de": null, "addr:housename": null, "toilets": null, "payment:qr_code": null, "payment:cards": null, "opening_hours:signed": null, "payment:girocard": null, "internet_access": null, "medical_system:western": null, "health_facility:type": null, "toilets:wheelchair": null, "contact:instagram": null, "contact:facebook": null, "payment:debit_cards": null, "payment:credit_cards": null, "addr:floor": null, "drive_through": null, "payment:cash": null, "contact:email": null, "contact:website": null, "owner": null, "contact:phone": null, "contact:fax": null, "name:de": null, "check_date": null, "fax": null, "wheelchair": null, "check_date:opening_hours": null, "website": "https://www.apothekeamhadernerstern.de", "phone": "+49 89 32708940", "operator": null, "opening_hours": "Mo-Fr 08:00-18:30; Sa 08:30-12:30", "name": "Apotheke am Haderner Stern", "level": null, "healthcare": null, "email": "info@apothekeamhadernerstern.de", "dispensing": null, "amenity": "pharmacy", "addr:street": "Stiftsbogen", "addr:postcode": "81375", "addr:housenumber": "35", "addr:country": null, "addr:city": null }, "geometry": { "type": "Point", "coordinates": [ 11.4918911, 48.1199231 ] } },
{ "type": "Feature", "properties": { "full_id": "n677195639", "osm_id": "677195639", "osm_type": "node", "wikipedia": null, "opening_hours:visitors": null, "name:en": null, "payment:coins": null, "full_name": null, "contact:twitter": null, "start_date": null, "old_name": null, "payment:lightning_contactless": null, "payment:lightning": null, "currency:XBT": null, "payment:v_pay": null, "layer": null, "addr:unit": null, "emergency": null, "payment:girocard_contactless": null, "payment:unionpay": null, "payment:paypal": null, "payment:maestro": null, "payment:jcb": null, "payment:ec": null, "payment:american_express": null, "payment:alipay": null, "wikidata": null, "operator:type": null, "official_name": null, "healthcare:speciality": null, "beds": null, "description": null, "wheelchair:description": null, "shop": null, "brand:wikipedia": null, "brand:wikidata": null, "brand": null, "branch": null, "addr:suburb": null, "payment:visa": null, "payment:mastercard": null, "payment:ec_cards": null, "wheelchair:description:de": null, "addr:housename": null, "toilets": null, "payment:qr_code": null, "payment:cards": null, "opening_hours:signed": null, "payment:girocard": null, "internet_access": null, "medical_system:western": null, "health_facility:type": null, "toilets:wheelchair": null, "contact:instagram": null, "contact:facebook": null, "payment:debit_cards": null, "payment:credit_cards": null, "addr:floor": null, "drive_through": null, "payment:cash": null, "contact:email": null, "contact:website": null, "owner": null, "contact:phone": null, "contact:fax": null, "name:de": null, "check_date": null, "fax": null, "wheelchair": "no", "check_date:opening_hours": null, "website": null, "phone": null, "operator": null, "opening_hours": "Mo-Fr 08:30-18:30; Sa 09:00-13:00", "name": "Senftenauer Apotheke", "level": null, "healthcare": "pharmacy", "email": null, "dispensing": null, "amenity": "pharmacy", "addr:street": null, "addr:postcode": null, "addr:housenumber": null, "addr:country": null, "addr:city": null }, "geometry": { "type": "Point", "coordinates": [ 11.4881884, 48.1299419 ] } },
{ "type": "Feature", "properties": { "full_id": "n939517972", "osm_id": "939517972", "osm_type": "node", "wikipedia": null, "opening_hours:visitors": null, "name:en": null, "payment:coins": null, "full_name": null, "contact:twitter": null, "start_date": null, "old_name": null, "payment:lightning_contactless": null, "payment:lightning": null, "currency:XBT": null, "payment:v_pay": null, "layer": null, "addr:unit": null, "emergency": null, "payment:girocard_contactless": null, "payment:unionpay": null, "payment:paypal": null, "payment:maestro": null, "payment:jcb": null, "payment:ec": null, "payment:american_express": null, "payment:alipay": null, "wikidata": null, "operator:type": null, "official_name": null, "healthcare:speciality": null, "beds": null, "description": null, "wheelchair:description": null, "shop": null, "brand:wikipedia": null, "brand:wikidata": null, "brand": null, "branch": null, "addr:suburb": null, "payment:visa": null, "payment:mastercard": null, "payment:ec_cards": null, "wheelchair:description:de": null, "addr:housename": null, "toilets": null, "payment:qr_code": null, "payment:cards": null, "opening_hours:signed": null, "payment:girocard": null, "internet_access": null, "medical_system:western": null, "health_facility:type": null, "toilets:wheelchair": null, "contact:instagram": null, "contact:facebook": null, "payment:debit_cards": null, "payment:credit_cards": null, "addr:floor": null, "drive_through": null, "payment:cash": null, "contact:email": null, "contact:website": null, "owner": null, "contact:phone": null, "contact:fax": null, "name:de": null, "check_date": "2025-03-10", "fax": null, "wheelchair": "limited", "check_date:opening_hours": "2025-03-10", "website": null, "phone": null, "operator": null, "opening_hours": "Mo-Fr 08:30-13:00,14:30-18:30; Sa 08:30-13:00", "name": "ST Hedwig Apotheke", "level": null, "healthcare": "pharmacy", "email": null, "dispensing": null, "amenity": "pharmacy", "addr:street": null, "addr:postcode": null, "addr:housenumber": null, "addr:country": null, "addr:city": null }, "geometry": { "type": "Point", "coordinates": [ 11.5031056, 48.1272653 ] } },
{ "type": "Feature", "properties": { "full_id": "n2495954403", "osm_id": "2495954403", "osm_type": "node", "wikipedia": null, "opening_hours:visitors": null, "name:en": null, "payment:coins": null, "full_name": null, "contact:twitter": null, "start_date": null, "old_name": null, "payment:lightning_contactless": null, "payment:lightning": null, "currency:XBT": null, "payment:v_pay": null, "layer": null, "addr:unit": null, "emergency": null, "payment:girocard_contactless": null, "payment:unionpay": null, "payment:paypal": null, "payment:maestro": null, "payment:jcb": null, "payment:ec": null, "payment:american_express": null, "payment:alipay": null, "wikidata": null, "operator:type": null, "official_name": null, "healthcare:speciality": null, "beds": null, "description": null, "wheelchair:description": null, "shop": null, "brand:wikipedia": null, "brand:wikidata": null, "brand": null, "branch": null, "addr:suburb": null, "payment:visa": null, "payment:mastercard": null, "payment:ec_cards": null, "wheelchair:description:de": null, "addr:housename": null, "toilets": null, "payment:qr_code": null, "payment:cards": null, "opening_hours:signed": null, "payment:girocard": null, "internet_access": null, "medical_system:western": null, "health_facility:type": null, "toilets:wheelchair": null, "contact:instagram": null, "contact:facebook": null, "payment:debit_cards": null, "payment:credit_cards": null, "addr:floor": null, "drive_through": null, "payment:cash": null, "contact:email": null, "contact:website": "https://www.apotheke-willibaldplatz.de/", "owner": null, "contact:phone": null, "contact:fax": null, "name:de": null, "check_date": null, "fax": null, "wheelchair": "yes", "check_date:opening_hours": "2026-01-01", "website": null, "phone": null, "operator": null, "opening_hours": "Mo-Fr 08:30-18:30; Sa 09:00-13:00", "name": "Apotheke am Willibaldplatz", "level": null, "healthcare": "pharmacy", "email": null, "dispensing": null, "amenity": "pharmacy", "addr:street": null, "addr:postcode": null, "addr:housenumber": null, "addr:country": null, "addr:city": null }, "geometry": { "type": "Point", "coordinates": [ 11.4887064, 48.1410852 ] } },
{ "type": "Feature", "properties": { "full_id": "n616681961", "osm_id": "616681961", "osm_type": "node", "wikipedia": null, "opening_hours:visitors": null, "name:en": null, "payment:coins": null, "full_name": null, "contact:twitter": null, "start_date": null, "old_name": null, "payment:lightning_contactless": null, "payment:lightning": null, "currency:XBT": null, "payment:v_pay": null, "layer": null, "addr:unit": null, "emergency": null, "payment:girocard_contactless": null, "payment:unionpay": null, "payment:paypal": null, "payment:maestro": null, "payment:jcb": null, "payment:ec": null, "payment:american_express": null, "payment:alipay": null, "wikidata": null, "operator:type": null, "official_name": null, "healthcare:speciality": null, "beds": null, "description": null, "wheelchair:description": null, "shop": null, "brand:wikipedia": null, "brand:wikidata": null, "brand": null, "branch": null, "addr:suburb": null, "payment:visa": null, "payment:mastercard": null, "payment:ec_cards": null, "wheelchair:description:de": null, "addr:housename": null, "toilets": null, "payment:qr_code": null, "payment:cards": null, "opening_hours:signed": null, "payment:girocard": null, "internet_access": null, "medical_system:western": null, "health_facility:type": null, "toilets:wheelchair": null, "contact:instagram": "https://www.instagram.com/pharmaxx.de", "contact:facebook": "https://www.facebook.com/pharmaxx.de/", "payment:debit_cards": null, "payment:credit_cards": null, "addr:floor": null, "drive_through": null, "payment:cash": null, "contact:email": null, "contact:website": "https://stadt.muenchen.de/service/info/hahnenapotheke/10352472/", "owner": null, "contact:phone": null, "contact:fax": null, "name:de": null, "check_date": null, "fax": null, "wheelchair": "yes", "check_date:opening_hours": "2024-09-18", "website": null, "phone": "+49 89 563430", "operator": "Alfred Böhm e.K.", "opening_hours": "Mo-Fr 08:30-18:00; Sa 08:30-12:00", "name": "Hahnen Apotheke", "level": null, "healthcare": "pharmacy", "email": null, "dispensing": null, "amenity": "pharmacy", "addr:street": "Fürstenrieder Straße", "addr:postcode": "80686", "addr:housenumber": "65", "addr:country": null, "addr:city": "München" }, "geometry": { "type": "Point", "coordinates": [ 11.5033778, 48.1349573 ] } },
{ "type": "Feature", "properties": { "full_id": "n1528206790", "osm_id": "1528206790", "osm_type": "node", "wikipedia": null, "opening_hours:visitors": null, "name:en": null, "payment:coins": null, "full_name": null, "contact:twitter": null, "start_date": null, "old_name": null, "payment:lightning_contactless": null, "payment:lightning": null, "currency:XBT": null, "payment:v_pay": null, "layer": null, "addr:unit": null, "emergency": null, "payment:girocard_contactless": null, "payment:unionpay": null, "payment:paypal": null, "payment:maestro": null, "payment:jcb": null, "payment:ec": null, "payment:american_express": null, "payment:alipay": null, "wikidata": null, "operator:type": null, "official_name": null, "healthcare:speciality": null, "beds": null, "description": null, "wheelchair:description": null, "shop": null, "brand:wikipedia": null, "brand:wikidata": null, "brand": null, "branch": null, "addr:suburb": null, "payment:visa": null, "payment:mastercard": null, "payment:ec_cards": null, "wheelchair:description:de": null, "addr:housename": null, "toilets": null, "payment:qr_code": null, "payment:cards": null, "opening_hours:signed": null, "payment:girocard": null, "internet_access": null, "medical_system:western": null, "health_facility:type": null, "toilets:wheelchair": null, "contact:instagram": null, "contact:facebook": null, "payment:debit_cards": null, "payment:credit_cards": null, "addr:floor": null, "drive_through": null, "payment:cash": null, "contact:email": null, "contact:website": null, "owner": null, "contact:phone": null, "contact:fax": null, "name:de": null, "check_date": null, "fax": null, "wheelchair": "no", "check_date:opening_hours": "2026-04-29", "website": null, "phone": null, "operator": null, "opening_hours": "Mo-Fr 08:30-19:00; Sa 08:30-14:00", "name": "Stefans Apotheke", "level": null, "healthcare": "pharmacy", "email": null, "dispensing": null, "amenity": "pharmacy", "addr:street": null, "addr:postcode": null, "addr:housenumber": null, "addr:country": null, "addr:city": null }, "geometry": { "type": "Point", "coordinates": [ 11.5026836, 48.1367652 ] } },
{ "type": "Feature", "properties": { "full_id": "n1528208269", "osm_id": "1528208269", "osm_type": "node", "wikipedia": null, "opening_hours:visitors": null, "name:en": null, "payment:coins": null, "full_name": null, "contact:twitter": null, "start_date": null, "old_name": null, "payment:lightning_contactless": null, "payment:lightning": null, "currency:XBT": null, "payment:v_pay": null, "layer": null, "addr:unit": null, "emergency": null, "payment:girocard_contactless": null, "payment:unionpay": null, "payment:paypal": null, "payment:maestro": null, "payment:jcb": null, "payment:ec": null, "payment:american_express": null, "payment:alipay": null, "wikidata": null, "operator:type": null, "official_name": null, "healthcare:speciality": null, "beds": null, "description": null, "wheelchair:description": null, "shop": null, "brand:wikipedia": null, "brand:wikidata": null, "brand": null, "branch": null, "addr:suburb": null, "payment:visa": null, "payment:mastercard": null, "payment:ec_cards": null, "wheelchair:description:de": null, "addr:housename": null, "toilets": null, "payment:qr_code": null, "payment:cards": null, "opening_hours:signed": null, "payment:girocard": null, "internet_access": null, "medical_system:western": null, "health_facility:type": null, "toilets:wheelchair": null, "contact:instagram": null, "contact:facebook": null, "payment:debit_cards": null, "payment:credit_cards": null, "addr:floor": null, "drive_through": null, "payment:cash": null, "contact:email": null, "contact:website": null, "owner": null, "contact:phone": null, "contact:fax": null, "name:de": null, "check_date": null, "fax": null, "wheelchair": null, "check_date:opening_hours": null, "website": null, "phone": null, "operator": null, "opening_hours": "Mo-Fr 09:00-18:30; Sa 09:00-13:00", "name": "Gloria Apotheke", "level": null, "healthcare": "pharmacy", "email": null, "dispensing": null, "amenity": "pharmacy", "addr:street": null, "addr:postcode": null, "addr:housenumber": null, "addr:country": null, "addr:city": null }, "geometry": { "type": "Point", "coordinates": [ 11.5033755, 48.1384289 ] } },
{ "type": "Feature", "properties": { "full_id": "n8395502887", "osm_id": "8395502887", "osm_type": "node", "wikipedia": null, "opening_hours:visitors": null, "name:en": null, "payment:coins": null, "full_name": null, "contact:twitter": null, "start_date": null, "old_name": null, "payment:lightning_contactless": null, "payment:lightning": null, "currency:XBT": null, "payment:v_pay": null, "layer": null, "addr:unit": null, "emergency": null, "payment:girocard_contactless": null, "payment:unionpay": null, "payment:paypal": null, "payment:maestro": null, "payment:jcb": null, "payment:ec": null, "payment:american_express": null, "payment:alipay": null, "wikidata": null, "operator:type": null, "official_name": null, "healthcare:speciality": null, "beds": null, "description": null, "wheelchair:description": null, "shop": null, "brand:wikipedia": null, "brand:wikidata": null, "brand": null, "branch": null, "addr:suburb": null, "payment:visa": null, "payment:mastercard": null, "payment:ec_cards": null, "wheelchair:description:de": null, "addr:housename": null, "toilets": null, "payment:qr_code": null, "payment:cards": null, "opening_hours:signed": null, "payment:girocard": null, "internet_access": null, "medical_system:western": null, "health_facility:type": null, "toilets:wheelchair": null, "contact:instagram": null, "contact:facebook": null, "payment:debit_cards": null, "payment:credit_cards": null, "addr:floor": null, "drive_through": null, "payment:cash": null, "contact:email": null, "contact:website": null, "owner": null, "contact:phone": null, "contact:fax": null, "name:de": null, "check_date": null, "fax": null, "wheelchair": "yes", "check_date:opening_hours": null, "website": null, "phone": null, "operator": null, "opening_hours": "Mo-Fr 08:00-19:00; Sa 08:00-13:00", "name": "Hauptapotheke Laim", "level": null, "healthcare": "pharmacy", "email": null, "dispensing": null, "amenity": "pharmacy", "addr:street": null, "addr:postcode": null, "addr:housenumber": null, "addr:country": null, "addr:city": null }, "geometry": { "type": "Point", "coordinates": [ 11.5026612, 48.1358716 ] } },
{ "type": "Feature", "properties": { "full_id": "n567074004", "osm_id": "567074004", "osm_type": "node", "wikipedia": null, "opening_hours:visitors": null, "name:en": null, "payment:coins": null, "full_name": null, "contact:twitter": null, "start_date": null, "old_name": null, "payment:lightning_contactless": null, "payment:lightning": null, "currency:XBT": null, "payment:v_pay": null, "layer": null, "addr:unit": null, "emergency": null, "payment:girocard_contactless": null, "payment:unionpay": null, "payment:paypal": null, "payment:maestro": null, "payment:jcb": null, "payment:ec": null, "payment:american_express": null, "payment:alipay": null, "wikidata": null, "operator:type": null, "official_name": null, "healthcare:speciality": null, "beds": null, "description": null, "wheelchair:description": null, "shop": null, "brand:wikipedia": null, "brand:wikidata": null, "brand": null, "branch": null, "addr:suburb": null, "payment:visa": null, "payment:mastercard": null, "payment:ec_cards": null, "wheelchair:description:de": null, "addr:housename": null, "toilets": null, "payment:qr_code": null, "payment:cards": null, "opening_hours:signed": null, "payment:girocard": null, "internet_access": null, "medical_system:western": null, "health_facility:type": null, "toilets:wheelchair": null, "contact:instagram": null, "contact:facebook": null, "payment:debit_cards": null, "payment:credit_cards": null, "addr:floor": null, "drive_through": null, "payment:cash": null, "contact:email": null, "contact:website": null, "owner": null, "contact:phone": null, "contact:fax": null, "name:de": null, "check_date": null, "fax": null, "wheelchair": "no", "check_date:opening_hours": "2023-04-30", "website": null, "phone": null, "operator": null, "opening_hours": "Mo-Fr 08:30-18:30; Sa 08:30-12:30", "name": "Fontane Apotheke", "level": null, "healthcare": "pharmacy", "email": null, "dispensing": null, "amenity": "pharmacy", "addr:street": "Von-der-Pfordten-Straße", "addr:postcode": "80687", "addr:housenumber": "1", "addr:country": null, "addr:city": null }, "geometry": { "type": "Point", "coordinates": [ 11.4969664, 48.1432301 ] } },
{ "type": "Feature", "properties": { "full_id": "n1144619694", "osm_id": "1144619694", "osm_type": "node", "wikipedia": null, "opening_hours:visitors": null, "name:en": null, "payment:coins": null, "full_name": null, "contact:twitter": null, "start_date": null, "old_name": null, "payment:lightning_contactless": null, "payment:lightning": null, "currency:XBT": null, "payment:v_pay": null, "layer": null, "addr:unit": null, "emergency": null, "payment:girocard_contactless": null, "payment:unionpay": null, "payment:paypal": null, "payment:maestro": null, "payment:jcb": null, "payment:ec": null, "payment:american_express": null, "payment:alipay": null, "wikidata": null, "operator:type": null, "official_name": null, "healthcare:speciality": null, "beds": null, "description": null, "wheelchair:description": null, "shop": null, "brand:wikipedia": null, "brand:wikidata": null, "brand": null, "branch": null, "addr:suburb": null, "payment:visa": null, "payment:mastercard": null, "payment:ec_cards": null, "wheelchair:description:de": null, "addr:housename": null, "toilets": null, "payment:qr_code": null, "payment:cards": null, "opening_hours:signed": null, "payment:girocard": null, "internet_access": null, "medical_system:western": null, "health_facility:type": null, "toilets:wheelchair": null, "contact:instagram": null, "contact:facebook": null, "payment:debit_cards": null, "payment:credit_cards": null, "addr:floor": null, "drive_through": null, "payment:cash": null, "contact:email": null, "contact:website": null, "owner": null, "contact:phone": null, "contact:fax": null, "name:de": null, "check_date": null, "fax": null, "wheelchair": "yes", "check_date:opening_hours": null, "website": "https://www.agricolaapo.de/", "phone": null, "operator": null, "opening_hours": "Mo-Fr 08:30-19:00; Sa 08:30-13:00", "name": "Agricola Apotheke", "level": null, "healthcare": "pharmacy", "email": null, "dispensing": "yes", "amenity": "pharmacy", "addr:street": "Agnes-Bernauer-Straße", "addr:postcode": "80687", "addr:housenumber": "122", "addr:country": null, "addr:city": "München" }, "geometry": { "type": "Point", "coordinates": [ 11.495939, 48.1400611 ] } },
{ "type": "Feature", "properties": { "full_id": "n1528230607", "osm_id": "1528230607", "osm_type": "node", "wikipedia": null, "opening_hours:visitors": null, "name:en": null, "payment:coins": null, "full_name": null, "contact:twitter": null, "start_date": null, "old_name": null, "payment:lightning_contactless": null, "payment:lightning": null, "currency:XBT": null, "payment:v_pay": null, "layer": null, "addr:unit": null, "emergency": null, "payment:girocard_contactless": null, "payment:unionpay": null, "payment:paypal": null, "payment:maestro": null, "payment:jcb": null, "payment:ec": null, "payment:american_express": null, "payment:alipay": null, "wikidata": null, "operator:type": null, "official_name": null, "healthcare:speciality": null, "beds": null, "description": null, "wheelchair:description": null, "shop": null, "brand:wikipedia": null, "brand:wikidata": null, "brand": null, "branch": null, "addr:suburb": null, "payment:visa": null, "payment:mastercard": null, "payment:ec_cards": null, "wheelchair:description:de": null, "addr:housename": null, "toilets": null, "payment:qr_code": null, "payment:cards": null, "opening_hours:signed": null, "payment:girocard": null, "internet_access": null, "medical_system:western": null, "health_facility:type": null, "toilets:wheelchair": null, "contact:instagram": null, "contact:facebook": null, "payment:debit_cards": null, "payment:credit_cards": null, "addr:floor": null, "drive_through": null, "payment:cash": null, "contact:email": null, "contact:website": "https://www.stulrichs-apo.de/", "owner": null, "contact:phone": "+49 89 562 907", "contact:fax": null, "name:de": null, "check_date": null, "fax": null, "wheelchair": "no", "check_date:opening_hours": "2022-09-13", "website": null, "phone": null, "operator": "Saeed Nosrati e.K.", "opening_hours": "Mo-Fr 08:30-18:30; Sa 08:00-13:00", "name": "St. Ulrichs Apotheke", "level": null, "healthcare": "pharmacy", "email": null, "dispensing": null, "amenity": "pharmacy", "addr:street": "Fürstenrieder Straße", "addr:postcode": "80687", "addr:housenumber": "24", "addr:country": "DE", "addr:city": null }, "geometry": { "type": "Point", "coordinates": [ 11.5028644, 48.1400338 ] } },
{ "type": "Feature", "properties": { "full_id": "n313284024", "osm_id": "313284024", "osm_type": "node", "wikipedia": null, "opening_hours:visitors": null, "name:en": null, "payment:coins": null, "full_name": null, "contact:twitter": null, "start_date": null, "old_name": null, "payment:lightning_contactless": null, "payment:lightning": null, "currency:XBT": null, "payment:v_pay": null, "layer": null, "addr:unit": null, "emergency": null, "payment:girocard_contactless": null, "payment:unionpay": null, "payment:paypal": null, "payment:maestro": null, "payment:jcb": null, "payment:ec": null, "payment:american_express": null, "payment:alipay": null, "wikidata": null, "operator:type": null, "official_name": null, "healthcare:speciality": null, "beds": null, "description": null, "wheelchair:description": null, "shop": null, "brand:wikipedia": null, "brand:wikidata": null, "brand": null, "branch": null, "addr:suburb": null, "payment:visa": null, "payment:mastercard": null, "payment:ec_cards": null, "wheelchair:description:de": null, "addr:housename": null, "toilets": null, "payment:qr_code": null, "payment:cards": null, "opening_hours:signed": null, "payment:girocard": null, "internet_access": null, "medical_system:western": null, "health_facility:type": null, "toilets:wheelchair": "no", "contact:instagram": null, "contact:facebook": null, "payment:debit_cards": null, "payment:credit_cards": null, "addr:floor": null, "drive_through": null, "payment:cash": null, "contact:email": null, "contact:website": null, "owner": null, "contact:phone": null, "contact:fax": null, "name:de": null, "check_date": "2025-12-20", "fax": null, "wheelchair": "no", "check_date:opening_hours": null, "website": "https://www.baerenapotheke-muenchen.de/", "phone": "+49 89 7605576", "operator": "Claudia Remde", "opening_hours": "Mo-Fr 08:30-18:30; Sa 08:30-12:30", "name": "Bären-Apotheke", "level": null, "healthcare": "pharmacy", "email": "bestellung@baerenapotheke-muenchen.com", "dispensing": "yes", "amenity": "pharmacy", "addr:street": "Hinterbärenbadstraße", "addr:postcode": "81373", "addr:housenumber": "20a", "addr:country": "DE", "addr:city": "München" }, "geometry": { "type": "Point", "coordinates": [ 11.5279638, 48.1207166 ] } },
{ "type": "Feature", "properties": { "full_id": "n939553859", "osm_id": "939553859", "osm_type": "node", "wikipedia": null, "opening_hours:visitors": null, "name:en": null, "payment:coins": null, "full_name": null, "contact:twitter": null, "start_date": null, "old_name": null, "payment:lightning_contactless": null, "payment:lightning": null, "currency:XBT": null, "payment:v_pay": null, "layer": null, "addr:unit": null, "emergency": null, "payment:girocard_contactless": null, "payment:unionpay": null, "payment:paypal": null, "payment:maestro": null, "payment:jcb": null, "payment:ec": null, "payment:american_express": null, "payment:alipay": null, "wikidata": null, "operator:type": null, "official_name": null, "healthcare:speciality": null, "beds": null, "description": null, "wheelchair:description": null, "shop": null, "brand:wikipedia": null, "brand:wikidata": null, "brand": null, "branch": null, "addr:suburb": null, "payment:visa": null, "payment:mastercard": null, "payment:ec_cards": null, "wheelchair:description:de": null, "addr:housename": null, "toilets": null, "payment:qr_code": null, "payment:cards": null, "opening_hours:signed": null, "payment:girocard": null, "internet_access": null, "medical_system:western": null, "health_facility:type": null, "toilets:wheelchair": null, "contact:instagram": null, "contact:facebook": null, "payment:debit_cards": null, "payment:credit_cards": null, "addr:floor": null, "drive_through": null, "payment:cash": null, "contact:email": null, "contact:website": null, "owner": null, "contact:phone": null, "contact:fax": null, "name:de": null, "check_date": null, "fax": null, "wheelchair": "limited", "check_date:opening_hours": null, "website": "https://www.ab-apo.de/", "phone": "+49 89 575 316", "operator": null, "opening_hours": "Mo-Fr 08:30-18:30, Sa 08:30-13:00; Su, PH off", "name": "Agnes-Bernauer-Apotheke", "level": null, "healthcare": "pharmacy", "email": "ab-apo@gmx.de", "dispensing": null, "amenity": "pharmacy", "addr:street": null, "addr:postcode": null, "addr:housenumber": null, "addr:country": null, "addr:city": null }, "geometry": { "type": "Point", "coordinates": [ 11.5120857, 48.1393558 ] } },
{ "type": "Feature", "properties": { "full_id": "n288791873", "osm_id": "288791873", "osm_type": "node", "wikipedia": null, "opening_hours:visitors": null, "name:en": null, "payment:coins": null, "full_name": null, "contact:twitter": null, "start_date": null, "old_name": null, "payment:lightning_contactless": null, "payment:lightning": null, "currency:XBT": null, "payment:v_pay": null, "layer": null, "addr:unit": null, "emergency": null, "payment:girocard_contactless": null, "payment:unionpay": null, "payment:paypal": null, "payment:maestro": null, "payment:jcb": null, "payment:ec": null, "payment:american_express": null, "payment:alipay": null, "wikidata": null, "operator:type": null, "official_name": null, "healthcare:speciality": null, "beds": null, "description": null, "wheelchair:description": null, "shop": null, "brand:wikipedia": null, "brand:wikidata": null, "brand": null, "branch": null, "addr:suburb": null, "payment:visa": null, "payment:mastercard": null, "payment:ec_cards": null, "wheelchair:description:de": null, "addr:housename": null, "toilets": null, "payment:qr_code": null, "payment:cards": null, "opening_hours:signed": null, "payment:girocard": null, "internet_access": null, "medical_system:western": null, "health_facility:type": null, "toilets:wheelchair": null, "contact:instagram": null, "contact:facebook": null, "payment:debit_cards": null, "payment:credit_cards": null, "addr:floor": "0", "drive_through": null, "payment:cash": null, "contact:email": null, "contact:website": null, "owner": null, "contact:phone": null, "contact:fax": null, "name:de": null, "check_date": "2025-11-25", "fax": null, "wheelchair": "no", "check_date:opening_hours": "2023-04-26", "website": null, "phone": null, "operator": null, "opening_hours": "Mo-Fr 08:30-19:00; Sa 09:00-16:00", "name": "Apotheke West 4", "level": "0", "healthcare": "pharmacy", "email": null, "dispensing": null, "amenity": "pharmacy", "addr:street": "Elsenheimerstraße", "addr:postcode": null, "addr:housenumber": "49", "addr:country": null, "addr:city": null }, "geometry": { "type": "Point", "coordinates": [ 11.5228406, 48.1371996 ] } },
{ "type": "Feature", "properties": { "full_id": "n9280872840", "osm_id": "9280872840", "osm_type": "node", "wikipedia": null, "opening_hours:visitors": null, "name:en": null, "payment:coins": null, "full_name": null, "contact:twitter": null, "start_date": null, "old_name": null, "payment:lightning_contactless": null, "payment:lightning": null, "currency:XBT": null, "payment:v_pay": null, "layer": null, "addr:unit": null, "emergency": null, "payment:girocard_contactless": null, "payment:unionpay": null, "payment:paypal": null, "payment:maestro": null, "payment:jcb": null, "payment:ec": null, "payment:american_express": null, "payment:alipay": null, "wikidata": null, "operator:type": null, "official_name": null, "healthcare:speciality": null, "beds": null, "description": null, "wheelchair:description": null, "shop": null, "brand:wikipedia": null, "brand:wikidata": null, "brand": null, "branch": null, "addr:suburb": null, "payment:visa": null, "payment:mastercard": null, "payment:ec_cards": null, "wheelchair:description:de": null, "addr:housename": null, "toilets": null, "payment:qr_code": null, "payment:cards": null, "opening_hours:signed": null, "payment:girocard": null, "internet_access": null, "medical_system:western": null, "health_facility:type": null, "toilets:wheelchair": null, "contact:instagram": null, "contact:facebook": null, "payment:debit_cards": null, "payment:credit_cards": null, "addr:floor": null, "drive_through": "no", "payment:cash": null, "contact:email": null, "contact:website": null, "owner": null, "contact:phone": null, "contact:fax": null, "name:de": null, "check_date": null, "fax": null, "wheelchair": null, "check_date:opening_hours": "2024-06-09", "website": null, "phone": null, "operator": null, "opening_hours": "Mo-Fr 08:00-18:30; Sa 08:30-13:30", "name": "MUC Apotheke", "level": null, "healthcare": "pharmacy", "email": null, "dispensing": "yes", "amenity": "pharmacy", "addr:street": "Tübinger Straße", "addr:postcode": "80686", "addr:housenumber": "3", "addr:country": null, "addr:city": "München" }, "geometry": { "type": "Point", "coordinates": [ 11.5247516, 48.1338206 ] } },
{ "type": "Feature", "properties": { "full_id": "n1102436623", "osm_id": "1102436623", "osm_type": "node", "wikipedia": null, "opening_hours:visitors": null, "name:en": null, "payment:coins": null, "full_name": null, "contact:twitter": null, "start_date": null, "old_name": null, "payment:lightning_contactless": null, "payment:lightning": null, "currency:XBT": null, "payment:v_pay": null, "layer": null, "addr:unit": null, "emergency": null, "payment:girocard_contactless": null, "payment:unionpay": null, "payment:paypal": null, "payment:maestro": null, "payment:jcb": null, "payment:ec": null, "payment:american_express": null, "payment:alipay": null, "wikidata": null, "operator:type": null, "official_name": null, "healthcare:speciality": null, "beds": null, "description": null, "wheelchair:description": null, "shop": null, "brand:wikipedia": null, "brand:wikidata": null, "brand": null, "branch": null, "addr:suburb": null, "payment:visa": null, "payment:mastercard": null, "payment:ec_cards": null, "wheelchair:description:de": null, "addr:housename": null, "toilets": null, "payment:qr_code": null, "payment:cards": null, "opening_hours:signed": null, "payment:girocard": null, "internet_access": null, "medical_system:western": null, "health_facility:type": null, "toilets:wheelchair": null, "contact:instagram": null, "contact:facebook": null, "payment:debit_cards": null, "payment:credit_cards": null, "addr:floor": null, "drive_through": null, "payment:cash": null, "contact:email": null, "contact:website": "https://www.apotheke-am-hauptzollamt.de", "owner": null, "contact:phone": "+49 89 54070309", "contact:fax": null, "name:de": null, "check_date": null, "fax": null, "wheelchair": "yes", "check_date:opening_hours": null, "website": null, "phone": null, "operator": null, "opening_hours": "Mo-Fr 08:30-18:30; Sa 08:30-12:30", "name": "Apotheke am Hauptzollamt", "level": null, "healthcare": "pharmacy", "email": null, "dispensing": null, "amenity": "pharmacy", "addr:street": "Landsberger Straße", "addr:postcode": "80339", "addr:housenumber": "113", "addr:country": "DE", "addr:city": "München" }, "geometry": { "type": "Point", "coordinates": [ 11.5327233, 48.1399024 ] } },
{ "type": "Feature", "properties": { "full_id": "n1919818015", "osm_id": "1919818015", "osm_type": "node", "wikipedia": null, "opening_hours:visitors": null, "name:en": null, "payment:coins": null, "full_name": null, "contact:twitter": null, "start_date": null, "old_name": null, "payment:lightning_contactless": null, "payment:lightning": null, "currency:XBT": null, "payment:v_pay": null, "layer": null, "addr:unit": null, "emergency": null, "payment:girocard_contactless": null, "payment:unionpay": null, "payment:paypal": null, "payment:maestro": null, "payment:jcb": null, "payment:ec": null, "payment:american_express": null, "payment:alipay": null, "wikidata": null, "operator:type": null, "official_name": null, "healthcare:speciality": null, "beds": null, "description": null, "wheelchair:description": null, "shop": null, "brand:wikipedia": null, "brand:wikidata": null, "brand": null, "branch": null, "addr:suburb": null, "payment:visa": null, "payment:mastercard": null, "payment:ec_cards": null, "wheelchair:description:de": null, "addr:housename": null, "toilets": null, "payment:qr_code": null, "payment:cards": null, "opening_hours:signed": null, "payment:girocard": null, "internet_access": null, "medical_system:western": null, "health_facility:type": null, "toilets:wheelchair": null, "contact:instagram": null, "contact:facebook": null, "payment:debit_cards": null, "payment:credit_cards": null, "addr:floor": null, "drive_through": null, "payment:cash": null, "contact:email": null, "contact:website": null, "owner": null, "contact:phone": null, "contact:fax": null, "name:de": null, "check_date": null, "fax": null, "wheelchair": null, "check_date:opening_hours": "2025-11-02", "website": null, "phone": null, "operator": null, "opening_hours": "Mo-Fr 08:30-13:00,14:00-18:30; Sa 08:30-12:30", "name": "Riesenburg Apotheke", "level": null, "healthcare": "pharmacy", "email": null, "dispensing": null, "amenity": "pharmacy", "addr:street": null, "addr:postcode": null, "addr:housenumber": null, "addr:country": null, "addr:city": null }, "geometry": { "type": "Point", "coordinates": [ 11.4135153, 48.1502554 ] } },
{ "type": "Feature", "properties": { "full_id": "n3294246861", "osm_id": "3294246861", "osm_type": "node", "wikipedia": null, "opening_hours:visitors": null, "name:en": null, "payment:coins": null, "full_name": null, "contact:twitter": null, "start_date": null, "old_name": null, "payment:lightning_contactless": null, "payment:lightning": null, "currency:XBT": null, "payment:v_pay": null, "layer": null, "addr:unit": null, "emergency": null, "payment:girocard_contactless": null, "payment:unionpay": null, "payment:paypal": null, "payment:maestro": null, "payment:jcb": null, "payment:ec": null, "payment:american_express": null, "payment:alipay": null, "wikidata": null, "operator:type": null, "official_name": null, "healthcare:speciality": null, "beds": null, "description": null, "wheelchair:description": null, "shop": null, "brand:wikipedia": null, "brand:wikidata": null, "brand": null, "branch": null, "addr:suburb": null, "payment:visa": null, "payment:mastercard": null, "payment:ec_cards": null, "wheelchair:description:de": null, "addr:housename": null, "toilets": null, "payment:qr_code": null, "payment:cards": null, "opening_hours:signed": null, "payment:girocard": null, "internet_access": null, "medical_system:western": null, "health_facility:type": null, "toilets:wheelchair": null, "contact:instagram": null, "contact:facebook": null, "payment:debit_cards": null, "payment:credit_cards": null, "addr:floor": null, "drive_through": null, "payment:cash": null, "contact:email": null, "contact:website": null, "owner": null, "contact:phone": null, "contact:fax": null, "name:de": null, "check_date": null, "fax": null, "wheelchair": "limited", "check_date:opening_hours": "2021-08-10", "website": "https://www.alto-apotheke.de", "phone": null, "operator": "Wolfgang Danzl", "opening_hours": "Mo-Fr 08:00-19:00; Sa 08:00-13:00", "name": "St. Alto Apotheke", "level": null, "healthcare": "pharmacy", "email": null, "dispensing": null, "amenity": "pharmacy", "addr:street": "Altostraße", "addr:postcode": "81245", "addr:housenumber": "14", "addr:country": "DE", "addr:city": "München" }, "geometry": { "type": "Point", "coordinates": [ 11.4157407, 48.1575318 ] } },
{ "type": "Feature", "properties": { "full_id": "n243727149", "osm_id": "243727149", "osm_type": "node", "wikipedia": null, "opening_hours:visitors": null, "name:en": null, "payment:coins": null, "full_name": null, "contact:twitter": null, "start_date": null, "old_name": null, "payment:lightning_contactless": null, "payment:lightning": null, "currency:XBT": null, "payment:v_pay": null, "layer": null, "addr:unit": null, "emergency": null, "payment:girocard_contactless": null, "payment:unionpay": null, "payment:paypal": null, "payment:maestro": null, "payment:jcb": null, "payment:ec": null, "payment:american_express": null, "payment:alipay": null, "wikidata": null, "operator:type": null, "official_name": null, "healthcare:speciality": null, "beds": null, "description": null, "wheelchair:description": null, "shop": null, "brand:wikipedia": null, "brand:wikidata": null, "brand": null, "branch": null, "addr:suburb": null, "payment:visa": null, "payment:mastercard": null, "payment:ec_cards": null, "wheelchair:description:de": null, "addr:housename": null, "toilets": null, "payment:qr_code": null, "payment:cards": null, "opening_hours:signed": null, "payment:girocard": null, "internet_access": null, "medical_system:western": null, "health_facility:type": null, "toilets:wheelchair": null, "contact:instagram": null, "contact:facebook": null, "payment:debit_cards": null, "payment:credit_cards": null, "addr:floor": null, "drive_through": null, "payment:cash": null, "contact:email": null, "contact:website": null, "owner": null, "contact:phone": null, "contact:fax": null, "name:de": null, "check_date": null, "fax": null, "wheelchair": "limited", "check_date:opening_hours": "2026-03-27", "website": null, "phone": null, "operator": null, "opening_hours": "Mo-Fr 08:30-18:30; Sa 08:30-13:00", "name": "Ubo Apotheke", "level": null, "healthcare": "pharmacy", "email": null, "dispensing": null, "amenity": "pharmacy", "addr:street": "Limesstraße", "addr:postcode": "81243", "addr:housenumber": "33", "addr:country": "DE", "addr:city": "München" }, "geometry": { "type": "Point", "coordinates": [ 11.4202536, 48.1513334 ] } },
{ "type": "Feature", "properties": { "full_id": "n854428230", "osm_id": "854428230", "osm_type": "node", "wikipedia": null, "opening_hours:visitors": null, "name:en": null, "payment:coins": null, "full_name": null, "contact:twitter": null, "start_date": null, "old_name": null, "payment:lightning_contactless": null, "payment:lightning": null, "currency:XBT": null, "payment:v_pay": null, "layer": null, "addr:unit": null, "emergency": null, "payment:girocard_contactless": null, "payment:unionpay": null, "payment:paypal": null, "payment:maestro": null, "payment:jcb": null, "payment:ec": null, "payment:american_express": null, "payment:alipay": null, "wikidata": null, "operator:type": null, "official_name": null, "healthcare:speciality": null, "beds": null, "description": null, "wheelchair:description": null, "shop": null, "brand:wikipedia": null, "brand:wikidata": null, "brand": null, "branch": null, "addr:suburb": null, "payment:visa": null, "payment:mastercard": null, "payment:ec_cards": null, "wheelchair:description:de": null, "addr:housename": null, "toilets": null, "payment:qr_code": null, "payment:cards": null, "opening_hours:signed": null, "payment:girocard": null, "internet_access": null, "medical_system:western": "yes", "health_facility:type": "pharmacy", "toilets:wheelchair": null, "contact:instagram": null, "contact:facebook": null, "payment:debit_cards": null, "payment:credit_cards": null, "addr:floor": null, "drive_through": null, "payment:cash": null, "contact:email": null, "contact:website": null, "owner": null, "contact:phone": null, "contact:fax": null, "name:de": null, "check_date": "2025-05-28", "fax": null, "wheelchair": "limited", "check_date:opening_hours": null, "website": null, "phone": null, "operator": null, "opening_hours": null, "name": "St. Quirin Apotheke", "level": null, "healthcare": "pharmacy", "email": null, "dispensing": "yes", "amenity": "pharmacy", "addr:street": "Ubostraße", "addr:postcode": "81245", "addr:housenumber": "65", "addr:country": "DE", "addr:city": "München" }, "geometry": { "type": "Point", "coordinates": [ 11.4135747, 48.1620154 ] } },
{ "type": "Feature", "properties": { "full_id": "n12707787502", "osm_id": "12707787502", "osm_type": "node", "wikipedia": null, "opening_hours:visitors": null, "name:en": null, "payment:coins": null, "full_name": null, "contact:twitter": null, "start_date": null, "old_name": null, "payment:lightning_contactless": null, "payment:lightning": null, "currency:XBT": null, "payment:v_pay": null, "layer": null, "addr:unit": null, "emergency": null, "payment:girocard_contactless": null, "payment:unionpay": null, "payment:paypal": null, "payment:maestro": null, "payment:jcb": null, "payment:ec": null, "payment:american_express": null, "payment:alipay": null, "wikidata": null, "operator:type": null, "official_name": null, "healthcare:speciality": null, "beds": null, "description": null, "wheelchair:description": null, "shop": null, "brand:wikipedia": null, "brand:wikidata": null, "brand": null, "branch": null, "addr:suburb": null, "payment:visa": null, "payment:mastercard": null, "payment:ec_cards": null, "wheelchair:description:de": null, "addr:housename": null, "toilets": null, "payment:qr_code": null, "payment:cards": null, "opening_hours:signed": null, "payment:girocard": null, "internet_access": null, "medical_system:western": null, "health_facility:type": null, "toilets:wheelchair": null, "contact:instagram": null, "contact:facebook": null, "payment:debit_cards": null, "payment:credit_cards": null, "addr:floor": null, "drive_through": null, "payment:cash": null, "contact:email": null, "contact:website": null, "owner": null, "contact:phone": null, "contact:fax": null, "name:de": null, "check_date": null, "fax": null, "wheelchair": null, "check_date:opening_hours": null, "website": null, "phone": null, "operator": null, "opening_hours": "Mo-Fr 08:00-19:00; Sa 08:00-13:00", "name": "Apotheke im Eichenhof", "level": null, "healthcare": "pharmacy", "email": null, "dispensing": null, "amenity": "pharmacy", "addr:street": "Ranertstraße", "addr:postcode": null, "addr:housenumber": "5", "addr:country": null, "addr:city": null }, "geometry": { "type": "Point", "coordinates": [ 11.4062852, 48.1784406 ] } },
{ "type": "Feature", "properties": { "full_id": "n186969956", "osm_id": "186969956", "osm_type": "node", "wikipedia": null, "opening_hours:visitors": null, "name:en": null, "payment:coins": null, "full_name": null, "contact:twitter": null, "start_date": null, "old_name": null, "payment:lightning_contactless": null, "payment:lightning": null, "currency:XBT": null, "payment:v_pay": null, "layer": null, "addr:unit": null, "emergency": null, "payment:girocard_contactless": null, "payment:unionpay": null, "payment:paypal": null, "payment:maestro": null, "payment:jcb": null, "payment:ec": null, "payment:american_express": null, "payment:alipay": null, "wikidata": null, "operator:type": null, "official_name": null, "healthcare:speciality": null, "beds": null, "description": null, "wheelchair:description": null, "shop": null, "brand:wikipedia": null, "brand:wikidata": null, "brand": null, "branch": null, "addr:suburb": null, "payment:visa": null, "payment:mastercard": null, "payment:ec_cards": null, "wheelchair:description:de": null, "addr:housename": null, "toilets": null, "payment:qr_code": null, "payment:cards": null, "opening_hours:signed": null, "payment:girocard": null, "internet_access": null, "medical_system:western": null, "health_facility:type": null, "toilets:wheelchair": null, "contact:instagram": null, "contact:facebook": null, "payment:debit_cards": null, "payment:credit_cards": null, "addr:floor": null, "drive_through": null, "payment:cash": null, "contact:email": null, "contact:website": "https://www.hellenstein-apotheke-app.de", "owner": null, "contact:phone": "+49 89 8714263", "contact:fax": "+49 89 86379470", "name:de": null, "check_date": null, "fax": null, "wheelchair": "no", "check_date:opening_hours": null, "website": null, "phone": null, "operator": "Dr. Friederike Schwarzer", "opening_hours": "Mo-Fr 08:30-19:00; Sa 08:30-12:30; PH off", "name": "Hellenstein Apotheke", "level": null, "healthcare": "pharmacy", "email": null, "dispensing": null, "amenity": "pharmacy", "addr:street": null, "addr:postcode": null, "addr:housenumber": null, "addr:country": null, "addr:city": null }, "geometry": { "type": "Point", "coordinates": [ 11.4353554, 48.151004 ] } },
{ "type": "Feature", "properties": { "full_id": "n201758605", "osm_id": "201758605", "osm_type": "node", "wikipedia": null, "opening_hours:visitors": null, "name:en": null, "payment:coins": null, "full_name": null, "contact:twitter": null, "start_date": null, "old_name": null, "payment:lightning_contactless": null, "payment:lightning": null, "currency:XBT": null, "payment:v_pay": null, "layer": null, "addr:unit": null, "emergency": null, "payment:girocard_contactless": null, "payment:unionpay": null, "payment:paypal": null, "payment:maestro": null, "payment:jcb": null, "payment:ec": null, "payment:american_express": null, "payment:alipay": null, "wikidata": null, "operator:type": null, "official_name": null, "healthcare:speciality": null, "beds": null, "description": null, "wheelchair:description": null, "shop": null, "brand:wikipedia": null, "brand:wikidata": null, "brand": null, "branch": null, "addr:suburb": null, "payment:visa": null, "payment:mastercard": null, "payment:ec_cards": null, "wheelchair:description:de": null, "addr:housename": null, "toilets": null, "payment:qr_code": null, "payment:cards": null, "opening_hours:signed": null, "payment:girocard": null, "internet_access": null, "medical_system:western": null, "health_facility:type": null, "toilets:wheelchair": null, "contact:instagram": null, "contact:facebook": null, "payment:debit_cards": null, "payment:credit_cards": null, "addr:floor": null, "drive_through": null, "payment:cash": null, "contact:email": "wawi@westkreuz-apotheke.de", "contact:website": "https://www.westkreuz-apotheke.de/", "owner": null, "contact:phone": "+49 89 8343620", "contact:fax": "+49 89 8968068", "name:de": null, "check_date": null, "fax": null, "wheelchair": "yes", "check_date:opening_hours": null, "website": null, "phone": null, "operator": "Dr. Afshin Ghasemi e.Kfm.", "opening_hours": "Mo-Fr 09:00-13:00,14:30-18:30; Sa 09:00-12:30", "name": "Westkreuz-Apotheke", "level": null, "healthcare": "pharmacy", "email": null, "dispensing": null, "amenity": "pharmacy", "addr:street": null, "addr:postcode": null, "addr:housenumber": null, "addr:country": null, "addr:city": null }, "geometry": { "type": "Point", "coordinates": [ 11.4345377, 48.1492335 ] } },
{ "type": "Feature", "properties": { "full_id": "n2387860558", "osm_id": "2387860558", "osm_type": "node", "wikipedia": null, "opening_hours:visitors": null, "name:en": null, "payment:coins": null, "full_name": null, "contact:twitter": null, "start_date": null, "old_name": null, "payment:lightning_contactless": null, "payment:lightning": null, "currency:XBT": null, "payment:v_pay": null, "layer": null, "addr:unit": null, "emergency": null, "payment:girocard_contactless": null, "payment:unionpay": null, "payment:paypal": null, "payment:maestro": null, "payment:jcb": null, "payment:ec": null, "payment:american_express": null, "payment:alipay": null, "wikidata": null, "operator:type": null, "official_name": null, "healthcare:speciality": null, "beds": null, "description": null, "wheelchair:description": null, "shop": null, "brand:wikipedia": null, "brand:wikidata": null, "brand": null, "branch": null, "addr:suburb": null, "payment:visa": null, "payment:mastercard": null, "payment:ec_cards": null, "wheelchair:description:de": null, "addr:housename": null, "toilets": null, "payment:qr_code": null, "payment:cards": null, "opening_hours:signed": null, "payment:girocard": null, "internet_access": null, "medical_system:western": null, "health_facility:type": null, "toilets:wheelchair": null, "contact:instagram": null, "contact:facebook": null, "payment:debit_cards": null, "payment:credit_cards": null, "addr:floor": null, "drive_through": null, "payment:cash": null, "contact:email": null, "contact:website": "https://www.aurora-apotheke.de", "owner": null, "contact:phone": "+49 89 834 82 70", "contact:fax": null, "name:de": null, "check_date": "2024-09-30", "fax": null, "wheelchair": "yes", "check_date:opening_hours": null, "website": null, "phone": null, "operator": "Ursula Martinoff", "opening_hours": "Mo-Fr 07:30-18:30; Sa 08:00-12:30", "name": "Aurora Apotheke", "level": null, "healthcare": "pharmacy", "email": null, "dispensing": null, "amenity": "pharmacy", "addr:street": "Lortzingstraße", "addr:postcode": "81241", "addr:housenumber": "26", "addr:country": "DE", "addr:city": null }, "geometry": { "type": "Point", "coordinates": [ 11.455563, 48.1496525 ] } },
{ "type": "Feature", "properties": { "full_id": "n1998649730", "osm_id": "1998649730", "osm_type": "node", "wikipedia": null, "opening_hours:visitors": null, "name:en": null, "payment:coins": null, "full_name": null, "contact:twitter": null, "start_date": null, "old_name": null, "payment:lightning_contactless": null, "payment:lightning": null, "currency:XBT": null, "payment:v_pay": null, "layer": null, "addr:unit": null, "emergency": null, "payment:girocard_contactless": null, "payment:unionpay": null, "payment:paypal": null, "payment:maestro": null, "payment:jcb": null, "payment:ec": null, "payment:american_express": null, "payment:alipay": null, "wikidata": null, "operator:type": null, "official_name": null, "healthcare:speciality": null, "beds": null, "description": null, "wheelchair:description": null, "shop": null, "brand:wikipedia": null, "brand:wikidata": null, "brand": null, "branch": null, "addr:suburb": null, "payment:visa": null, "payment:mastercard": null, "payment:ec_cards": null, "wheelchair:description:de": null, "addr:housename": null, "toilets": null, "payment:qr_code": null, "payment:cards": null, "opening_hours:signed": null, "payment:girocard": null, "internet_access": null, "medical_system:western": null, "health_facility:type": null, "toilets:wheelchair": null, "contact:instagram": null, "contact:facebook": null, "payment:debit_cards": null, "payment:credit_cards": null, "addr:floor": null, "drive_through": null, "payment:cash": null, "contact:email": null, "contact:website": null, "owner": null, "contact:phone": null, "contact:fax": null, "name:de": null, "check_date": null, "fax": null, "wheelchair": "yes", "check_date:opening_hours": "2024-01-03", "website": null, "phone": null, "operator": null, "opening_hours": "Sa 09:00-13:00; Mo-Fr 09:00-13:00,14:00-18:00", "name": "Bienen Apotheke", "level": null, "healthcare": "pharmacy", "email": null, "dispensing": null, "amenity": "pharmacy", "addr:street": null, "addr:postcode": null, "addr:housenumber": null, "addr:country": null, "addr:city": null }, "geometry": { "type": "Point", "coordinates": [ 11.4445552, 48.1609363 ] } },
{ "type": "Feature", "properties": { "full_id": "n209171906", "osm_id": "209171906", "osm_type": "node", "wikipedia": null, "opening_hours:visitors": null, "name:en": null, "payment:coins": null, "full_name": null, "contact:twitter": null, "start_date": null, "old_name": null, "payment:lightning_contactless": null, "payment:lightning": null, "currency:XBT": null, "payment:v_pay": null, "layer": null, "addr:unit": null, "emergency": null, "payment:girocard_contactless": null, "payment:unionpay": null, "payment:paypal": null, "payment:maestro": null, "payment:jcb": null, "payment:ec": null, "payment:american_express": null, "payment:alipay": null, "wikidata": null, "operator:type": null, "official_name": null, "healthcare:speciality": null, "beds": null, "description": null, "wheelchair:description": null, "shop": null, "brand:wikipedia": null, "brand:wikidata": null, "brand": null, "branch": null, "addr:suburb": null, "payment:visa": null, "payment:mastercard": null, "payment:ec_cards": null, "wheelchair:description:de": null, "addr:housename": null, "toilets": null, "payment:qr_code": null, "payment:cards": null, "opening_hours:signed": null, "payment:girocard": null, "internet_access": "no", "medical_system:western": null, "health_facility:type": null, "toilets:wheelchair": null, "contact:instagram": null, "contact:facebook": null, "payment:debit_cards": "yes", "payment:credit_cards": "yes", "addr:floor": "0", "drive_through": null, "payment:cash": "yes", "contact:email": null, "contact:website": "https://apotheke-pasing.de/", "owner": null, "contact:phone": "+49 89 835 144", "contact:fax": null, "name:de": null, "check_date": "2025-11-14", "fax": null, "wheelchair": "yes", "check_date:opening_hours": "2025-11-14", "website": null, "phone": null, "operator": null, "opening_hours": "Mo-Fr 08:00-20:00, Sa 08:30-20:00", "name": "Bahnhofapotheke", "level": "0", "healthcare": "pharmacy", "email": null, "dispensing": "yes", "amenity": "pharmacy", "addr:street": "Pasinger Bahnhofsplatz", "addr:postcode": "81241", "addr:housenumber": "1", "addr:country": "DE", "addr:city": "München" }, "geometry": { "type": "Point", "coordinates": [ 11.4602261, 48.148736 ] } },
{ "type": "Feature", "properties": { "full_id": "n275563155", "osm_id": "275563155", "osm_type": "node", "wikipedia": null, "opening_hours:visitors": null, "name:en": null, "payment:coins": null, "full_name": null, "contact:twitter": null, "start_date": null, "old_name": null, "payment:lightning_contactless": null, "payment:lightning": null, "currency:XBT": null, "payment:v_pay": null, "layer": null, "addr:unit": null, "emergency": null, "payment:girocard_contactless": null, "payment:unionpay": null, "payment:paypal": null, "payment:maestro": null, "payment:jcb": null, "payment:ec": null, "payment:american_express": null, "payment:alipay": null, "wikidata": null, "operator:type": null, "official_name": null, "healthcare:speciality": null, "beds": null, "description": null, "wheelchair:description": null, "shop": null, "brand:wikipedia": null, "brand:wikidata": null, "brand": null, "branch": null, "addr:suburb": null, "payment:visa": null, "payment:mastercard": null, "payment:ec_cards": null, "wheelchair:description:de": null, "addr:housename": null, "toilets": null, "payment:qr_code": null, "payment:cards": null, "opening_hours:signed": null, "payment:girocard": null, "internet_access": null, "medical_system:western": null, "health_facility:type": null, "toilets:wheelchair": null, "contact:instagram": null, "contact:facebook": null, "payment:debit_cards": null, "payment:credit_cards": null, "addr:floor": null, "drive_through": null, "payment:cash": null, "contact:email": null, "contact:website": "https://www.gesundbrunnen-apotheke.com/", "owner": null, "contact:phone": "+49 89 883388", "contact:fax": null, "name:de": null, "check_date": "2025-10-21", "fax": null, "wheelchair": "limited", "check_date:opening_hours": "2025-10-21", "website": null, "phone": null, "operator": "Angelika Bode e.K.", "opening_hours": "Mo-Fr 08:00-18:30; Sa 09:00-13:00", "name": "Gesundbrunnen-Apotheke", "level": null, "healthcare": "pharmacy", "email": null, "dispensing": "yes", "amenity": "pharmacy", "addr:street": "Pasinger Bahnhofsplatz", "addr:postcode": "81241", "addr:housenumber": "4", "addr:country": "DE", "addr:city": "München" }, "geometry": { "type": "Point", "coordinates": [ 11.4613087, 48.1483775 ] } },
{ "type": "Feature", "properties": { "full_id": "n1617814674", "osm_id": "1617814674", "osm_type": "node", "wikipedia": null, "opening_hours:visitors": null, "name:en": null, "payment:coins": null, "full_name": null, "contact:twitter": null, "start_date": null, "old_name": null, "payment:lightning_contactless": null, "payment:lightning": null, "currency:XBT": null, "payment:v_pay": null, "layer": null, "addr:unit": null, "emergency": null, "payment:girocard_contactless": null, "payment:unionpay": null, "payment:paypal": null, "payment:maestro": null, "payment:jcb": null, "payment:ec": null, "payment:american_express": null, "payment:alipay": null, "wikidata": null, "operator:type": null, "official_name": null, "healthcare:speciality": null, "beds": null, "description": null, "wheelchair:description": null, "shop": null, "brand:wikipedia": null, "brand:wikidata": null, "brand": null, "branch": null, "addr:suburb": null, "payment:visa": null, "payment:mastercard": null, "payment:ec_cards": null, "wheelchair:description:de": null, "addr:housename": null, "toilets": null, "payment:qr_code": null, "payment:cards": null, "opening_hours:signed": null, "payment:girocard": null, "internet_access": null, "medical_system:western": null, "health_facility:type": null, "toilets:wheelchair": null, "contact:instagram": null, "contact:facebook": null, "payment:debit_cards": "yes", "payment:credit_cards": "yes", "addr:floor": "0", "drive_through": "no", "payment:cash": "yes", "contact:email": null, "contact:website": null, "owner": null, "contact:phone": null, "contact:fax": null, "name:de": "Apotheke am Pasinger Markt", "check_date": "2026-04-21", "fax": null, "wheelchair": "yes", "check_date:opening_hours": "2026-04-21", "website": "https://apotheke-pasing.de/", "phone": "+49 89 84 48 66", "operator": "Stefanie Igl-Obermüller e.K.", "opening_hours": "Mo-Fr 08:30-18:30; Sa 09:00-14:00", "name": "Apotheke am Pasinger Markt", "level": "0", "healthcare": "pharmacy", "email": "markt@apotheke-pasing.de", "dispensing": "yes", "amenity": "pharmacy", "addr:street": "Bäckerstraße", "addr:postcode": null, "addr:housenumber": "4", "addr:country": null, "addr:city": null }, "geometry": { "type": "Point", "coordinates": [ 11.4612156, 48.1477547 ] } },
{ "type": "Feature", "properties": { "full_id": "n1828435898", "osm_id": "1828435898", "osm_type": "node", "wikipedia": null, "opening_hours:visitors": null, "name:en": null, "payment:coins": null, "full_name": null, "contact:twitter": null, "start_date": null, "old_name": null, "payment:lightning_contactless": null, "payment:lightning": null, "currency:XBT": null, "payment:v_pay": null, "layer": null, "addr:unit": null, "emergency": null, "payment:girocard_contactless": null, "payment:unionpay": null, "payment:paypal": null, "payment:maestro": null, "payment:jcb": null, "payment:ec": null, "payment:american_express": null, "payment:alipay": null, "wikidata": null, "operator:type": null, "official_name": null, "healthcare:speciality": null, "beds": null, "description": null, "wheelchair:description": null, "shop": null, "brand:wikipedia": null, "brand:wikidata": null, "brand": null, "branch": null, "addr:suburb": null, "payment:visa": null, "payment:mastercard": null, "payment:ec_cards": null, "wheelchair:description:de": null, "addr:housename": null, "toilets": null, "payment:qr_code": null, "payment:cards": null, "opening_hours:signed": null, "payment:girocard": "yes", "internet_access": null, "medical_system:western": null, "health_facility:type": null, "toilets:wheelchair": null, "contact:instagram": null, "contact:facebook": null, "payment:debit_cards": null, "payment:credit_cards": null, "addr:floor": "0", "drive_through": null, "payment:cash": null, "contact:email": null, "contact:website": "https://www.senftenauer-apotheke.de/sanvivo-apotheke", "owner": null, "contact:phone": "+49 89 55058980", "contact:fax": null, "name:de": null, "check_date": "2025-11-14", "fax": null, "wheelchair": "yes", "check_date:opening_hours": "2025-11-14", "website": null, "phone": null, "operator": null, "opening_hours": "Mo-Fr 08:00-19:00; Sa 09:00-13:00", "name": "sanvivo Apotheke", "level": "0", "healthcare": "pharmacy", "email": null, "dispensing": null, "amenity": "pharmacy", "addr:street": "Kaflerstraße", "addr:postcode": "81241", "addr:housenumber": "2", "addr:country": null, "addr:city": "München" }, "geometry": { "type": "Point", "coordinates": [ 11.4600208, 48.1492574 ] } },
{ "type": "Feature", "properties": { "full_id": "n442106967", "osm_id": "442106967", "osm_type": "node", "wikipedia": null, "opening_hours:visitors": null, "name:en": null, "payment:coins": null, "full_name": null, "contact:twitter": null, "start_date": null, "old_name": null, "payment:lightning_contactless": null, "payment:lightning": null, "currency:XBT": null, "payment:v_pay": null, "layer": null, "addr:unit": null, "emergency": null, "payment:girocard_contactless": null, "payment:unionpay": null, "payment:paypal": null, "payment:maestro": null, "payment:jcb": null, "payment:ec": null, "payment:american_express": null, "payment:alipay": null, "wikidata": null, "operator:type": null, "official_name": null, "healthcare:speciality": null, "beds": null, "description": null, "wheelchair:description": null, "shop": null, "brand:wikipedia": null, "brand:wikidata": null, "brand": null, "branch": null, "addr:suburb": null, "payment:visa": null, "payment:mastercard": null, "payment:ec_cards": null, "wheelchair:description:de": null, "addr:housename": null, "toilets": null, "payment:qr_code": null, "payment:cards": null, "opening_hours:signed": null, "payment:girocard": null, "internet_access": null, "medical_system:western": null, "health_facility:type": null, "toilets:wheelchair": null, "contact:instagram": null, "contact:facebook": null, "payment:debit_cards": null, "payment:credit_cards": null, "addr:floor": null, "drive_through": null, "payment:cash": null, "contact:email": null, "contact:website": "https://www.wensauer-apotheke-pasing.de", "owner": null, "contact:phone": "+49 89 886614", "contact:fax": null, "name:de": null, "check_date": null, "fax": null, "wheelchair": "yes", "check_date:opening_hours": "2025-01-06", "website": null, "phone": null, "operator": "Ulrich Hoffmann", "opening_hours": "Mo-Fr 08:30-18:30; Sa 08:30-12:30", "name": "Wensauer Apotheke", "level": "yes", "healthcare": "pharmacy", "email": null, "dispensing": null, "amenity": "pharmacy", "addr:street": "August-Exter-Straße", "addr:postcode": "81245", "addr:housenumber": "2", "addr:country": "DE", "addr:city": "München" }, "geometry": { "type": "Point", "coordinates": [ 11.4625035, 48.1506215 ] } },
{ "type": "Feature", "properties": { "full_id": "n6499800962", "osm_id": "6499800962", "osm_type": "node", "wikipedia": null, "opening_hours:visitors": null, "name:en": null, "payment:coins": null, "full_name": null, "contact:twitter": null, "start_date": null, "old_name": null, "payment:lightning_contactless": null, "payment:lightning": null, "currency:XBT": null, "payment:v_pay": null, "layer": null, "addr:unit": null, "emergency": null, "payment:girocard_contactless": null, "payment:unionpay": null, "payment:paypal": null, "payment:maestro": null, "payment:jcb": null, "payment:ec": null, "payment:american_express": null, "payment:alipay": null, "wikidata": null, "operator:type": null, "official_name": null, "healthcare:speciality": null, "beds": null, "description": null, "wheelchair:description": null, "shop": null, "brand:wikipedia": null, "brand:wikidata": null, "brand": null, "branch": null, "addr:suburb": null, "payment:visa": null, "payment:mastercard": null, "payment:ec_cards": null, "wheelchair:description:de": null, "addr:housename": null, "toilets": null, "payment:qr_code": null, "payment:cards": null, "opening_hours:signed": "no", "payment:girocard": null, "internet_access": null, "medical_system:western": null, "health_facility:type": null, "toilets:wheelchair": null, "contact:instagram": null, "contact:facebook": null, "payment:debit_cards": null, "payment:credit_cards": null, "addr:floor": null, "drive_through": null, "payment:cash": null, "contact:email": null, "contact:website": null, "owner": null, "contact:phone": null, "contact:fax": null, "name:de": null, "check_date": null, "fax": null, "wheelchair": null, "check_date:opening_hours": "2022-07-31", "website": null, "phone": null, "operator": null, "opening_hours": null, "name": "SaniPlus Nachtzugang", "level": "0", "healthcare": "pharmacy", "email": null, "dispensing": null, "amenity": "pharmacy", "addr:street": null, "addr:postcode": null, "addr:housenumber": null, "addr:country": null, "addr:city": null }, "geometry": { "type": "Point", "coordinates": [ 11.4641301, 48.1477131 ] } },
{ "type": "Feature", "properties": { "full_id": "n241779304", "osm_id": "241779304", "osm_type": "node", "wikipedia": null, "opening_hours:visitors": null, "name:en": null, "payment:coins": null, "full_name": null, "contact:twitter": null, "start_date": null, "old_name": null, "payment:lightning_contactless": null, "payment:lightning": null, "currency:XBT": null, "payment:v_pay": null, "layer": null, "addr:unit": null, "emergency": null, "payment:girocard_contactless": null, "payment:unionpay": null, "payment:paypal": null, "payment:maestro": null, "payment:jcb": null, "payment:ec": null, "payment:american_express": null, "payment:alipay": null, "wikidata": null, "operator:type": null, "official_name": null, "healthcare:speciality": null, "beds": null, "description": null, "wheelchair:description": null, "shop": null, "brand:wikipedia": null, "brand:wikidata": null, "brand": null, "branch": null, "addr:suburb": null, "payment:visa": null, "payment:mastercard": null, "payment:ec_cards": null, "wheelchair:description:de": null, "addr:housename": null, "toilets": null, "payment:qr_code": null, "payment:cards": null, "opening_hours:signed": null, "payment:girocard": null, "internet_access": null, "medical_system:western": null, "health_facility:type": null, "toilets:wheelchair": "no", "contact:instagram": null, "contact:facebook": null, "payment:debit_cards": null, "payment:credit_cards": null, "addr:floor": null, "drive_through": null, "payment:cash": null, "contact:email": null, "contact:website": "https://www.sibelius-apotheke.de/", "owner": null, "contact:phone": null, "contact:fax": null, "name:de": null, "check_date": "2024-09-30", "fax": null, "wheelchair": "yes", "check_date:opening_hours": null, "website": null, "phone": null, "operator": null, "opening_hours": "Mo-Fr 08:30-18:30; Sa 08:30-13:30; Su off", "name": "Sibelius-Apotheke", "level": null, "healthcare": "pharmacy", "email": null, "dispensing": null, "amenity": "pharmacy", "addr:street": "Paul-Gerhardt-Allee", "addr:postcode": "81245", "addr:housenumber": "24", "addr:country": "DE", "addr:city": "München" }, "geometry": { "type": "Point", "coordinates": [ 11.4758082, 48.151572 ] } },
{ "type": "Feature", "properties": { "full_id": "n414979708", "osm_id": "414979708", "osm_type": "node", "wikipedia": null, "opening_hours:visitors": null, "name:en": null, "payment:coins": null, "full_name": null, "contact:twitter": null, "start_date": null, "old_name": null, "payment:lightning_contactless": null, "payment:lightning": null, "currency:XBT": null, "payment:v_pay": null, "layer": null, "addr:unit": null, "emergency": null, "payment:girocard_contactless": null, "payment:unionpay": null, "payment:paypal": null, "payment:maestro": null, "payment:jcb": null, "payment:ec": null, "payment:american_express": null, "payment:alipay": null, "wikidata": null, "operator:type": null, "official_name": null, "healthcare:speciality": null, "beds": null, "description": null, "wheelchair:description": null, "shop": null, "brand:wikipedia": null, "brand:wikidata": null, "brand": null, "branch": null, "addr:suburb": null, "payment:visa": null, "payment:mastercard": null, "payment:ec_cards": null, "wheelchair:description:de": null, "addr:housename": null, "toilets": null, "payment:qr_code": null, "payment:cards": null, "opening_hours:signed": null, "payment:girocard": null, "internet_access": null, "medical_system:western": null, "health_facility:type": null, "toilets:wheelchair": null, "contact:instagram": null, "contact:facebook": null, "payment:debit_cards": null, "payment:credit_cards": null, "addr:floor": null, "drive_through": null, "payment:cash": null, "contact:email": null, "contact:website": null, "owner": null, "contact:phone": "+49 89 8111777", "contact:fax": null, "name:de": null, "check_date": null, "fax": null, "wheelchair": "yes", "check_date:opening_hours": null, "website": null, "phone": null, "operator": null, "opening_hours": "Mo-Fr 08:30-12:30,14:30-18:00; Sa 08:30-12:00", "name": "Menzinger Apotheke", "level": null, "healthcare": "pharmacy", "email": null, "dispensing": null, "amenity": "pharmacy", "addr:street": "Verdistraße", "addr:postcode": "81247", "addr:housenumber": "94", "addr:country": "DE", "addr:city": "München" }, "geometry": { "type": "Point", "coordinates": [ 11.4679145, 48.1649082 ] } },
{ "type": "Feature", "properties": { "full_id": "n429432261", "osm_id": "429432261", "osm_type": "node", "wikipedia": null, "opening_hours:visitors": null, "name:en": null, "payment:coins": null, "full_name": null, "contact:twitter": null, "start_date": null, "old_name": null, "payment:lightning_contactless": null, "payment:lightning": null, "currency:XBT": null, "payment:v_pay": null, "layer": null, "addr:unit": null, "emergency": null, "payment:girocard_contactless": null, "payment:unionpay": null, "payment:paypal": null, "payment:maestro": null, "payment:jcb": null, "payment:ec": null, "payment:american_express": null, "payment:alipay": null, "wikidata": null, "operator:type": null, "official_name": null, "healthcare:speciality": null, "beds": null, "description": null, "wheelchair:description": null, "shop": null, "brand:wikipedia": null, "brand:wikidata": null, "brand": null, "branch": null, "addr:suburb": null, "payment:visa": null, "payment:mastercard": null, "payment:ec_cards": null, "wheelchair:description:de": null, "addr:housename": null, "toilets": null, "payment:qr_code": null, "payment:cards": null, "opening_hours:signed": null, "payment:girocard": null, "internet_access": null, "medical_system:western": null, "health_facility:type": null, "toilets:wheelchair": null, "contact:instagram": null, "contact:facebook": null, "payment:debit_cards": null, "payment:credit_cards": null, "addr:floor": null, "drive_through": null, "payment:cash": null, "contact:email": null, "contact:website": null, "owner": null, "contact:phone": "+49 89 8112362", "contact:fax": null, "name:de": null, "check_date": "2025-04-20", "fax": null, "wheelchair": null, "check_date:opening_hours": null, "website": null, "phone": null, "operator": null, "opening_hours": null, "name": "Blutenburg Apotheke", "level": null, "healthcare": "pharmacy", "email": null, "dispensing": null, "amenity": "pharmacy", "addr:street": "Verdistraße", "addr:postcode": "81247", "addr:housenumber": "119", "addr:country": "DE", "addr:city": "München" }, "geometry": { "type": "Point", "coordinates": [ 11.4644072, 48.1646372 ] } },
{ "type": "Feature", "properties": { "full_id": "n2612228933", "osm_id": "2612228933", "osm_type": "node", "wikipedia": null, "opening_hours:visitors": null, "name:en": null, "payment:coins": null, "full_name": null, "contact:twitter": null, "start_date": null, "old_name": null, "payment:lightning_contactless": null, "payment:lightning": null, "currency:XBT": null, "payment:v_pay": null, "layer": null, "addr:unit": null, "emergency": null, "payment:girocard_contactless": null, "payment:unionpay": null, "payment:paypal": null, "payment:maestro": null, "payment:jcb": null, "payment:ec": null, "payment:american_express": null, "payment:alipay": null, "wikidata": null, "operator:type": null, "official_name": null, "healthcare:speciality": null, "beds": null, "description": null, "wheelchair:description": null, "shop": null, "brand:wikipedia": null, "brand:wikidata": null, "brand": null, "branch": null, "addr:suburb": null, "payment:visa": null, "payment:mastercard": null, "payment:ec_cards": null, "wheelchair:description:de": null, "addr:housename": null, "toilets": "no", "payment:qr_code": "no", "payment:cards": "yes", "opening_hours:signed": null, "payment:girocard": null, "internet_access": null, "medical_system:western": null, "health_facility:type": null, "toilets:wheelchair": null, "contact:instagram": null, "contact:facebook": null, "payment:debit_cards": null, "payment:credit_cards": null, "addr:floor": null, "drive_through": null, "payment:cash": "yes", "contact:email": null, "contact:website": null, "owner": null, "contact:phone": "+49 89 86466969", "contact:fax": null, "name:de": null, "check_date": null, "fax": null, "wheelchair": "yes", "check_date:opening_hours": null, "website": "https://www.bavariaapo-muenchen.de/", "phone": null, "operator": null, "opening_hours": "Mo-Fr 08:00-19:00; Sa 08:00-14:00", "name": "Bavaria Apotheke", "level": null, "healthcare": "pharmacy", "email": "info@bavariaapo-muenchen.de", "dispensing": null, "amenity": "pharmacy", "addr:street": "Bauseweinallee", "addr:postcode": null, "addr:housenumber": "2", "addr:country": null, "addr:city": null }, "geometry": { "type": "Point", "coordinates": [ 11.4767022, 48.1644913 ] } },
{ "type": "Feature", "properties": { "full_id": "n197630081", "osm_id": "197630081", "osm_type": "node", "wikipedia": null, "opening_hours:visitors": null, "name:en": null, "payment:coins": null, "full_name": null, "contact:twitter": null, "start_date": null, "old_name": null, "payment:lightning_contactless": null, "payment:lightning": null, "currency:XBT": null, "payment:v_pay": null, "layer": null, "addr:unit": null, "emergency": null, "payment:girocard_contactless": null, "payment:unionpay": null, "payment:paypal": null, "payment:maestro": null, "payment:jcb": null, "payment:ec": null, "payment:american_express": null, "payment:alipay": null, "wikidata": null, "operator:type": null, "official_name": null, "healthcare:speciality": null, "beds": null, "description": null, "wheelchair:description": null, "shop": null, "brand:wikipedia": null, "brand:wikidata": null, "brand": null, "branch": null, "addr:suburb": null, "payment:visa": null, "payment:mastercard": null, "payment:ec_cards": null, "wheelchair:description:de": null, "addr:housename": null, "toilets": null, "payment:qr_code": null, "payment:cards": null, "opening_hours:signed": null, "payment:girocard": null, "internet_access": null, "medical_system:western": null, "health_facility:type": null, "toilets:wheelchair": null, "contact:instagram": null, "contact:facebook": null, "payment:debit_cards": null, "payment:credit_cards": null, "addr:floor": null, "drive_through": null, "payment:cash": null, "contact:email": null, "contact:website": null, "owner": null, "contact:phone": null, "contact:fax": null, "name:de": null, "check_date": null, "fax": null, "wheelchair": "yes", "check_date:opening_hours": "2025-09-10", "website": null, "phone": null, "operator": null, "opening_hours": "Mo-Fr 08:30-18:30; Sa 08:30-13:00", "name": "Angerloh-Apotheke", "level": null, "healthcare": "pharmacy", "email": null, "dispensing": "yes", "amenity": "pharmacy", "addr:street": "Allacher Straße", "addr:postcode": "80997", "addr:housenumber": "196", "addr:country": "DE", "addr:city": "München" }, "geometry": { "type": "Point", "coordinates": [ 11.4759366, 48.1816351 ] } },
{ "type": "Feature", "properties": { "full_id": "n2325540054", "osm_id": "2325540054", "osm_type": "node", "wikipedia": null, "opening_hours:visitors": null, "name:en": null, "payment:coins": null, "full_name": null, "contact:twitter": null, "start_date": null, "old_name": null, "payment:lightning_contactless": null, "payment:lightning": null, "currency:XBT": null, "payment:v_pay": null, "layer": null, "addr:unit": null, "emergency": null, "payment:girocard_contactless": null, "payment:unionpay": null, "payment:paypal": null, "payment:maestro": null, "payment:jcb": null, "payment:ec": null, "payment:american_express": null, "payment:alipay": null, "wikidata": null, "operator:type": null, "official_name": null, "healthcare:speciality": null, "beds": null, "description": null, "wheelchair:description": null, "shop": null, "brand:wikipedia": null, "brand:wikidata": null, "brand": null, "branch": null, "addr:suburb": null, "payment:visa": null, "payment:mastercard": null, "payment:ec_cards": null, "wheelchair:description:de": null, "addr:housename": null, "toilets": null, "payment:qr_code": null, "payment:cards": null, "opening_hours:signed": null, "payment:girocard": null, "internet_access": null, "medical_system:western": null, "health_facility:type": null, "toilets:wheelchair": null, "contact:instagram": null, "contact:facebook": null, "payment:debit_cards": null, "payment:credit_cards": null, "addr:floor": null, "drive_through": null, "payment:cash": null, "contact:email": null, "contact:website": null, "owner": null, "contact:phone": null, "contact:fax": null, "name:de": null, "check_date": null, "fax": null, "wheelchair": "no", "check_date:opening_hours": null, "website": "https://www.eversbusch-apotheke.de/de/", "phone": "+49 89 8122159", "operator": null, "opening_hours": "Mo-Fr 08:00-12:30, 14:30-18:30", "name": "Eversbusch Apotheke", "level": null, "healthcare": "pharmacy", "email": "info@eversbusch-apotheke.de", "dispensing": null, "amenity": "pharmacy", "addr:street": "Eversbuschstraße", "addr:postcode": "80999", "addr:housenumber": "92", "addr:country": null, "addr:city": null }, "geometry": { "type": "Point", "coordinates": [ 11.4609354, 48.1880475 ] } },
{ "type": "Feature", "properties": { "full_id": "n755933802", "osm_id": "755933802", "osm_type": "node", "wikipedia": null, "opening_hours:visitors": null, "name:en": null, "payment:coins": null, "full_name": null, "contact:twitter": null, "start_date": null, "old_name": null, "payment:lightning_contactless": null, "payment:lightning": null, "currency:XBT": null, "payment:v_pay": null, "layer": null, "addr:unit": null, "emergency": null, "payment:girocard_contactless": null, "payment:unionpay": null, "payment:paypal": null, "payment:maestro": null, "payment:jcb": null, "payment:ec": null, "payment:american_express": null, "payment:alipay": null, "wikidata": null, "operator:type": null, "official_name": null, "healthcare:speciality": null, "beds": null, "description": null, "wheelchair:description": null, "shop": null, "brand:wikipedia": null, "brand:wikidata": null, "brand": null, "branch": null, "addr:suburb": null, "payment:visa": null, "payment:mastercard": null, "payment:ec_cards": null, "wheelchair:description:de": null, "addr:housename": null, "toilets": null, "payment:qr_code": null, "payment:cards": null, "opening_hours:signed": null, "payment:girocard": null, "internet_access": null, "medical_system:western": null, "health_facility:type": null, "toilets:wheelchair": null, "contact:instagram": null, "contact:facebook": null, "payment:debit_cards": null, "payment:credit_cards": null, "addr:floor": null, "drive_through": null, "payment:cash": null, "contact:email": null, "contact:website": null, "owner": null, "contact:phone": null, "contact:fax": null, "name:de": null, "check_date": null, "fax": null, "wheelchair": "yes", "check_date:opening_hours": null, "website": "https://www.allacher-apotheke.de", "phone": null, "operator": null, "opening_hours": "Mo-Fr 08:00-18:00; Sa 08:00-13:00", "name": "Allacher Apotheke", "level": null, "healthcare": "pharmacy", "email": null, "dispensing": null, "amenity": "pharmacy", "addr:street": "Vesaliusstraße", "addr:postcode": "80999", "addr:housenumber": "22", "addr:country": "DE", "addr:city": "München" }, "geometry": { "type": "Point", "coordinates": [ 11.4626977, 48.1892088 ] } },
{ "type": "Feature", "properties": { "full_id": "n8850842815", "osm_id": "8850842815", "osm_type": "node", "wikipedia": null, "opening_hours:visitors": null, "name:en": null, "payment:coins": null, "full_name": null, "contact:twitter": null, "start_date": null, "old_name": null, "payment:lightning_contactless": null, "payment:lightning": null, "currency:XBT": null, "payment:v_pay": null, "layer": null, "addr:unit": null, "emergency": null, "payment:girocard_contactless": null, "payment:unionpay": null, "payment:paypal": null, "payment:maestro": null, "payment:jcb": null, "payment:ec": null, "payment:american_express": null, "payment:alipay": null, "wikidata": null, "operator:type": null, "official_name": null, "healthcare:speciality": null, "beds": null, "description": null, "wheelchair:description": null, "shop": null, "brand:wikipedia": null, "brand:wikidata": null, "brand": null, "branch": null, "addr:suburb": null, "payment:visa": null, "payment:mastercard": null, "payment:ec_cards": null, "wheelchair:description:de": null, "addr:housename": null, "toilets": null, "payment:qr_code": null, "payment:cards": null, "opening_hours:signed": null, "payment:girocard": null, "internet_access": null, "medical_system:western": null, "health_facility:type": null, "toilets:wheelchair": null, "contact:instagram": null, "contact:facebook": null, "payment:debit_cards": null, "payment:credit_cards": null, "addr:floor": null, "drive_through": null, "payment:cash": null, "contact:email": "hasen@apotheke-allach.de", "contact:website": "https://www.apotheke-allach.de/", "owner": null, "contact:phone": "+49 89 818 98 510", "contact:fax": null, "name:de": null, "check_date": null, "fax": null, "wheelchair": "yes", "check_date:opening_hours": null, "website": null, "phone": null, "operator": null, "opening_hours": "Mo-Sa 09:00-21:00", "name": "Hasen Apotheke Allach", "level": null, "healthcare": "pharmacy", "email": null, "dispensing": "yes", "amenity": "pharmacy", "addr:street": "Oertelplatz", "addr:postcode": "80999", "addr:housenumber": "13", "addr:country": "DE", "addr:city": "München" }, "geometry": { "type": "Point", "coordinates": [ 11.4677564, 48.1890846 ] } },
{ "type": "Feature", "properties": { "full_id": "n1829120655", "osm_id": "1829120655", "osm_type": "node", "wikipedia": null, "opening_hours:visitors": null, "name:en": null, "payment:coins": null, "full_name": null, "contact:twitter": null, "start_date": null, "old_name": null, "payment:lightning_contactless": null, "payment:lightning": null, "currency:XBT": null, "payment:v_pay": null, "layer": null, "addr:unit": null, "emergency": null, "payment:girocard_contactless": null, "payment:unionpay": null, "payment:paypal": null, "payment:maestro": null, "payment:jcb": null, "payment:ec": null, "payment:american_express": null, "payment:alipay": null, "wikidata": null, "operator:type": null, "official_name": null, "healthcare:speciality": null, "beds": null, "description": null, "wheelchair:description": null, "shop": null, "brand:wikipedia": null, "brand:wikidata": null, "brand": null, "branch": null, "addr:suburb": null, "payment:visa": null, "payment:mastercard": null, "payment:ec_cards": null, "wheelchair:description:de": null, "addr:housename": null, "toilets": null, "payment:qr_code": null, "payment:cards": null, "opening_hours:signed": null, "payment:girocard": null, "internet_access": null, "medical_system:western": null, "health_facility:type": null, "toilets:wheelchair": null, "contact:instagram": null, "contact:facebook": null, "payment:debit_cards": null, "payment:credit_cards": null, "addr:floor": null, "drive_through": "no", "payment:cash": null, "contact:email": null, "contact:website": null, "owner": null, "contact:phone": null, "contact:fax": null, "name:de": null, "check_date": null, "fax": null, "wheelchair": "yes", "check_date:opening_hours": "2022-08-06", "website": "https://www.apotheke-allach.de/", "phone": null, "operator": null, "opening_hours": "Mo-Fr 08:30-18:30; Sa 08:30-12:30; PH off", "name": "Igel und Hasen Apotheke", "level": null, "healthcare": "pharmacy", "email": null, "dispensing": null, "amenity": "pharmacy", "addr:street": "Eversbuschstraße", "addr:postcode": "80999", "addr:housenumber": "122", "addr:country": null, "addr:city": "München" }, "geometry": { "type": "Point", "coordinates": [ 11.4594841, 48.1920962 ] } },
{ "type": "Feature", "properties": { "full_id": "n392551861", "osm_id": "392551861", "osm_type": "node", "wikipedia": null, "opening_hours:visitors": null, "name:en": null, "payment:coins": null, "full_name": null, "contact:twitter": null, "start_date": null, "old_name": null, "payment:lightning_contactless": null, "payment:lightning": null, "currency:XBT": null, "payment:v_pay": null, "layer": null, "addr:unit": null, "emergency": null, "payment:girocard_contactless": null, "payment:unionpay": null, "payment:paypal": null, "payment:maestro": null, "payment:jcb": null, "payment:ec": null, "payment:american_express": null, "payment:alipay": null, "wikidata": null, "operator:type": null, "official_name": null, "healthcare:speciality": null, "beds": null, "description": null, "wheelchair:description": null, "shop": null, "brand:wikipedia": null, "brand:wikidata": null, "brand": null, "branch": null, "addr:suburb": null, "payment:visa": null, "payment:mastercard": null, "payment:ec_cards": null, "wheelchair:description:de": null, "addr:housename": null, "toilets": null, "payment:qr_code": null, "payment:cards": null, "opening_hours:signed": null, "payment:girocard": null, "internet_access": null, "medical_system:western": null, "health_facility:type": null, "toilets:wheelchair": null, "contact:instagram": null, "contact:facebook": null, "payment:debit_cards": null, "payment:credit_cards": null, "addr:floor": null, "drive_through": null, "payment:cash": null, "contact:email": null, "contact:website": "https://www.hirschgarten-apotheke.de", "owner": null, "contact:phone": "+49 89 170074", "contact:fax": null, "name:de": null, "check_date": null, "fax": null, "wheelchair": "yes", "check_date:opening_hours": null, "website": null, "phone": null, "operator": null, "opening_hours": "Mo-Su off", "name": "Hirschgarten-Apotheke", "level": null, "healthcare": "pharmacy", "email": null, "dispensing": null, "amenity": "pharmacy", "addr:street": "Wotanstraße", "addr:postcode": "80639", "addr:housenumber": "68", "addr:country": "DE", "addr:city": "München" }, "geometry": { "type": "Point", "coordinates": [ 11.5073512, 48.15245 ] } },
{ "type": "Feature", "properties": { "full_id": "n1719240718", "osm_id": "1719240718", "osm_type": "node", "wikipedia": null, "opening_hours:visitors": null, "name:en": null, "payment:coins": null, "full_name": null, "contact:twitter": null, "start_date": null, "old_name": null, "payment:lightning_contactless": null, "payment:lightning": null, "currency:XBT": null, "payment:v_pay": null, "layer": null, "addr:unit": null, "emergency": null, "payment:girocard_contactless": null, "payment:unionpay": null, "payment:paypal": null, "payment:maestro": null, "payment:jcb": null, "payment:ec": null, "payment:american_express": null, "payment:alipay": null, "wikidata": null, "operator:type": null, "official_name": null, "healthcare:speciality": null, "beds": null, "description": null, "wheelchair:description": null, "shop": null, "brand:wikipedia": null, "brand:wikidata": null, "brand": null, "branch": null, "addr:suburb": null, "payment:visa": null, "payment:mastercard": null, "payment:ec_cards": null, "wheelchair:description:de": null, "addr:housename": "Ambigon", "toilets": null, "payment:qr_code": null, "payment:cards": null, "opening_hours:signed": null, "payment:girocard": null, "internet_access": null, "medical_system:western": null, "health_facility:type": null, "toilets:wheelchair": null, "contact:instagram": null, "contact:facebook": null, "payment:debit_cards": null, "payment:credit_cards": null, "addr:floor": null, "drive_through": null, "payment:cash": null, "contact:email": null, "contact:website": null, "owner": null, "contact:phone": null, "contact:fax": null, "name:de": null, "check_date": null, "fax": null, "wheelchair": "yes", "check_date:opening_hours": null, "website": "https://www.ambigon-apotheke.de", "phone": null, "operator": null, "opening_hours": "Mo-Su off", "name": "Ambigon Apotheke", "level": null, "healthcare": "pharmacy", "email": null, "dispensing": null, "amenity": "pharmacy", "addr:street": "Rosa-Bavarese-Straße", "addr:postcode": "80639", "addr:housenumber": "5", "addr:country": null, "addr:city": null }, "geometry": { "type": "Point", "coordinates": [ 11.5028522, 48.1460464 ] } },
{ "type": "Feature", "properties": { "full_id": "n336026350", "osm_id": "336026350", "osm_type": "node", "wikipedia": null, "opening_hours:visitors": null, "name:en": null, "payment:coins": null, "full_name": null, "contact:twitter": null, "start_date": null, "old_name": null, "payment:lightning_contactless": null, "payment:lightning": null, "currency:XBT": null, "payment:v_pay": null, "layer": null, "addr:unit": null, "emergency": null, "payment:girocard_contactless": null, "payment:unionpay": null, "payment:paypal": null, "payment:maestro": null, "payment:jcb": null, "payment:ec": null, "payment:american_express": null, "payment:alipay": null, "wikidata": null, "operator:type": null, "official_name": null, "healthcare:speciality": null, "beds": null, "description": null, "wheelchair:description": null, "shop": null, "brand:wikipedia": null, "brand:wikidata": null, "brand": null, "branch": null, "addr:suburb": null, "payment:visa": null, "payment:mastercard": null, "payment:ec_cards": null, "wheelchair:description:de": null, "addr:housename": null, "toilets": null, "payment:qr_code": null, "payment:cards": null, "opening_hours:signed": null, "payment:girocard": null, "internet_access": null, "medical_system:western": null, "health_facility:type": null, "toilets:wheelchair": null, "contact:instagram": null, "contact:facebook": null, "payment:debit_cards": null, "payment:credit_cards": null, "addr:floor": null, "drive_through": null, "payment:cash": null, "contact:email": null, "contact:website": "https://nibelungen-apotheke-muenchen.de/", "owner": null, "contact:phone": "+49 89 171633", "contact:fax": null, "name:de": null, "check_date": null, "fax": null, "wheelchair": "yes", "check_date:opening_hours": "2026-01-21", "website": null, "phone": null, "operator": "Hans-Dieter Klose", "opening_hours": "Mo-Fr 08:30-18:30; Sa 09:00-13:00", "name": "Nibelungen Apotheke", "level": null, "healthcare": "pharmacy", "email": null, "dispensing": null, "amenity": "pharmacy", "addr:street": "Romanplatz", "addr:postcode": "80639", "addr:housenumber": "8", "addr:country": "DE", "addr:city": "München" }, "geometry": { "type": "Point", "coordinates": [ 11.5119126, 48.1550836 ] } },
{ "type": "Feature", "properties": { "full_id": "n835352685", "osm_id": "835352685", "osm_type": "node", "wikipedia": null, "opening_hours:visitors": null, "name:en": null, "payment:coins": null, "full_name": null, "contact:twitter": null, "start_date": null, "old_name": null, "payment:lightning_contactless": null, "payment:lightning": null, "currency:XBT": null, "payment:v_pay": null, "layer": null, "addr:unit": null, "emergency": null, "payment:girocard_contactless": null, "payment:unionpay": null, "payment:paypal": null, "payment:maestro": null, "payment:jcb": null, "payment:ec": null, "payment:american_express": null, "payment:alipay": null, "wikidata": null, "operator:type": null, "official_name": null, "healthcare:speciality": null, "beds": null, "description": null, "wheelchair:description": null, "shop": null, "brand:wikipedia": null, "brand:wikidata": null, "brand": null, "branch": null, "addr:suburb": null, "payment:visa": null, "payment:mastercard": null, "payment:ec_cards": null, "wheelchair:description:de": null, "addr:housename": null, "toilets": null, "payment:qr_code": null, "payment:cards": null, "opening_hours:signed": null, "payment:girocard": null, "internet_access": null, "medical_system:western": null, "health_facility:type": null, "toilets:wheelchair": null, "contact:instagram": null, "contact:facebook": null, "payment:debit_cards": null, "payment:credit_cards": null, "addr:floor": null, "drive_through": null, "payment:cash": null, "contact:email": null, "contact:website": null, "owner": null, "contact:phone": "+49 89 170344", "contact:fax": null, "name:de": null, "check_date": null, "fax": null, "wheelchair": "yes", "check_date:opening_hours": null, "website": null, "phone": null, "operator": null, "opening_hours": "Mo-Sa 09:00-20:00", "name": "Nymphenburger Apotheke", "level": null, "healthcare": "pharmacy", "email": null, "dispensing": null, "amenity": "pharmacy", "addr:street": "Romanstraße", "addr:postcode": "80639", "addr:housenumber": "81", "addr:country": null, "addr:city": "München" }, "geometry": { "type": "Point", "coordinates": [ 11.5126155, 48.1558391 ] } },
{ "type": "Feature", "properties": { "full_id": "n977471639", "osm_id": "977471639", "osm_type": "node", "wikipedia": null, "opening_hours:visitors": null, "name:en": null, "payment:coins": null, "full_name": null, "contact:twitter": null, "start_date": null, "old_name": null, "payment:lightning_contactless": null, "payment:lightning": null, "currency:XBT": null, "payment:v_pay": null, "layer": null, "addr:unit": null, "emergency": null, "payment:girocard_contactless": null, "payment:unionpay": null, "payment:paypal": null, "payment:maestro": null, "payment:jcb": null, "payment:ec": null, "payment:american_express": null, "payment:alipay": null, "wikidata": null, "operator:type": null, "official_name": null, "healthcare:speciality": null, "beds": null, "description": null, "wheelchair:description": null, "shop": null, "brand:wikipedia": null, "brand:wikidata": null, "brand": null, "branch": null, "addr:suburb": null, "payment:visa": null, "payment:mastercard": null, "payment:ec_cards": null, "wheelchair:description:de": null, "addr:housename": null, "toilets": null, "payment:qr_code": null, "payment:cards": null, "opening_hours:signed": null, "payment:girocard": null, "internet_access": null, "medical_system:western": null, "health_facility:type": null, "toilets:wheelchair": null, "contact:instagram": null, "contact:facebook": null, "payment:debit_cards": null, "payment:credit_cards": null, "addr:floor": null, "drive_through": null, "payment:cash": null, "contact:email": null, "contact:website": null, "owner": null, "contact:phone": null, "contact:fax": null, "name:de": null, "check_date": null, "fax": null, "wheelchair": "yes", "check_date:opening_hours": null, "website": "https://www.rotkreuzplatz-apotheke.de/", "phone": "+49 89 161533", "operator": null, "opening_hours": "Mo-Fr 08:30-19:00; Sa 08:30-18:00", "name": "Rotkreuzplatz-Apotheke", "level": null, "healthcare": "pharmacy", "email": null, "dispensing": null, "amenity": "pharmacy", "addr:street": "Donnersbergerstraße", "addr:postcode": "80634", "addr:housenumber": "5", "addr:country": "DE", "addr:city": "München" }, "geometry": { "type": "Point", "coordinates": [ 11.5327964, 48.1520093 ] } },
{ "type": "Feature", "properties": { "full_id": "n2449105854", "osm_id": "2449105854", "osm_type": "node", "wikipedia": null, "opening_hours:visitors": null, "name:en": null, "payment:coins": null, "full_name": null, "contact:twitter": null, "start_date": null, "old_name": null, "payment:lightning_contactless": null, "payment:lightning": null, "currency:XBT": null, "payment:v_pay": null, "layer": null, "addr:unit": null, "emergency": null, "payment:girocard_contactless": null, "payment:unionpay": null, "payment:paypal": null, "payment:maestro": null, "payment:jcb": null, "payment:ec": null, "payment:american_express": null, "payment:alipay": null, "wikidata": null, "operator:type": null, "official_name": null, "healthcare:speciality": null, "beds": null, "description": null, "wheelchair:description": null, "shop": null, "brand:wikipedia": null, "brand:wikidata": null, "brand": null, "branch": null, "addr:suburb": null, "payment:visa": null, "payment:mastercard": null, "payment:ec_cards": null, "wheelchair:description:de": null, "addr:housename": null, "toilets": null, "payment:qr_code": null, "payment:cards": null, "opening_hours:signed": null, "payment:girocard": null, "internet_access": null, "medical_system:western": null, "health_facility:type": null, "toilets:wheelchair": null, "contact:instagram": null, "contact:facebook": null, "payment:debit_cards": null, "payment:credit_cards": null, "addr:floor": null, "drive_through": null, "payment:cash": null, "contact:email": null, "contact:website": null, "owner": null, "contact:phone": null, "contact:fax": null, "name:de": null, "check_date": null, "fax": null, "wheelchair": "limited", "check_date:opening_hours": "2026-03-27", "website": null, "phone": null, "operator": null, "opening_hours": "Mo-Fr 08:30-18:30; Sa 08:30-12:30", "name": "Benno Apotheke", "level": null, "healthcare": "pharmacy", "email": null, "dispensing": "yes", "amenity": "pharmacy", "addr:street": "Nibelungenstraße", "addr:postcode": "80639", "addr:housenumber": "20", "addr:country": "DE", "addr:city": "München" }, "geometry": { "type": "Point", "coordinates": [ 11.5260818, 48.1530212 ] } },
{ "type": "Feature", "properties": { "full_id": "n330431041", "osm_id": "330431041", "osm_type": "node", "wikipedia": null, "opening_hours:visitors": null, "name:en": null, "payment:coins": null, "full_name": null, "contact:twitter": null, "start_date": null, "old_name": null, "payment:lightning_contactless": null, "payment:lightning": null, "currency:XBT": null, "payment:v_pay": null, "layer": null, "addr:unit": null, "emergency": null, "payment:girocard_contactless": null, "payment:unionpay": null, "payment:paypal": null, "payment:maestro": null, "payment:jcb": null, "payment:ec": null, "payment:american_express": null, "payment:alipay": null, "wikidata": null, "operator:type": null, "official_name": null, "healthcare:speciality": null, "beds": null, "description": null, "wheelchair:description": null, "shop": null, "brand:wikipedia": null, "brand:wikidata": null, "brand": null, "branch": null, "addr:suburb": null, "payment:visa": null, "payment:mastercard": null, "payment:ec_cards": null, "wheelchair:description:de": "Soweit ich weiß gibt es eine hohe Stufe! Ob sie eine Rampe haben, weiß ich nicht.", "addr:housename": null, "toilets": null, "payment:qr_code": null, "payment:cards": null, "opening_hours:signed": null, "payment:girocard": null, "internet_access": null, "medical_system:western": null, "health_facility:type": null, "toilets:wheelchair": null, "contact:instagram": null, "contact:facebook": null, "payment:debit_cards": null, "payment:credit_cards": null, "addr:floor": null, "drive_through": null, "payment:cash": null, "contact:email": null, "contact:website": "https://www.winthir-apotheke.de", "owner": null, "contact:phone": "+49 89 13016460", "contact:fax": null, "name:de": null, "check_date": null, "fax": null, "wheelchair": "yes", "check_date:opening_hours": "2025-12-29", "website": null, "phone": null, "operator": "Hermann Vogel", "opening_hours": "Mo-Fr 08:30-18:30; Sa 08:30-13:00", "name": "Winthir Apotheke", "level": null, "healthcare": "pharmacy", "email": null, "dispensing": "no", "amenity": "pharmacy", "addr:street": "Nymphenburger Straße", "addr:postcode": "80634", "addr:housenumber": "160", "addr:country": "DE", "addr:city": "München" }, "geometry": { "type": "Point", "coordinates": [ 11.5340161, 48.1529931 ] } },
{ "type": "Feature", "properties": { "full_id": "n615826973", "osm_id": "615826973", "osm_type": "node", "wikipedia": null, "opening_hours:visitors": null, "name:en": null, "payment:coins": null, "full_name": null, "contact:twitter": null, "start_date": null, "old_name": null, "payment:lightning_contactless": null, "payment:lightning": null, "currency:XBT": null, "payment:v_pay": null, "layer": null, "addr:unit": null, "emergency": null, "payment:girocard_contactless": null, "payment:unionpay": null, "payment:paypal": null, "payment:maestro": null, "payment:jcb": null, "payment:ec": null, "payment:american_express": null, "payment:alipay": null, "wikidata": null, "operator:type": null, "official_name": null, "healthcare:speciality": null, "beds": null, "description": null, "wheelchair:description": null, "shop": null, "brand:wikipedia": null, "brand:wikidata": null, "brand": null, "branch": null, "addr:suburb": null, "payment:visa": null, "payment:mastercard": null, "payment:ec_cards": null, "wheelchair:description:de": null, "addr:housename": null, "toilets": null, "payment:qr_code": null, "payment:cards": null, "opening_hours:signed": null, "payment:girocard": null, "internet_access": null, "medical_system:western": null, "health_facility:type": null, "toilets:wheelchair": null, "contact:instagram": null, "contact:facebook": null, "payment:debit_cards": null, "payment:credit_cards": null, "addr:floor": null, "drive_through": null, "payment:cash": null, "contact:email": null, "contact:website": "http://www.kranich-apotheke-muenchen.de/", "owner": null, "contact:phone": "+49 89 1301 626-0", "contact:fax": "+49 89 1301 626-88", "name:de": null, "check_date": null, "fax": null, "wheelchair": "yes", "check_date:opening_hours": "2026-03-31", "website": null, "phone": null, "operator": null, "opening_hours": "Mo-Fr 08:30-19:30; Sa 08:30-18:00; Su,PH off", "name": "Kranich-Apotheke", "level": null, "healthcare": "pharmacy", "email": null, "dispensing": "yes", "amenity": "pharmacy", "addr:street": "Wendl-Dietrich-Straße", "addr:postcode": "80634", "addr:housenumber": "2", "addr:country": "DE", "addr:city": "München" }, "geometry": { "type": "Point", "coordinates": [ 11.5319476, 48.1529446 ] } },
{ "type": "Feature", "properties": { "full_id": "n828917183", "osm_id": "828917183", "osm_type": "node", "wikipedia": null, "opening_hours:visitors": null, "name:en": null, "payment:coins": null, "full_name": null, "contact:twitter": null, "start_date": null, "old_name": null, "payment:lightning_contactless": null, "payment:lightning": null, "currency:XBT": null, "payment:v_pay": null, "layer": null, "addr:unit": null, "emergency": null, "payment:girocard_contactless": null, "payment:unionpay": null, "payment:paypal": null, "payment:maestro": null, "payment:jcb": null, "payment:ec": null, "payment:american_express": null, "payment:alipay": null, "wikidata": null, "operator:type": null, "official_name": null, "healthcare:speciality": null, "beds": null, "description": null, "wheelchair:description": null, "shop": null, "brand:wikipedia": null, "brand:wikidata": null, "brand": null, "branch": null, "addr:suburb": null, "payment:visa": null, "payment:mastercard": null, "payment:ec_cards": null, "wheelchair:description:de": null, "addr:housename": null, "toilets": null, "payment:qr_code": null, "payment:cards": null, "opening_hours:signed": null, "payment:girocard": null, "internet_access": null, "medical_system:western": null, "health_facility:type": null, "toilets:wheelchair": null, "contact:instagram": null, "contact:facebook": null, "payment:debit_cards": null, "payment:credit_cards": null, "addr:floor": null, "drive_through": null, "payment:cash": null, "contact:email": null, "contact:website": "https://www.lachner-apotheke.de/", "owner": null, "contact:phone": "+49 89 160 756", "contact:fax": "+49 89 1679 193", "name:de": null, "check_date": null, "fax": null, "wheelchair": "limited", "check_date:opening_hours": null, "website": null, "phone": null, "operator": null, "opening_hours": "Mo-Fr 08:30-18:30; Sa 09:00-13:00", "name": "Lachner Apotheke", "level": null, "healthcare": "pharmacy", "email": null, "dispensing": "yes", "amenity": "pharmacy", "addr:street": "Nymphenburger Straße", "addr:postcode": "80639", "addr:housenumber": "191", "addr:country": "DE", "addr:city": "München" }, "geometry": { "type": "Point", "coordinates": [ 11.5304443, 48.1566063 ] } },
{ "type": "Feature", "properties": { "full_id": "n7031917569", "osm_id": "7031917569", "osm_type": "node", "wikipedia": null, "opening_hours:visitors": null, "name:en": null, "payment:coins": null, "full_name": null, "contact:twitter": null, "start_date": null, "old_name": null, "payment:lightning_contactless": null, "payment:lightning": null, "currency:XBT": null, "payment:v_pay": null, "layer": null, "addr:unit": null, "emergency": null, "payment:girocard_contactless": null, "payment:unionpay": null, "payment:paypal": null, "payment:maestro": null, "payment:jcb": null, "payment:ec": null, "payment:american_express": null, "payment:alipay": null, "wikidata": null, "operator:type": null, "official_name": null, "healthcare:speciality": null, "beds": null, "description": null, "wheelchair:description": null, "shop": null, "brand:wikipedia": null, "brand:wikidata": null, "brand": null, "branch": null, "addr:suburb": null, "payment:visa": null, "payment:mastercard": null, "payment:ec_cards": null, "wheelchair:description:de": null, "addr:housename": null, "toilets": null, "payment:qr_code": null, "payment:cards": null, "opening_hours:signed": null, "payment:girocard": null, "internet_access": null, "medical_system:western": null, "health_facility:type": null, "toilets:wheelchair": null, "contact:instagram": null, "contact:facebook": null, "payment:debit_cards": null, "payment:credit_cards": null, "addr:floor": null, "drive_through": null, "payment:cash": null, "contact:email": "info@rennersche-apotheke.de", "contact:website": "https://www.rennersche-apotheke.de/", "owner": null, "contact:phone": "+49 89 132 036", "contact:fax": "+49 89 168 42 87", "name:de": null, "check_date": null, "fax": null, "wheelchair": "yes", "check_date:opening_hours": null, "website": null, "phone": null, "operator": null, "opening_hours": "Mo-Fr 08:00-18:30; Sa,Su,PH off", "name": "Renner'sche Apotheke", "level": null, "healthcare": "pharmacy", "email": null, "dispensing": "yes", "amenity": "pharmacy", "addr:street": "Volkartstraße", "addr:postcode": "80634", "addr:housenumber": "5", "addr:country": "DE", "addr:city": "München" }, "geometry": { "type": "Point", "coordinates": [ 11.5311283, 48.1544618 ] } },
{ "type": "Feature", "properties": { "full_id": "n2132121908", "osm_id": "2132121908", "osm_type": "node", "wikipedia": null, "opening_hours:visitors": null, "name:en": null, "payment:coins": null, "full_name": null, "contact:twitter": null, "start_date": null, "old_name": null, "payment:lightning_contactless": null, "payment:lightning": null, "currency:XBT": null, "payment:v_pay": null, "layer": null, "addr:unit": null, "emergency": null, "payment:girocard_contactless": null, "payment:unionpay": null, "payment:paypal": null, "payment:maestro": null, "payment:jcb": null, "payment:ec": null, "payment:american_express": null, "payment:alipay": null, "wikidata": null, "operator:type": null, "official_name": null, "healthcare:speciality": null, "beds": null, "description": null, "wheelchair:description": null, "shop": null, "brand:wikipedia": null, "brand:wikidata": null, "brand": null, "branch": null, "addr:suburb": null, "payment:visa": null, "payment:mastercard": null, "payment:ec_cards": null, "wheelchair:description:de": null, "addr:housename": null, "toilets": null, "payment:qr_code": null, "payment:cards": null, "opening_hours:signed": null, "payment:girocard": null, "internet_access": null, "medical_system:western": null, "health_facility:type": null, "toilets:wheelchair": null, "contact:instagram": null, "contact:facebook": null, "payment:debit_cards": null, "payment:credit_cards": null, "addr:floor": null, "drive_through": null, "payment:cash": null, "contact:email": null, "contact:website": "https://www.volpini-apotheke.de", "owner": null, "contact:phone": "+49 89 170650", "contact:fax": null, "name:de": null, "check_date": null, "fax": null, "wheelchair": "yes", "check_date:opening_hours": null, "website": null, "phone": null, "operator": "Karin Moore", "opening_hours": "Mo-Th 08:30-13:00,14:00-18:30; Fr 08:30-18:30; Sa 08:30-12:00", "name": "Volpini-Apotheke", "level": null, "healthcare": "pharmacy", "email": null, "dispensing": null, "amenity": "pharmacy", "addr:street": "Volpinistraße", "addr:postcode": "80638", "addr:housenumber": "19", "addr:country": "DE", "addr:city": "München" }, "geometry": { "type": "Point", "coordinates": [ 11.5115377, 48.1651489 ] } },
{ "type": "Feature", "properties": { "full_id": "n712613253", "osm_id": "712613253", "osm_type": "node", "wikipedia": null, "opening_hours:visitors": null, "name:en": null, "payment:coins": null, "full_name": null, "contact:twitter": null, "start_date": null, "old_name": null, "payment:lightning_contactless": null, "payment:lightning": null, "currency:XBT": null, "payment:v_pay": null, "layer": null, "addr:unit": null, "emergency": null, "payment:girocard_contactless": null, "payment:unionpay": null, "payment:paypal": null, "payment:maestro": null, "payment:jcb": null, "payment:ec": null, "payment:american_express": null, "payment:alipay": null, "wikidata": null, "operator:type": null, "official_name": null, "healthcare:speciality": null, "beds": null, "description": null, "wheelchair:description": null, "shop": null, "brand:wikipedia": null, "brand:wikidata": null, "brand": null, "branch": null, "addr:suburb": null, "payment:visa": null, "payment:mastercard": null, "payment:ec_cards": "yes", "wheelchair:description:de": null, "addr:housename": "Apotheke", "toilets": null, "payment:qr_code": null, "payment:cards": null, "opening_hours:signed": null, "payment:girocard": null, "internet_access": null, "medical_system:western": null, "health_facility:type": null, "toilets:wheelchair": null, "contact:instagram": null, "contact:facebook": null, "payment:debit_cards": null, "payment:credit_cards": null, "addr:floor": null, "drive_through": null, "payment:cash": null, "contact:email": null, "contact:website": null, "owner": null, "contact:phone": null, "contact:fax": null, "name:de": null, "check_date": null, "fax": null, "wheelchair": "limited", "check_date:opening_hours": null, "website": "https://www.gerner-apotheke-muenchen.de", "phone": null, "operator": null, "opening_hours": "Mo,We,Fr 08:00-19:00; Tu,Th 08:00-20:00; Sa 08:15-12:30; Su,PH off", "name": "Gerner-Apotheke", "level": null, "healthcare": "pharmacy", "email": null, "dispensing": null, "amenity": "pharmacy", "addr:street": "Gerner Straße", "addr:postcode": "80638", "addr:housenumber": "15", "addr:country": "DE", "addr:city": "München" }, "geometry": { "type": "Point", "coordinates": [ 11.5239809, 48.1609114 ] } },
{ "type": "Feature", "properties": { "full_id": "n296133706", "osm_id": "296133706", "osm_type": "node", "wikipedia": null, "opening_hours:visitors": null, "name:en": null, "payment:coins": null, "full_name": null, "contact:twitter": null, "start_date": null, "old_name": null, "payment:lightning_contactless": null, "payment:lightning": null, "currency:XBT": null, "payment:v_pay": null, "layer": null, "addr:unit": null, "emergency": null, "payment:girocard_contactless": null, "payment:unionpay": null, "payment:paypal": null, "payment:maestro": null, "payment:jcb": null, "payment:ec": null, "payment:american_express": null, "payment:alipay": null, "wikidata": null, "operator:type": null, "official_name": null, "healthcare:speciality": null, "beds": null, "description": null, "wheelchair:description": null, "shop": null, "brand:wikipedia": null, "brand:wikidata": null, "brand": null, "branch": null, "addr:suburb": null, "payment:visa": null, "payment:mastercard": null, "payment:ec_cards": null, "wheelchair:description:de": null, "addr:housename": null, "toilets": null, "payment:qr_code": null, "payment:cards": null, "opening_hours:signed": null, "payment:girocard": null, "internet_access": null, "medical_system:western": null, "health_facility:type": null, "toilets:wheelchair": null, "contact:instagram": null, "contact:facebook": null, "payment:debit_cards": null, "payment:credit_cards": null, "addr:floor": null, "drive_through": null, "payment:cash": null, "contact:email": null, "contact:website": null, "owner": null, "contact:phone": null, "contact:fax": null, "name:de": null, "check_date": null, "fax": null, "wheelchair": "no", "check_date:opening_hours": "2024-05-04", "website": null, "phone": null, "operator": null, "opening_hours": "Mo-Fr 08:30-18:30; Sa 08:30-12:00", "name": "Dante-Apotheke", "level": null, "healthcare": "pharmacy", "email": null, "dispensing": null, "amenity": "pharmacy", "addr:street": "Waisenhausstraße", "addr:postcode": "80637", "addr:housenumber": "60", "addr:country": "DE", "addr:city": "München" }, "geometry": { "type": "Point", "coordinates": [ 11.5291893, 48.1636359 ] } },
{ "type": "Feature", "properties": { "full_id": "n915952292", "osm_id": "915952292", "osm_type": "node", "wikipedia": null, "opening_hours:visitors": null, "name:en": null, "payment:coins": null, "full_name": null, "contact:twitter": null, "start_date": null, "old_name": null, "payment:lightning_contactless": null, "payment:lightning": null, "currency:XBT": null, "payment:v_pay": null, "layer": null, "addr:unit": null, "emergency": null, "payment:girocard_contactless": null, "payment:unionpay": null, "payment:paypal": null, "payment:maestro": null, "payment:jcb": null, "payment:ec": null, "payment:american_express": null, "payment:alipay": null, "wikidata": null, "operator:type": null, "official_name": null, "healthcare:speciality": null, "beds": null, "description": null, "wheelchair:description": null, "shop": null, "brand:wikipedia": null, "brand:wikidata": null, "brand": null, "branch": null, "addr:suburb": null, "payment:visa": "yes", "payment:mastercard": "yes", "payment:ec_cards": null, "wheelchair:description:de": null, "addr:housename": null, "toilets": null, "payment:qr_code": null, "payment:cards": null, "opening_hours:signed": null, "payment:girocard": null, "internet_access": null, "medical_system:western": null, "health_facility:type": null, "toilets:wheelchair": null, "contact:instagram": null, "contact:facebook": null, "payment:debit_cards": null, "payment:credit_cards": null, "addr:floor": null, "drive_through": "no", "payment:cash": null, "contact:email": null, "contact:website": null, "owner": null, "contact:phone": null, "contact:fax": null, "name:de": null, "check_date": "2025-10-16", "fax": null, "wheelchair": "limited", "check_date:opening_hours": "2025-10-16", "website": null, "phone": null, "operator": "Judith Wiktorin", "opening_hours": "Mo-Fr 08:30-13:00,14:30-18:30; Sa 08:30-12:30", "name": "Apotheke Hartmannshofen", "level": null, "healthcare": "pharmacy", "email": null, "dispensing": "yes", "amenity": "pharmacy", "addr:street": "Riezlerweg", "addr:postcode": "80997", "addr:housenumber": "8", "addr:country": "DE", "addr:city": "München" }, "geometry": { "type": "Point", "coordinates": [ 11.4864369, 48.1807679 ] } },
{ "type": "Feature", "properties": { "full_id": "n1029909586", "osm_id": "1029909586", "osm_type": "node", "wikipedia": null, "opening_hours:visitors": null, "name:en": null, "payment:coins": null, "full_name": null, "contact:twitter": null, "start_date": null, "old_name": null, "payment:lightning_contactless": null, "payment:lightning": null, "currency:XBT": null, "payment:v_pay": null, "layer": null, "addr:unit": null, "emergency": null, "payment:girocard_contactless": null, "payment:unionpay": null, "payment:paypal": null, "payment:maestro": null, "payment:jcb": null, "payment:ec": null, "payment:american_express": null, "payment:alipay": null, "wikidata": null, "operator:type": null, "official_name": null, "healthcare:speciality": null, "beds": null, "description": null, "wheelchair:description": null, "shop": null, "brand:wikipedia": null, "brand:wikidata": null, "brand": null, "branch": null, "addr:suburb": null, "payment:visa": null, "payment:mastercard": null, "payment:ec_cards": null, "wheelchair:description:de": null, "addr:housename": null, "toilets": null, "payment:qr_code": null, "payment:cards": null, "opening_hours:signed": null, "payment:girocard": null, "internet_access": null, "medical_system:western": null, "health_facility:type": null, "toilets:wheelchair": null, "contact:instagram": null, "contact:facebook": null, "payment:debit_cards": null, "payment:credit_cards": null, "addr:floor": null, "drive_through": null, "payment:cash": null, "contact:email": null, "contact:website": null, "owner": null, "contact:phone": null, "contact:fax": null, "name:de": null, "check_date": null, "fax": null, "wheelchair": null, "check_date:opening_hours": null, "website": null, "phone": null, "operator": null, "opening_hours": null, "name": "St. Thomas Apotheke", "level": null, "healthcare": "pharmacy", "email": null, "dispensing": null, "amenity": "pharmacy", "addr:street": null, "addr:postcode": null, "addr:housenumber": null, "addr:country": null, "addr:city": null }, "geometry": { "type": "Point", "coordinates": [ 11.4972965, 48.1815072 ] } },
{ "type": "Feature", "properties": { "full_id": "n1062378385", "osm_id": "1062378385", "osm_type": "node", "wikipedia": null, "opening_hours:visitors": null, "name:en": null, "payment:coins": null, "full_name": null, "contact:twitter": null, "start_date": null, "old_name": null, "payment:lightning_contactless": null, "payment:lightning": null, "currency:XBT": null, "payment:v_pay": null, "layer": null, "addr:unit": null, "emergency": null, "payment:girocard_contactless": null, "payment:unionpay": null, "payment:paypal": null, "payment:maestro": null, "payment:jcb": null, "payment:ec": null, "payment:american_express": null, "payment:alipay": null, "wikidata": null, "operator:type": null, "official_name": null, "healthcare:speciality": null, "beds": null, "description": null, "wheelchair:description": null, "shop": null, "brand:wikipedia": null, "brand:wikidata": null, "brand": null, "branch": "Moosach", "addr:suburb": "Moosach", "payment:visa": null, "payment:mastercard": null, "payment:ec_cards": null, "wheelchair:description:de": null, "addr:housename": null, "toilets": null, "payment:qr_code": null, "payment:cards": null, "opening_hours:signed": null, "payment:girocard": null, "internet_access": null, "medical_system:western": null, "health_facility:type": null, "toilets:wheelchair": null, "contact:instagram": null, "contact:facebook": null, "payment:debit_cards": null, "payment:credit_cards": null, "addr:floor": null, "drive_through": null, "payment:cash": null, "contact:email": "moosach@marys-apotheke.de", "contact:website": "https://moosach.marys-apotheke.de/", "owner": null, "contact:phone": "+49 89 219 091323", "contact:fax": "+49 89 219 091423", "name:de": null, "check_date": null, "fax": null, "wheelchair": "yes", "check_date:opening_hours": null, "website": null, "phone": null, "operator": "Dr. Verena Ruß e.K.", "opening_hours": "Mo-Th 08:00-19:00; Fr 08:00-18:30; Sa 08:30-14:00; PH off", "name": "Mary's Apotheke", "level": null, "healthcare": "pharmacy", "email": null, "dispensing": "yes", "amenity": "pharmacy", "addr:street": "Bunzlauer Straße", "addr:postcode": "80992", "addr:housenumber": "7", "addr:country": "DE", "addr:city": "München" }, "geometry": { "type": "Point", "coordinates": [ 11.5070989, 48.1804725 ] } },
{ "type": "Feature", "properties": { "full_id": "n3743545021", "osm_id": "3743545021", "osm_type": "node", "wikipedia": null, "opening_hours:visitors": null, "name:en": null, "payment:coins": null, "full_name": null, "contact:twitter": null, "start_date": null, "old_name": null, "payment:lightning_contactless": null, "payment:lightning": null, "currency:XBT": null, "payment:v_pay": null, "layer": null, "addr:unit": null, "emergency": null, "payment:girocard_contactless": null, "payment:unionpay": null, "payment:paypal": null, "payment:maestro": null, "payment:jcb": null, "payment:ec": null, "payment:american_express": null, "payment:alipay": null, "wikidata": null, "operator:type": null, "official_name": null, "healthcare:speciality": null, "beds": null, "description": null, "wheelchair:description": null, "shop": null, "brand:wikipedia": null, "brand:wikidata": null, "brand": null, "branch": null, "addr:suburb": null, "payment:visa": null, "payment:mastercard": null, "payment:ec_cards": null, "wheelchair:description:de": null, "addr:housename": null, "toilets": null, "payment:qr_code": null, "payment:cards": null, "opening_hours:signed": null, "payment:girocard": null, "internet_access": null, "medical_system:western": null, "health_facility:type": null, "toilets:wheelchair": null, "contact:instagram": null, "contact:facebook": null, "payment:debit_cards": null, "payment:credit_cards": null, "addr:floor": null, "drive_through": "no", "payment:cash": null, "contact:email": null, "contact:website": null, "owner": null, "contact:phone": null, "contact:fax": null, "name:de": null, "check_date": null, "fax": null, "wheelchair": "yes", "check_date:opening_hours": null, "website": "https://www.apo-bunzlauerplatz.de/", "phone": null, "operator": "Peter Erhardt", "opening_hours": "Mo-Sa 09:00-20:00", "name": "Apotheke am Bunzlauer Platz", "level": "0", "healthcare": "pharmacy", "email": null, "dispensing": null, "amenity": "pharmacy", "addr:street": null, "addr:postcode": null, "addr:housenumber": null, "addr:country": null, "addr:city": null }, "geometry": { "type": "Point", "coordinates": [ 11.506077, 48.1790366 ] } },
{ "type": "Feature", "properties": { "full_id": "n741558337", "osm_id": "741558337", "osm_type": "node", "wikipedia": null, "opening_hours:visitors": null, "name:en": null, "payment:coins": null, "full_name": null, "contact:twitter": null, "start_date": null, "old_name": null, "payment:lightning_contactless": null, "payment:lightning": null, "currency:XBT": null, "payment:v_pay": null, "layer": null, "addr:unit": null, "emergency": null, "payment:girocard_contactless": null, "payment:unionpay": null, "payment:paypal": null, "payment:maestro": null, "payment:jcb": null, "payment:ec": null, "payment:american_express": null, "payment:alipay": null, "wikidata": null, "operator:type": null, "official_name": null, "healthcare:speciality": null, "beds": null, "description": null, "wheelchair:description": null, "shop": null, "brand:wikipedia": null, "brand:wikidata": null, "brand": null, "branch": null, "addr:suburb": "Moosach", "payment:visa": null, "payment:mastercard": null, "payment:ec_cards": null, "wheelchair:description:de": null, "addr:housename": null, "toilets": null, "payment:qr_code": null, "payment:cards": null, "opening_hours:signed": null, "payment:girocard": null, "internet_access": null, "medical_system:western": null, "health_facility:type": null, "toilets:wheelchair": null, "contact:instagram": null, "contact:facebook": null, "payment:debit_cards": null, "payment:credit_cards": null, "addr:floor": null, "drive_through": null, "payment:cash": null, "contact:email": "info@schworm-apotheke.de", "contact:website": "http://www.schworm-apotheke.de/start.htm", "owner": null, "contact:phone": "+49 89 149 5500", "contact:fax": "+49 89 149 5508", "name:de": null, "check_date": null, "fax": null, "wheelchair": "yes", "check_date:opening_hours": null, "website": null, "phone": null, "operator": "Apotheker Florian Raß e.K.", "opening_hours": "Mo,Tu,Th,Fr 08:30-18:30; Sa 09:00-13:00; We 08:30-13:00; Su,PH off", "name": "Schworm Apotheke", "level": null, "healthcare": "pharmacy", "email": null, "dispensing": "yes", "amenity": "pharmacy", "addr:street": "Dachauer Straße", "addr:postcode": "80992", "addr:housenumber": "413", "addr:country": "DE", "addr:city": "München" }, "geometry": { "type": "Point", "coordinates": [ 11.5130156, 48.1799224 ] } },
{ "type": "Feature", "properties": { "full_id": "n1752165346", "osm_id": "1752165346", "osm_type": "node", "wikipedia": null, "opening_hours:visitors": null, "name:en": null, "payment:coins": null, "full_name": null, "contact:twitter": null, "start_date": null, "old_name": null, "payment:lightning_contactless": null, "payment:lightning": null, "currency:XBT": null, "payment:v_pay": null, "layer": null, "addr:unit": null, "emergency": null, "payment:girocard_contactless": null, "payment:unionpay": null, "payment:paypal": null, "payment:maestro": null, "payment:jcb": null, "payment:ec": null, "payment:american_express": null, "payment:alipay": null, "wikidata": null, "operator:type": null, "official_name": null, "healthcare:speciality": null, "beds": null, "description": null, "wheelchair:description": null, "shop": null, "brand:wikipedia": null, "brand:wikidata": null, "brand": null, "branch": null, "addr:suburb": "Moosach", "payment:visa": null, "payment:mastercard": null, "payment:ec_cards": null, "wheelchair:description:de": null, "addr:housename": null, "toilets": null, "payment:qr_code": null, "payment:cards": null, "opening_hours:signed": null, "payment:girocard": null, "internet_access": null, "medical_system:western": null, "health_facility:type": null, "toilets:wheelchair": null, "contact:instagram": null, "contact:facebook": null, "payment:debit_cards": null, "payment:credit_cards": null, "addr:floor": null, "drive_through": null, "payment:cash": null, "contact:email": "pelkovenapotheke@t-online.de", "contact:website": "https://www.pelkoven-apotheke-muenchen.de/", "owner": null, "contact:phone": "+49 89 141 3998", "contact:fax": "+49 89 144 278", "name:de": null, "check_date": null, "fax": null, "wheelchair": "yes", "check_date:opening_hours": null, "website": null, "phone": null, "operator": "Mandana Fatemi", "opening_hours": "Sa 09:00-13:00; Mo-Fr 08:30-18:30", "name": "Pelkoven Apotheke", "level": null, "healthcare": "pharmacy", "email": null, "dispensing": "yes", "amenity": "pharmacy", "addr:street": "Bunzlauer Straße", "addr:postcode": "80992", "addr:housenumber": "15", "addr:country": "DE", "addr:city": "München" }, "geometry": { "type": "Point", "coordinates": [ 11.5087072, 48.1812306 ] } },
{ "type": "Feature", "properties": { "full_id": "n1209458864", "osm_id": "1209458864", "osm_type": "node", "wikipedia": null, "opening_hours:visitors": null, "name:en": null, "payment:coins": null, "full_name": null, "contact:twitter": null, "start_date": null, "old_name": null, "payment:lightning_contactless": null, "payment:lightning": null, "currency:XBT": null, "payment:v_pay": null, "layer": null, "addr:unit": null, "emergency": null, "payment:girocard_contactless": null, "payment:unionpay": null, "payment:paypal": null, "payment:maestro": null, "payment:jcb": null, "payment:ec": null, "payment:american_express": null, "payment:alipay": null, "wikidata": null, "operator:type": null, "official_name": null, "healthcare:speciality": null, "beds": null, "description": null, "wheelchair:description": null, "shop": null, "brand:wikipedia": null, "brand:wikidata": null, "brand": null, "branch": null, "addr:suburb": null, "payment:visa": null, "payment:mastercard": null, "payment:ec_cards": null, "wheelchair:description:de": null, "addr:housename": null, "toilets": null, "payment:qr_code": null, "payment:cards": null, "opening_hours:signed": null, "payment:girocard": null, "internet_access": null, "medical_system:western": null, "health_facility:type": null, "toilets:wheelchair": null, "contact:instagram": null, "contact:facebook": null, "payment:debit_cards": null, "payment:credit_cards": null, "addr:floor": null, "drive_through": null, "payment:cash": null, "contact:email": null, "contact:website": null, "owner": null, "contact:phone": null, "contact:fax": null, "name:de": null, "check_date": null, "fax": null, "wheelchair": "yes", "check_date:opening_hours": "2025-12-23", "website": null, "phone": null, "operator": null, "opening_hours": "Mo-Fr 08:30-18:30", "name": "Moosacher Apotheke", "level": null, "healthcare": "pharmacy", "email": null, "dispensing": null, "amenity": "pharmacy", "addr:street": "Feldmochinger Straße", "addr:postcode": "80992", "addr:housenumber": "10", "addr:country": "DE", "addr:city": "München" }, "geometry": { "type": "Point", "coordinates": [ 11.5215561, 48.1780296 ] } },
{ "type": "Feature", "properties": { "full_id": "n386621116", "osm_id": "386621116", "osm_type": "node", "wikipedia": null, "opening_hours:visitors": null, "name:en": null, "payment:coins": null, "full_name": null, "contact:twitter": null, "start_date": null, "old_name": null, "payment:lightning_contactless": null, "payment:lightning": null, "currency:XBT": null, "payment:v_pay": null, "layer": null, "addr:unit": null, "emergency": null, "payment:girocard_contactless": null, "payment:unionpay": null, "payment:paypal": null, "payment:maestro": null, "payment:jcb": null, "payment:ec": null, "payment:american_express": null, "payment:alipay": null, "wikidata": null, "operator:type": null, "official_name": null, "healthcare:speciality": null, "beds": null, "description": null, "wheelchair:description": null, "shop": null, "brand:wikipedia": null, "brand:wikidata": null, "brand": null, "branch": null, "addr:suburb": null, "payment:visa": null, "payment:mastercard": null, "payment:ec_cards": null, "wheelchair:description:de": null, "addr:housename": null, "toilets": null, "payment:qr_code": null, "payment:cards": null, "opening_hours:signed": null, "payment:girocard": null, "internet_access": null, "medical_system:western": null, "health_facility:type": null, "toilets:wheelchair": null, "contact:instagram": null, "contact:facebook": null, "payment:debit_cards": null, "payment:credit_cards": null, "addr:floor": null, "drive_through": null, "payment:cash": null, "contact:email": null, "contact:website": null, "owner": null, "contact:phone": null, "contact:fax": null, "name:de": null, "check_date": "2026-03-23", "fax": "+49 89 150 011 130", "wheelchair": "yes", "check_date:opening_hours": "2026-02-28", "website": "https://www.apotheken.com/apotheken.html", "phone": "+49 89 150 011 10", "operator": null, "opening_hours": "Mo-Fr 08:00-20:00; Sa 08:30-20:00", "name": "SaniPlus", "level": "0", "healthcare": "pharmacy", "email": "apo.medicenter@saniplus.de", "dispensing": null, "amenity": "pharmacy", "addr:street": null, "addr:postcode": null, "addr:housenumber": null, "addr:country": null, "addr:city": null }, "geometry": { "type": "Point", "coordinates": [ 11.5290792, 48.182289 ] } },
{ "type": "Feature", "properties": { "full_id": "n305371190", "osm_id": "305371190", "osm_type": "node", "wikipedia": null, "opening_hours:visitors": null, "name:en": null, "payment:coins": null, "full_name": null, "contact:twitter": null, "start_date": null, "old_name": null, "payment:lightning_contactless": null, "payment:lightning": null, "currency:XBT": null, "payment:v_pay": null, "layer": null, "addr:unit": null, "emergency": null, "payment:girocard_contactless": null, "payment:unionpay": null, "payment:paypal": null, "payment:maestro": null, "payment:jcb": null, "payment:ec": null, "payment:american_express": null, "payment:alipay": null, "wikidata": null, "operator:type": null, "official_name": null, "healthcare:speciality": null, "beds": null, "description": null, "wheelchair:description": null, "shop": null, "brand:wikipedia": null, "brand:wikidata": null, "brand": null, "branch": null, "addr:suburb": null, "payment:visa": null, "payment:mastercard": null, "payment:ec_cards": null, "wheelchair:description:de": null, "addr:housename": null, "toilets": null, "payment:qr_code": null, "payment:cards": null, "opening_hours:signed": null, "payment:girocard": null, "internet_access": null, "medical_system:western": null, "health_facility:type": null, "toilets:wheelchair": null, "contact:instagram": null, "contact:facebook": null, "payment:debit_cards": null, "payment:credit_cards": null, "addr:floor": null, "drive_through": null, "payment:cash": null, "contact:email": null, "contact:website": null, "owner": null, "contact:phone": null, "contact:fax": null, "name:de": null, "check_date": null, "fax": null, "wheelchair": "yes", "check_date:opening_hours": null, "website": "https://mocho-apotheke.jimdoweb.com/", "phone": "+49 89 31215738", "operator": null, "opening_hours": "Sa 08:30-13:00, Mo-Fr 08:00-13:00, Mo-Fr 14:00-18:30", "name": "Mocho Apotheke", "level": null, "healthcare": "pharmacy", "email": null, "dispensing": "yes", "amenity": "pharmacy", "addr:street": "Josef-Frankl-Straße", "addr:postcode": "80995", "addr:housenumber": "47", "addr:country": null, "addr:city": "München" }, "geometry": { "type": "Point", "coordinates": [ 11.5308501, 48.2150182 ] } },
{ "type": "Feature", "properties": { "full_id": "n135751208", "osm_id": "135751208", "osm_type": "node", "wikipedia": null, "opening_hours:visitors": null, "name:en": null, "payment:coins": null, "full_name": null, "contact:twitter": null, "start_date": null, "old_name": null, "payment:lightning_contactless": null, "payment:lightning": null, "currency:XBT": null, "payment:v_pay": null, "layer": null, "addr:unit": null, "emergency": null, "payment:girocard_contactless": null, "payment:unionpay": null, "payment:paypal": null, "payment:maestro": null, "payment:jcb": null, "payment:ec": null, "payment:american_express": null, "payment:alipay": null, "wikidata": null, "operator:type": null, "official_name": null, "healthcare:speciality": null, "beds": null, "description": null, "wheelchair:description": null, "shop": null, "brand:wikipedia": null, "brand:wikidata": null, "brand": null, "branch": null, "addr:suburb": null, "payment:visa": null, "payment:mastercard": null, "payment:ec_cards": null, "wheelchair:description:de": null, "addr:housename": null, "toilets": null, "payment:qr_code": null, "payment:cards": null, "opening_hours:signed": null, "payment:girocard": null, "internet_access": null, "medical_system:western": null, "health_facility:type": null, "toilets:wheelchair": null, "contact:instagram": null, "contact:facebook": null, "payment:debit_cards": null, "payment:credit_cards": null, "addr:floor": null, "drive_through": null, "payment:cash": null, "contact:email": null, "contact:website": null, "owner": null, "contact:phone": null, "contact:fax": null, "name:de": null, "check_date": null, "fax": "+49 89 309086 28", "wheelchair": "yes", "check_date:opening_hours": "2026-03-07", "website": "https://www.rondell-apotheke.de/", "phone": "+49 89 309086 0", "operator": null, "opening_hours": "Sa 08:30-13:00; Mo-Fr 08:00-18:30; PH off", "name": "Rondell Apotheke", "level": null, "healthcare": "pharmacy", "email": "service@rondell-apotheke.de", "dispensing": null, "amenity": "pharmacy", "addr:street": "Isenschmidstraße", "addr:postcode": "81545", "addr:housenumber": "19", "addr:country": "DE", "addr:city": "München" }, "geometry": { "type": "Point", "coordinates": [ 11.5562737, 48.0907059 ] } },
{ "type": "Feature", "properties": { "full_id": "n8272220811", "osm_id": "8272220811", "osm_type": "node", "wikipedia": null, "opening_hours:visitors": null, "name:en": null, "payment:coins": null, "full_name": null, "contact:twitter": null, "start_date": null, "old_name": null, "payment:lightning_contactless": null, "payment:lightning": null, "currency:XBT": null, "payment:v_pay": null, "layer": null, "addr:unit": null, "emergency": null, "payment:girocard_contactless": null, "payment:unionpay": null, "payment:paypal": null, "payment:maestro": null, "payment:jcb": null, "payment:ec": null, "payment:american_express": null, "payment:alipay": null, "wikidata": null, "operator:type": null, "official_name": null, "healthcare:speciality": null, "beds": null, "description": null, "wheelchair:description": null, "shop": "chemist", "brand:wikipedia": "de:Rossmann (Handelskette)", "brand:wikidata": "Q316004", "brand": "Rossmann", "branch": null, "addr:suburb": null, "payment:visa": null, "payment:mastercard": null, "payment:ec_cards": null, "wheelchair:description:de": null, "addr:housename": null, "toilets": null, "payment:qr_code": null, "payment:cards": null, "opening_hours:signed": null, "payment:girocard": null, "internet_access": null, "medical_system:western": null, "health_facility:type": null, "toilets:wheelchair": null, "contact:instagram": null, "contact:facebook": null, "payment:debit_cards": null, "payment:credit_cards": null, "addr:floor": null, "drive_through": null, "payment:cash": null, "contact:email": null, "contact:website": null, "owner": null, "contact:phone": null, "contact:fax": null, "name:de": null, "check_date": null, "fax": null, "wheelchair": "yes", "check_date:opening_hours": "2026-06-07", "website": null, "phone": null, "operator": null, "opening_hours": "Mo-Sa 08:00-20:00", "name": "Rossmann", "level": null, "healthcare": null, "email": null, "dispensing": null, "amenity": "pharmacy", "addr:street": null, "addr:postcode": null, "addr:housenumber": null, "addr:country": null, "addr:city": null }, "geometry": { "type": "Point", "coordinates": [ 11.5996295, 48.0878324 ] } },
{ "type": "Feature", "properties": { "full_id": "n318861629", "osm_id": "318861629", "osm_type": "node", "wikipedia": null, "opening_hours:visitors": null, "name:en": null, "payment:coins": null, "full_name": null, "contact:twitter": null, "start_date": null, "old_name": null, "payment:lightning_contactless": null, "payment:lightning": null, "currency:XBT": null, "payment:v_pay": null, "layer": null, "addr:unit": null, "emergency": null, "payment:girocard_contactless": null, "payment:unionpay": null, "payment:paypal": null, "payment:maestro": null, "payment:jcb": null, "payment:ec": null, "payment:american_express": null, "payment:alipay": null, "wikidata": null, "operator:type": null, "official_name": null, "healthcare:speciality": null, "beds": null, "description": null, "wheelchair:description": null, "shop": null, "brand:wikipedia": null, "brand:wikidata": null, "brand": null, "branch": null, "addr:suburb": null, "payment:visa": null, "payment:mastercard": null, "payment:ec_cards": null, "wheelchair:description:de": null, "addr:housename": null, "toilets": null, "payment:qr_code": null, "payment:cards": null, "opening_hours:signed": null, "payment:girocard": null, "internet_access": null, "medical_system:western": null, "health_facility:type": null, "toilets:wheelchair": null, "contact:instagram": null, "contact:facebook": null, "payment:debit_cards": null, "payment:credit_cards": null, "addr:floor": null, "drive_through": null, "payment:cash": null, "contact:email": null, "contact:website": null, "owner": null, "contact:phone": null, "contact:fax": null, "name:de": null, "check_date": null, "fax": null, "wheelchair": "yes", "check_date:opening_hours": "2026-06-07", "website": null, "phone": null, "operator": null, "opening_hours": "Mo-Th 08:00-18:30; Fr 08:00-18:00; Sa 08:30-13:00", "name": "ABC-Apotheke", "level": null, "healthcare": "pharmacy", "email": null, "dispensing": "no", "amenity": "pharmacy", "addr:street": "Minnewitstraße", "addr:postcode": "81549", "addr:housenumber": "41", "addr:country": null, "addr:city": "München" }, "geometry": { "type": "Point", "coordinates": [ 11.6001175, 48.087486 ] } },
{ "type": "Feature", "properties": { "full_id": "n309452507", "osm_id": "309452507", "osm_type": "node", "wikipedia": null, "opening_hours:visitors": null, "name:en": null, "payment:coins": null, "full_name": null, "contact:twitter": null, "start_date": null, "old_name": null, "payment:lightning_contactless": null, "payment:lightning": null, "currency:XBT": null, "payment:v_pay": null, "layer": null, "addr:unit": null, "emergency": null, "payment:girocard_contactless": null, "payment:unionpay": null, "payment:paypal": null, "payment:maestro": null, "payment:jcb": null, "payment:ec": null, "payment:american_express": null, "payment:alipay": null, "wikidata": null, "operator:type": null, "official_name": null, "healthcare:speciality": null, "beds": null, "description": null, "wheelchair:description": "Mobile Rampe vorhanden, Klopfen Klingeln!", "shop": null, "brand:wikipedia": null, "brand:wikidata": null, "brand": null, "branch": null, "addr:suburb": null, "payment:visa": null, "payment:mastercard": null, "payment:ec_cards": null, "wheelchair:description:de": null, "addr:housename": null, "toilets": null, "payment:qr_code": "no", "payment:cards": "yes", "opening_hours:signed": null, "payment:girocard": null, "internet_access": null, "medical_system:western": null, "health_facility:type": null, "toilets:wheelchair": null, "contact:instagram": null, "contact:facebook": null, "payment:debit_cards": null, "payment:credit_cards": null, "addr:floor": null, "drive_through": null, "payment:cash": "yes", "contact:email": null, "contact:website": null, "owner": null, "contact:phone": null, "contact:fax": null, "name:de": null, "check_date": null, "fax": "+49 89 7242114", "wheelchair": "limited", "check_date:opening_hours": "2026-08-09", "website": "https://isartal-apotheke.de", "phone": "+49 89 7231393", "operator": null, "opening_hours": "Mo,Tu,Th,Fr 08:30-18:30; Sa 09:00-12:00; We 08:30-15:00; PH off", "name": "Isartal-Apotheke", "level": null, "healthcare": "pharmacy", "email": "info@isartal-apotheke.de", "dispensing": null, "amenity": "pharmacy", "addr:street": "Pullacher Platz", "addr:postcode": null, "addr:housenumber": "8", "addr:country": "DE", "addr:city": "München" }, "geometry": { "type": "Point", "coordinates": [ 11.544638, 48.1052126 ] } },
{ "type": "Feature", "properties": { "full_id": "n430262657", "osm_id": "430262657", "osm_type": "node", "wikipedia": null, "opening_hours:visitors": null, "name:en": null, "payment:coins": null, "full_name": null, "contact:twitter": null, "start_date": null, "old_name": null, "payment:lightning_contactless": null, "payment:lightning": null, "currency:XBT": null, "payment:v_pay": null, "layer": null, "addr:unit": null, "emergency": null, "payment:girocard_contactless": null, "payment:unionpay": null, "payment:paypal": null, "payment:maestro": null, "payment:jcb": null, "payment:ec": null, "payment:american_express": null, "payment:alipay": null, "wikidata": null, "operator:type": null, "official_name": null, "healthcare:speciality": null, "beds": null, "description": null, "wheelchair:description": null, "shop": null, "brand:wikipedia": null, "brand:wikidata": null, "brand": null, "branch": null, "addr:suburb": null, "payment:visa": null, "payment:mastercard": null, "payment:ec_cards": null, "wheelchair:description:de": null, "addr:housename": null, "toilets": null, "payment:qr_code": null, "payment:cards": null, "opening_hours:signed": null, "payment:girocard": null, "internet_access": null, "medical_system:western": null, "health_facility:type": null, "toilets:wheelchair": null, "contact:instagram": null, "contact:facebook": null, "payment:debit_cards": null, "payment:credit_cards": null, "addr:floor": null, "drive_through": null, "payment:cash": null, "contact:email": "service@behring-apo.com", "contact:website": "https://www.behring-apo.com", "owner": null, "contact:phone": "+49 89 765 300", "contact:fax": null, "name:de": null, "check_date": "2025-08-16", "fax": null, "wheelchair": "limited", "check_date:opening_hours": "2025-08-16", "website": null, "phone": null, "operator": null, "opening_hours": "Mo-Fr 08:30-18:30; Sa 09:00-14:00", "name": "Behring-Apotheke", "level": "0", "healthcare": "pharmacy", "email": null, "dispensing": null, "amenity": "pharmacy", "addr:street": "Plinganserstraße", "addr:postcode": "81369", "addr:housenumber": "34", "addr:country": "DE", "addr:city": "München" }, "geometry": { "type": "Point", "coordinates": [ 11.5402927, 48.1184738 ] } },
{ "type": "Feature", "properties": { "full_id": "n792969283", "osm_id": "792969283", "osm_type": "node", "wikipedia": null, "opening_hours:visitors": null, "name:en": null, "payment:coins": null, "full_name": null, "contact:twitter": null, "start_date": null, "old_name": null, "payment:lightning_contactless": null, "payment:lightning": null, "currency:XBT": null, "payment:v_pay": null, "layer": null, "addr:unit": null, "emergency": null, "payment:girocard_contactless": null, "payment:unionpay": null, "payment:paypal": null, "payment:maestro": null, "payment:jcb": null, "payment:ec": null, "payment:american_express": null, "payment:alipay": null, "wikidata": null, "operator:type": null, "official_name": null, "healthcare:speciality": null, "beds": null, "description": null, "wheelchair:description": null, "shop": null, "brand:wikipedia": null, "brand:wikidata": null, "brand": null, "branch": null, "addr:suburb": null, "payment:visa": null, "payment:mastercard": null, "payment:ec_cards": null, "wheelchair:description:de": null, "addr:housename": null, "toilets": null, "payment:qr_code": null, "payment:cards": null, "opening_hours:signed": null, "payment:girocard": null, "internet_access": null, "medical_system:western": null, "health_facility:type": null, "toilets:wheelchair": null, "contact:instagram": null, "contact:facebook": null, "payment:debit_cards": null, "payment:credit_cards": null, "addr:floor": null, "drive_through": null, "payment:cash": null, "contact:email": "bestellung@stvitus-online.de", "contact:website": "https://www.stvitus-online.de/", "owner": null, "contact:phone": "+49 89 725 11 66", "contact:fax": "+49 89 747 913 88", "name:de": null, "check_date": null, "fax": null, "wheelchair": "yes", "check_date:opening_hours": "2026-07-04", "website": null, "phone": null, "operator": "Barbara Plechatny", "opening_hours": "Mo-Fr 08:00-19:00; Sa 08:00-14:00", "name": "St. Vitus Apotheke", "level": "0", "healthcare": "pharmacy", "email": null, "dispensing": null, "amenity": "pharmacy", "addr:street": "Plinganserstraße", "addr:postcode": "81369", "addr:housenumber": "47", "addr:country": "DE", "addr:city": "München" }, "geometry": { "type": "Point", "coordinates": [ 11.5403347, 48.1172571 ] } },
{ "type": "Feature", "properties": { "full_id": "n1973959283", "osm_id": "1973959283", "osm_type": "node", "wikipedia": null, "opening_hours:visitors": null, "name:en": null, "payment:coins": null, "full_name": null, "contact:twitter": null, "start_date": null, "old_name": null, "payment:lightning_contactless": null, "payment:lightning": null, "currency:XBT": null, "payment:v_pay": null, "layer": null, "addr:unit": null, "emergency": null, "payment:girocard_contactless": null, "payment:unionpay": null, "payment:paypal": null, "payment:maestro": null, "payment:jcb": null, "payment:ec": null, "payment:american_express": null, "payment:alipay": null, "wikidata": null, "operator:type": null, "official_name": null, "healthcare:speciality": null, "beds": null, "description": null, "wheelchair:description": null, "shop": null, "brand:wikipedia": null, "brand:wikidata": null, "brand": null, "branch": null, "addr:suburb": null, "payment:visa": null, "payment:mastercard": null, "payment:ec_cards": null, "wheelchair:description:de": null, "addr:housename": null, "toilets": null, "payment:qr_code": null, "payment:cards": null, "opening_hours:signed": null, "payment:girocard": null, "internet_access": null, "medical_system:western": null, "health_facility:type": null, "toilets:wheelchair": null, "contact:instagram": null, "contact:facebook": null, "payment:debit_cards": null, "payment:credit_cards": null, "addr:floor": null, "drive_through": null, "payment:cash": null, "contact:email": null, "contact:website": null, "owner": null, "contact:phone": null, "contact:fax": null, "name:de": null, "check_date": "2025-10-18", "fax": null, "wheelchair": "no", "check_date:opening_hours": "2025-10-18", "website": null, "phone": null, "operator": null, "opening_hours": "Mo-Fr 08:30-18:30; Sa 08:30-12:30", "name": "Oberländer Apotheke", "level": "0", "healthcare": "pharmacy", "email": null, "dispensing": "yes", "amenity": "pharmacy", "addr:street": "Daiserstraße", "addr:postcode": "81371", "addr:housenumber": "27", "addr:country": "DE", "addr:city": "München" }, "geometry": { "type": "Point", "coordinates": [ 11.5440443, 48.1193951 ] } },
{ "type": "Feature", "properties": { "full_id": "n2335408878", "osm_id": "2335408878", "osm_type": "node", "wikipedia": null, "opening_hours:visitors": null, "name:en": null, "payment:coins": null, "full_name": null, "contact:twitter": null, "start_date": null, "old_name": null, "payment:lightning_contactless": null, "payment:lightning": null, "currency:XBT": null, "payment:v_pay": null, "layer": null, "addr:unit": null, "emergency": null, "payment:girocard_contactless": null, "payment:unionpay": null, "payment:paypal": null, "payment:maestro": null, "payment:jcb": null, "payment:ec": null, "payment:american_express": null, "payment:alipay": null, "wikidata": null, "operator:type": null, "official_name": null, "healthcare:speciality": null, "beds": null, "description": null, "wheelchair:description": "Große Stufe", "shop": null, "brand:wikipedia": null, "brand:wikidata": null, "brand": null, "branch": null, "addr:suburb": null, "payment:visa": null, "payment:mastercard": null, "payment:ec_cards": null, "wheelchair:description:de": null, "addr:housename": null, "toilets": null, "payment:qr_code": null, "payment:cards": null, "opening_hours:signed": null, "payment:girocard": null, "internet_access": null, "medical_system:western": null, "health_facility:type": null, "toilets:wheelchair": null, "contact:instagram": null, "contact:facebook": null, "payment:debit_cards": null, "payment:credit_cards": null, "addr:floor": null, "drive_through": null, "payment:cash": null, "contact:email": null, "contact:website": null, "owner": null, "contact:phone": null, "contact:fax": null, "name:de": null, "check_date": "2026-06-02", "fax": null, "wheelchair": "no", "check_date:opening_hours": "2026-06-02", "website": "https://www.korbinian-apo.de", "phone": "+49 89 763041", "operator": null, "opening_hours": "Mo-Fr 08:00-18:30; Sa 08:00-12:30", "name": "St. Korbinian", "level": "0", "healthcare": "pharmacy", "email": "info@korbinian-apotheke.de", "dispensing": null, "amenity": "pharmacy", "addr:street": "Thalkirchner Straße", "addr:postcode": "81371", "addr:housenumber": "200", "addr:country": null, "addr:city": "München" }, "geometry": { "type": "Point", "coordinates": [ 11.5484055, 48.1123029 ] } },
{ "type": "Feature", "properties": { "full_id": "n318646776", "osm_id": "318646776", "osm_type": "node", "wikipedia": null, "opening_hours:visitors": null, "name:en": null, "payment:coins": null, "full_name": null, "contact:twitter": null, "start_date": null, "old_name": null, "payment:lightning_contactless": null, "payment:lightning": null, "currency:XBT": null, "payment:v_pay": null, "layer": null, "addr:unit": null, "emergency": null, "payment:girocard_contactless": null, "payment:unionpay": null, "payment:paypal": null, "payment:maestro": null, "payment:jcb": null, "payment:ec": null, "payment:american_express": null, "payment:alipay": null, "wikidata": null, "operator:type": null, "official_name": null, "healthcare:speciality": null, "beds": null, "description": null, "wheelchair:description": null, "shop": null, "brand:wikipedia": null, "brand:wikidata": null, "brand": null, "branch": null, "addr:suburb": null, "payment:visa": null, "payment:mastercard": null, "payment:ec_cards": null, "wheelchair:description:de": null, "addr:housename": null, "toilets": null, "payment:qr_code": null, "payment:cards": null, "opening_hours:signed": null, "payment:girocard": null, "internet_access": null, "medical_system:western": null, "health_facility:type": null, "toilets:wheelchair": null, "contact:instagram": null, "contact:facebook": null, "payment:debit_cards": null, "payment:credit_cards": null, "addr:floor": null, "drive_through": null, "payment:cash": null, "contact:email": null, "contact:website": null, "owner": null, "contact:phone": null, "contact:fax": null, "name:de": null, "check_date": "2023-10-29", "fax": null, "wheelchair": "yes", "check_date:opening_hours": null, "website": "https://nauplia-apotheke.de", "phone": null, "operator": null, "opening_hours": "Mo-Fr 08:30-18:30; Sa 08:30-14:00", "name": "Nauplia-Apotheke", "level": null, "healthcare": "pharmacy", "email": null, "dispensing": "yes", "amenity": "pharmacy", "addr:street": "Säbener Straße", "addr:postcode": "81545", "addr:housenumber": "170", "addr:country": "DE", "addr:city": "München" }, "geometry": { "type": "Point", "coordinates": [ 11.5731759, 48.0947303 ] } },
{ "type": "Feature", "properties": { "full_id": "n10062459608", "osm_id": "10062459608", "osm_type": "node", "wikipedia": null, "opening_hours:visitors": null, "name:en": null, "payment:coins": null, "full_name": null, "contact:twitter": null, "start_date": null, "old_name": null, "payment:lightning_contactless": null, "payment:lightning": null, "currency:XBT": null, "payment:v_pay": null, "layer": null, "addr:unit": null, "emergency": null, "payment:girocard_contactless": null, "payment:unionpay": null, "payment:paypal": null, "payment:maestro": null, "payment:jcb": null, "payment:ec": null, "payment:american_express": null, "payment:alipay": null, "wikidata": null, "operator:type": null, "official_name": null, "healthcare:speciality": null, "beds": null, "description": null, "wheelchair:description": null, "shop": null, "brand:wikipedia": null, "brand:wikidata": null, "brand": null, "branch": null, "addr:suburb": null, "payment:visa": null, "payment:mastercard": null, "payment:ec_cards": null, "wheelchair:description:de": null, "addr:housename": null, "toilets": null, "payment:qr_code": null, "payment:cards": null, "opening_hours:signed": null, "payment:girocard": null, "internet_access": null, "medical_system:western": null, "health_facility:type": null, "toilets:wheelchair": null, "contact:instagram": null, "contact:facebook": null, "payment:debit_cards": null, "payment:credit_cards": null, "addr:floor": null, "drive_through": null, "payment:cash": null, "contact:email": null, "contact:website": null, "owner": null, "contact:phone": null, "contact:fax": null, "name:de": null, "check_date": null, "fax": null, "wheelchair": "yes", "check_date:opening_hours": "2025-10-18", "website": "https://www.dianaapotheke.com", "phone": null, "operator": null, "opening_hours": "Mo-Fr 08:00-20:00; Sa 08:00-15:00", "name": "Diana Apotheke", "level": null, "healthcare": "pharmacy", "email": null, "dispensing": "yes", "amenity": "pharmacy", "addr:street": "Sankt-Magnus-Straße", "addr:postcode": "81545", "addr:housenumber": "30", "addr:country": "DE", "addr:city": "München" }, "geometry": { "type": "Point", "coordinates": [ 11.5688778, 48.093811 ] } },
{ "type": "Feature", "properties": { "full_id": "n6281618478", "osm_id": "6281618478", "osm_type": "node", "wikipedia": null, "opening_hours:visitors": null, "name:en": null, "payment:coins": null, "full_name": null, "contact:twitter": null, "start_date": null, "old_name": null, "payment:lightning_contactless": null, "payment:lightning": null, "currency:XBT": null, "payment:v_pay": null, "layer": null, "addr:unit": null, "emergency": null, "payment:girocard_contactless": null, "payment:unionpay": null, "payment:paypal": null, "payment:maestro": null, "payment:jcb": null, "payment:ec": null, "payment:american_express": null, "payment:alipay": null, "wikidata": null, "operator:type": null, "official_name": null, "healthcare:speciality": null, "beds": null, "description": null, "wheelchair:description": null, "shop": null, "brand:wikipedia": null, "brand:wikidata": null, "brand": null, "branch": null, "addr:suburb": null, "payment:visa": null, "payment:mastercard": null, "payment:ec_cards": null, "wheelchair:description:de": null, "addr:housename": null, "toilets": null, "payment:qr_code": null, "payment:cards": null, "opening_hours:signed": null, "payment:girocard": null, "internet_access": null, "medical_system:western": null, "health_facility:type": null, "toilets:wheelchair": null, "contact:instagram": null, "contact:facebook": null, "payment:debit_cards": null, "payment:credit_cards": null, "addr:floor": null, "drive_through": "no", "payment:cash": null, "contact:email": null, "contact:website": null, "owner": null, "contact:phone": null, "contact:fax": null, "name:de": null, "check_date": null, "fax": null, "wheelchair": null, "check_date:opening_hours": "2025-11-09", "website": "https://www.bienenapotheke-candidplatz.de", "phone": "+49 89 62500631", "operator": "Angela Maier", "opening_hours": "Mo-Fr 08:30-13:00, Sa 09:00-14:00, Mo-Fr 14:00-18:30", "name": "Bienen-Apotheke Candidplatz", "level": null, "healthcare": "pharmacy", "email": "candidplatz@bienenapotheke.de", "dispensing": "yes", "amenity": "pharmacy", "addr:street": "Schönstraße", "addr:postcode": "81543", "addr:housenumber": "2a", "addr:country": null, "addr:city": "München" }, "geometry": { "type": "Point", "coordinates": [ 11.5689096, 48.1114535 ] } },
{ "type": "Feature", "properties": { "full_id": "n251366199", "osm_id": "251366199", "osm_type": "node", "wikipedia": null, "opening_hours:visitors": null, "name:en": null, "payment:coins": null, "full_name": null, "contact:twitter": null, "start_date": null, "old_name": null, "payment:lightning_contactless": null, "payment:lightning": null, "currency:XBT": null, "payment:v_pay": null, "layer": null, "addr:unit": null, "emergency": null, "payment:girocard_contactless": null, "payment:unionpay": null, "payment:paypal": null, "payment:maestro": null, "payment:jcb": null, "payment:ec": null, "payment:american_express": null, "payment:alipay": null, "wikidata": null, "operator:type": null, "official_name": null, "healthcare:speciality": null, "beds": null, "description": null, "wheelchair:description": null, "shop": null, "brand:wikipedia": null, "brand:wikidata": null, "brand": null, "branch": null, "addr:suburb": null, "payment:visa": null, "payment:mastercard": null, "payment:ec_cards": null, "wheelchair:description:de": null, "addr:housename": null, "toilets": null, "payment:qr_code": null, "payment:cards": null, "opening_hours:signed": null, "payment:girocard": null, "internet_access": null, "medical_system:western": null, "health_facility:type": null, "toilets:wheelchair": null, "contact:instagram": null, "contact:facebook": null, "payment:debit_cards": null, "payment:credit_cards": null, "addr:floor": null, "drive_through": null, "payment:cash": null, "contact:email": null, "contact:website": null, "owner": null, "contact:phone": null, "contact:fax": null, "name:de": null, "check_date": null, "fax": null, "wheelchair": "limited", "check_date:opening_hours": "2026-07-16", "website": null, "phone": "+49 89 654417", "operator": null, "opening_hours": "Mo,Tu,Th,Fr 08:00-18:30; We 08:00-12:30,14:30-18:30; Sa 08:00-13:00", "name": "Schyrenapotheke", "level": null, "healthcare": "pharmacy", "email": null, "dispensing": "yes", "amenity": "pharmacy", "addr:street": null, "addr:postcode": null, "addr:housenumber": null, "addr:country": null, "addr:city": null }, "geometry": { "type": "Point", "coordinates": [ 11.5709276, 48.1146482 ] } },
{ "type": "Feature", "properties": { "full_id": "n307535898", "osm_id": "307535898", "osm_type": "node", "wikipedia": null, "opening_hours:visitors": null, "name:en": null, "payment:coins": null, "full_name": null, "contact:twitter": null, "start_date": null, "old_name": null, "payment:lightning_contactless": null, "payment:lightning": null, "currency:XBT": null, "payment:v_pay": null, "layer": null, "addr:unit": null, "emergency": null, "payment:girocard_contactless": null, "payment:unionpay": null, "payment:paypal": null, "payment:maestro": null, "payment:jcb": null, "payment:ec": null, "payment:american_express": null, "payment:alipay": null, "wikidata": null, "operator:type": null, "official_name": null, "healthcare:speciality": null, "beds": null, "description": null, "wheelchair:description": null, "shop": null, "brand:wikipedia": null, "brand:wikidata": null, "brand": null, "branch": null, "addr:suburb": null, "payment:visa": null, "payment:mastercard": null, "payment:ec_cards": null, "wheelchair:description:de": null, "addr:housename": null, "toilets": null, "payment:qr_code": null, "payment:cards": null, "opening_hours:signed": null, "payment:girocard": null, "internet_access": null, "medical_system:western": null, "health_facility:type": null, "toilets:wheelchair": null, "contact:instagram": null, "contact:facebook": null, "payment:debit_cards": null, "payment:credit_cards": null, "addr:floor": null, "drive_through": null, "payment:cash": null, "contact:email": null, "contact:website": null, "owner": null, "contact:phone": null, "contact:fax": null, "name:de": null, "check_date": null, "fax": null, "wheelchair": "yes", "check_date:opening_hours": "2026-07-16", "website": null, "phone": null, "operator": "Linda Apotheken", "opening_hours": "Mo-Fr 08:30-18:30; Sa 08:30-13:00", "name": "Apotheke Hans Mielich", "level": null, "healthcare": "pharmacy", "email": null, "dispensing": null, "amenity": "pharmacy", "addr:street": null, "addr:postcode": null, "addr:housenumber": null, "addr:country": null, "addr:city": null }, "geometry": { "type": "Point", "coordinates": [ 11.5699259, 48.1149439 ] } },
{ "type": "Feature", "properties": { "full_id": "n302372042", "osm_id": "302372042", "osm_type": "node", "wikipedia": null, "opening_hours:visitors": null, "name:en": null, "payment:coins": null, "full_name": null, "contact:twitter": null, "start_date": null, "old_name": null, "payment:lightning_contactless": null, "payment:lightning": null, "currency:XBT": null, "payment:v_pay": null, "layer": null, "addr:unit": null, "emergency": null, "payment:girocard_contactless": null, "payment:unionpay": null, "payment:paypal": null, "payment:maestro": null, "payment:jcb": null, "payment:ec": null, "payment:american_express": null, "payment:alipay": null, "wikidata": null, "operator:type": null, "official_name": null, "healthcare:speciality": null, "beds": null, "description": "Bestellungen bitte nur telefonisch aufgeben!", "wheelchair:description": null, "shop": null, "brand:wikipedia": null, "brand:wikidata": null, "brand": null, "branch": null, "addr:suburb": null, "payment:visa": null, "payment:mastercard": null, "payment:ec_cards": null, "wheelchair:description:de": null, "addr:housename": null, "toilets": null, "payment:qr_code": null, "payment:cards": null, "opening_hours:signed": null, "payment:girocard": null, "internet_access": null, "medical_system:western": null, "health_facility:type": null, "toilets:wheelchair": null, "contact:instagram": null, "contact:facebook": null, "payment:debit_cards": null, "payment:credit_cards": null, "addr:floor": null, "drive_through": "no", "payment:cash": null, "contact:email": "info@flora-apotheke-muenchen.de", "contact:website": null, "owner": null, "contact:phone": "+49 89 6929970", "contact:fax": "+49 89 6914606", "name:de": null, "check_date": "2025-05-26", "fax": null, "wheelchair": "limited", "check_date:opening_hours": "2025-05-26", "website": "https://www.flora-apotheke-muenchen.de/", "phone": null, "operator": null, "opening_hours": "Mo-Fr 08:00-18:30; Sa 08:30-13:00; Su,PH off", "name": "Flora Apotheke", "level": null, "healthcare": "pharmacy", "email": null, "dispensing": "yes", "amenity": "pharmacy", "addr:street": "Wettersteinplatz", "addr:postcode": null, "addr:housenumber": "3", "addr:country": null, "addr:city": null }, "geometry": { "type": "Point", "coordinates": [ 11.5758386, 48.10948 ] } },
{ "type": "Feature", "properties": { "full_id": "n445498572", "osm_id": "445498572", "osm_type": "node", "wikipedia": null, "opening_hours:visitors": null, "name:en": null, "payment:coins": null, "full_name": null, "contact:twitter": null, "start_date": null, "old_name": null, "payment:lightning_contactless": null, "payment:lightning": null, "currency:XBT": null, "payment:v_pay": null, "layer": null, "addr:unit": null, "emergency": null, "payment:girocard_contactless": null, "payment:unionpay": null, "payment:paypal": null, "payment:maestro": null, "payment:jcb": null, "payment:ec": null, "payment:american_express": null, "payment:alipay": null, "wikidata": null, "operator:type": null, "official_name": null, "healthcare:speciality": null, "beds": null, "description": null, "wheelchair:description": null, "shop": null, "brand:wikipedia": null, "brand:wikidata": null, "brand": null, "branch": null, "addr:suburb": null, "payment:visa": null, "payment:mastercard": null, "payment:ec_cards": null, "wheelchair:description:de": null, "addr:housename": null, "toilets": null, "payment:qr_code": null, "payment:cards": null, "opening_hours:signed": null, "payment:girocard": null, "internet_access": null, "medical_system:western": null, "health_facility:type": null, "toilets:wheelchair": null, "contact:instagram": null, "contact:facebook": null, "payment:debit_cards": null, "payment:credit_cards": null, "addr:floor": null, "drive_through": null, "payment:cash": null, "contact:email": null, "contact:website": null, "owner": null, "contact:phone": null, "contact:fax": null, "name:de": null, "check_date": null, "fax": null, "wheelchair": "no", "check_date:opening_hours": "2026-04-30", "website": null, "phone": null, "operator": null, "opening_hours": "Mo-Fr 08:30-18:30; Sa 08:30-12:30", "name": "Walter-Apotheke", "level": null, "healthcare": "pharmacy", "email": null, "dispensing": null, "amenity": "pharmacy", "addr:street": "Deisenhofener Straße", "addr:postcode": "81539", "addr:housenumber": "46", "addr:country": "DE", "addr:city": "München" }, "geometry": { "type": "Point", "coordinates": [ 11.5859094, 48.1130763 ] } },
{ "type": "Feature", "properties": { "full_id": "n322659729", "osm_id": "322659729", "osm_type": "node", "wikipedia": null, "opening_hours:visitors": null, "name:en": null, "payment:coins": null, "full_name": null, "contact:twitter": null, "start_date": null, "old_name": null, "payment:lightning_contactless": null, "payment:lightning": null, "currency:XBT": null, "payment:v_pay": null, "layer": null, "addr:unit": null, "emergency": null, "payment:girocard_contactless": null, "payment:unionpay": null, "payment:paypal": null, "payment:maestro": null, "payment:jcb": null, "payment:ec": null, "payment:american_express": null, "payment:alipay": null, "wikidata": null, "operator:type": null, "official_name": null, "healthcare:speciality": null, "beds": null, "description": null, "wheelchair:description": null, "shop": null, "brand:wikipedia": null, "brand:wikidata": null, "brand": null, "branch": null, "addr:suburb": null, "payment:visa": null, "payment:mastercard": null, "payment:ec_cards": null, "wheelchair:description:de": null, "addr:housename": null, "toilets": null, "payment:qr_code": null, "payment:cards": null, "opening_hours:signed": null, "payment:girocard": null, "internet_access": null, "medical_system:western": null, "health_facility:type": null, "toilets:wheelchair": null, "contact:instagram": null, "contact:facebook": null, "payment:debit_cards": null, "payment:credit_cards": null, "addr:floor": null, "drive_through": null, "payment:cash": null, "contact:email": null, "contact:website": "https://www.walchensee-apotheke.de", "owner": null, "contact:phone": "+49 89 691 70 77", "contact:fax": "+49 89 696 348", "name:de": null, "check_date": "2025-11-15", "fax": null, "wheelchair": "no", "check_date:opening_hours": "2025-11-15", "website": null, "phone": null, "operator": null, "opening_hours": "Mo-Fr 08:30-18:30; Sa 08:30-13:30", "name": "Walchensee-Apotheke", "level": null, "healthcare": "pharmacy", "email": null, "dispensing": null, "amenity": "pharmacy", "addr:street": "Tegernseer Landstraße", "addr:postcode": null, "addr:housenumber": "71", "addr:country": "DE", "addr:city": "München" }, "geometry": { "type": "Point", "coordinates": [ 11.579375, 48.1147935 ] } },
{ "type": "Feature", "properties": { "full_id": "n360660248", "osm_id": "360660248", "osm_type": "node", "wikipedia": null, "opening_hours:visitors": null, "name:en": null, "payment:coins": null, "full_name": null, "contact:twitter": null, "start_date": null, "old_name": null, "payment:lightning_contactless": null, "payment:lightning": null, "currency:XBT": null, "payment:v_pay": null, "layer": null, "addr:unit": null, "emergency": null, "payment:girocard_contactless": null, "payment:unionpay": null, "payment:paypal": null, "payment:maestro": null, "payment:jcb": null, "payment:ec": null, "payment:american_express": null, "payment:alipay": null, "wikidata": null, "operator:type": null, "official_name": null, "healthcare:speciality": null, "beds": null, "description": null, "wheelchair:description": null, "shop": null, "brand:wikipedia": null, "brand:wikidata": null, "brand": null, "branch": null, "addr:suburb": null, "payment:visa": null, "payment:mastercard": null, "payment:ec_cards": null, "wheelchair:description:de": null, "addr:housename": null, "toilets": null, "payment:qr_code": null, "payment:cards": null, "opening_hours:signed": null, "payment:girocard": null, "internet_access": null, "medical_system:western": null, "health_facility:type": null, "toilets:wheelchair": null, "contact:instagram": null, "contact:facebook": null, "payment:debit_cards": null, "payment:credit_cards": null, "addr:floor": null, "drive_through": null, "payment:cash": null, "contact:email": null, "contact:website": null, "owner": null, "contact:phone": null, "contact:fax": null, "name:de": null, "check_date": "2023-09-02", "fax": null, "wheelchair": "yes", "check_date:opening_hours": null, "website": null, "phone": "+49 89 6911333", "operator": "Susanne-Ellen Wagner", "opening_hours": "Mo-Fr 08:00-19:00; Sa 09:00-13:00", "name": "Silberhorn-Apotheke", "level": null, "healthcare": "pharmacy", "email": null, "dispensing": null, "amenity": "pharmacy", "addr:street": "Tegernseer Platz", "addr:postcode": null, "addr:housenumber": "5", "addr:country": null, "addr:city": null }, "geometry": { "type": "Point", "coordinates": [ 11.5793512, 48.1153218 ] } },
{ "type": "Feature", "properties": { "full_id": "n305258406", "osm_id": "305258406", "osm_type": "node", "wikipedia": null, "opening_hours:visitors": null, "name:en": null, "payment:coins": null, "full_name": null, "contact:twitter": null, "start_date": null, "old_name": null, "payment:lightning_contactless": null, "payment:lightning": null, "currency:XBT": null, "payment:v_pay": null, "layer": null, "addr:unit": null, "emergency": null, "payment:girocard_contactless": null, "payment:unionpay": null, "payment:paypal": null, "payment:maestro": null, "payment:jcb": null, "payment:ec": null, "payment:american_express": null, "payment:alipay": null, "wikidata": null, "operator:type": null, "official_name": null, "healthcare:speciality": null, "beds": null, "description": null, "wheelchair:description": null, "shop": null, "brand:wikipedia": null, "brand:wikidata": null, "brand": null, "branch": null, "addr:suburb": null, "payment:visa": null, "payment:mastercard": null, "payment:ec_cards": null, "wheelchair:description:de": null, "addr:housename": null, "toilets": null, "payment:qr_code": null, "payment:cards": null, "opening_hours:signed": null, "payment:girocard": null, "internet_access": null, "medical_system:western": null, "health_facility:type": null, "toilets:wheelchair": null, "contact:instagram": null, "contact:facebook": null, "payment:debit_cards": null, "payment:credit_cards": null, "addr:floor": null, "drive_through": null, "payment:cash": null, "contact:email": null, "contact:website": null, "owner": null, "contact:phone": null, "contact:fax": null, "name:de": null, "check_date": null, "fax": null, "wheelchair": "yes", "check_date:opening_hours": "2025-11-30", "website": "https://www.salvator-apotheke-muenchen.de/", "phone": "+49 89 6923311", "operator": "Hannelore Wagenlader", "opening_hours": "Mo-Fr 08:15-18:15; Sa 09:00-13:00", "name": "Salvator Apotheke", "level": null, "healthcare": "pharmacy", "email": null, "dispensing": null, "amenity": "pharmacy", "addr:street": "Sankt-Bonifatius-Straße", "addr:postcode": "81541", "addr:housenumber": "5", "addr:country": "DE", "addr:city": "München" }, "geometry": { "type": "Point", "coordinates": [ 11.5834179, 48.1193463 ] } },
{ "type": "Feature", "properties": { "full_id": "n322660277", "osm_id": "322660277", "osm_type": "node", "wikipedia": null, "opening_hours:visitors": null, "name:en": null, "payment:coins": null, "full_name": null, "contact:twitter": null, "start_date": null, "old_name": null, "payment:lightning_contactless": null, "payment:lightning": null, "currency:XBT": null, "payment:v_pay": null, "layer": null, "addr:unit": null, "emergency": null, "payment:girocard_contactless": null, "payment:unionpay": null, "payment:paypal": null, "payment:maestro": null, "payment:jcb": null, "payment:ec": null, "payment:american_express": null, "payment:alipay": null, "wikidata": null, "operator:type": null, "official_name": null, "healthcare:speciality": null, "beds": null, "description": null, "wheelchair:description": null, "shop": null, "brand:wikipedia": null, "brand:wikidata": null, "brand": null, "branch": null, "addr:suburb": null, "payment:visa": null, "payment:mastercard": null, "payment:ec_cards": null, "wheelchair:description:de": null, "addr:housename": null, "toilets": null, "payment:qr_code": null, "payment:cards": null, "opening_hours:signed": null, "payment:girocard": null, "internet_access": null, "medical_system:western": null, "health_facility:type": null, "toilets:wheelchair": null, "contact:instagram": null, "contact:facebook": null, "payment:debit_cards": null, "payment:credit_cards": null, "addr:floor": null, "drive_through": null, "payment:cash": null, "contact:email": null, "contact:website": null, "owner": null, "contact:phone": null, "contact:fax": null, "name:de": null, "check_date": null, "fax": null, "wheelchair": "limited", "check_date:opening_hours": "2025-01-06", "website": null, "phone": null, "operator": null, "opening_hours": "Mo-Fr 08:30-19:00; Sa 08:30-14:30", "name": "Heilig-Kreuz-Apotheke", "level": null, "healthcare": "pharmacy", "email": null, "dispensing": null, "amenity": "pharmacy", "addr:street": null, "addr:postcode": null, "addr:housenumber": null, "addr:country": null, "addr:city": null }, "geometry": { "type": "Point", "coordinates": [ 11.580668, 48.1160757 ] } },
{ "type": "Feature", "properties": { "full_id": "n1126989582", "osm_id": "1126989582", "osm_type": "node", "wikipedia": null, "opening_hours:visitors": null, "name:en": null, "payment:coins": null, "full_name": null, "contact:twitter": null, "start_date": null, "old_name": null, "payment:lightning_contactless": null, "payment:lightning": null, "currency:XBT": null, "payment:v_pay": null, "layer": null, "addr:unit": null, "emergency": null, "payment:girocard_contactless": null, "payment:unionpay": null, "payment:paypal": null, "payment:maestro": null, "payment:jcb": null, "payment:ec": null, "payment:american_express": null, "payment:alipay": null, "wikidata": null, "operator:type": null, "official_name": null, "healthcare:speciality": null, "beds": null, "description": null, "wheelchair:description": null, "shop": null, "brand:wikipedia": null, "brand:wikidata": null, "brand": null, "branch": null, "addr:suburb": null, "payment:visa": null, "payment:mastercard": null, "payment:ec_cards": null, "wheelchair:description:de": null, "addr:housename": null, "toilets": null, "payment:qr_code": null, "payment:cards": null, "opening_hours:signed": null, "payment:girocard": null, "internet_access": null, "medical_system:western": null, "health_facility:type": null, "toilets:wheelchair": null, "contact:instagram": null, "contact:facebook": null, "payment:debit_cards": null, "payment:credit_cards": null, "addr:floor": null, "drive_through": null, "payment:cash": null, "contact:email": null, "contact:website": "https://www.tela-apotheke.de", "owner": null, "contact:phone": "+49 89 6912677", "contact:fax": null, "name:de": null, "check_date": null, "fax": null, "wheelchair": "no", "check_date:opening_hours": "2025-02-28", "website": null, "phone": null, "operator": null, "opening_hours": "Mo-Fr 08:30-18:45; Sa 08:30-13:30", "name": "TELA-Apotheke", "level": null, "healthcare": "pharmacy", "email": null, "dispensing": null, "amenity": "pharmacy", "addr:street": "Tegernseer Landstraße", "addr:postcode": "81541", "addr:housenumber": "39", "addr:country": null, "addr:city": "München" }, "geometry": { "type": "Point", "coordinates": [ 11.5815316, 48.1168672 ] } },
{ "type": "Feature", "properties": { "full_id": "n4482577805", "osm_id": "4482577805", "osm_type": "node", "wikipedia": null, "opening_hours:visitors": null, "name:en": null, "payment:coins": null, "full_name": null, "contact:twitter": null, "start_date": null, "old_name": null, "payment:lightning_contactless": null, "payment:lightning": null, "currency:XBT": null, "payment:v_pay": null, "layer": null, "addr:unit": null, "emergency": null, "payment:girocard_contactless": null, "payment:unionpay": null, "payment:paypal": null, "payment:maestro": null, "payment:jcb": null, "payment:ec": null, "payment:american_express": null, "payment:alipay": null, "wikidata": null, "operator:type": null, "official_name": null, "healthcare:speciality": null, "beds": null, "description": null, "wheelchair:description": null, "shop": null, "brand:wikipedia": null, "brand:wikidata": null, "brand": null, "branch": null, "addr:suburb": null, "payment:visa": null, "payment:mastercard": null, "payment:ec_cards": null, "wheelchair:description:de": null, "addr:housename": null, "toilets": null, "payment:qr_code": null, "payment:cards": null, "opening_hours:signed": null, "payment:girocard": null, "internet_access": "no", "medical_system:western": null, "health_facility:type": null, "toilets:wheelchair": null, "contact:instagram": null, "contact:facebook": null, "payment:debit_cards": "yes", "payment:credit_cards": "yes", "addr:floor": "0", "drive_through": "no", "payment:cash": "yes", "contact:email": null, "contact:website": null, "owner": null, "contact:phone": null, "contact:fax": null, "name:de": null, "check_date": "2025-09-09", "fax": null, "wheelchair": "no", "check_date:opening_hours": null, "website": "https://www.monacoapotheke.de/", "phone": "+49 89 51088520", "operator": null, "opening_hours": "Mo-Fr 08:30-18:30; Sa 09:00-13:00", "name": "Monaco Apotheke", "level": "0", "healthcare": "pharmacy", "email": "info@monaco-apotheke.de", "dispensing": "yes", "amenity": "pharmacy", "addr:street": "Hansastraße", "addr:postcode": "81373", "addr:housenumber": "132", "addr:country": "DE", "addr:city": "München" }, "geometry": { "type": "Point", "coordinates": [ 11.5345798, 48.121235 ] } },
{ "type": "Feature", "properties": { "full_id": "n430262656", "osm_id": "430262656", "osm_type": "node", "wikipedia": null, "opening_hours:visitors": null, "name:en": null, "payment:coins": null, "full_name": null, "contact:twitter": null, "start_date": null, "old_name": null, "payment:lightning_contactless": null, "payment:lightning": null, "currency:XBT": null, "payment:v_pay": null, "layer": null, "addr:unit": null, "emergency": null, "payment:girocard_contactless": null, "payment:unionpay": null, "payment:paypal": null, "payment:maestro": null, "payment:jcb": null, "payment:ec": null, "payment:american_express": null, "payment:alipay": null, "wikidata": null, "operator:type": null, "official_name": null, "healthcare:speciality": null, "beds": null, "description": null, "wheelchair:description": null, "shop": null, "brand:wikipedia": null, "brand:wikidata": null, "brand": null, "branch": null, "addr:suburb": null, "payment:visa": null, "payment:mastercard": null, "payment:ec_cards": null, "wheelchair:description:de": null, "addr:housename": null, "toilets": null, "payment:qr_code": null, "payment:cards": null, "opening_hours:signed": null, "payment:girocard": null, "internet_access": null, "medical_system:western": null, "health_facility:type": null, "toilets:wheelchair": null, "contact:instagram": null, "contact:facebook": null, "payment:debit_cards": null, "payment:credit_cards": null, "addr:floor": null, "drive_through": null, "payment:cash": null, "contact:email": null, "contact:website": null, "owner": null, "contact:phone": null, "contact:fax": null, "name:de": null, "check_date": null, "fax": null, "wheelchair": "yes", "check_date:opening_hours": "2025-12-12", "website": "https://www.sendlingerapotheke.de/", "phone": null, "operator": null, "opening_hours": "Mo-Fr 08:30-18:30; Sa 08:30-12:30", "name": "Sendlinger Apotheke", "level": "0", "healthcare": "pharmacy", "email": null, "dispensing": null, "amenity": "pharmacy", "addr:street": "Pfeuferstraße", "addr:postcode": null, "addr:housenumber": "33", "addr:country": null, "addr:city": null }, "geometry": { "type": "Point", "coordinates": [ 11.5413115, 48.1246043 ] } },
{ "type": "Feature", "properties": { "full_id": "n316917342", "osm_id": "316917342", "osm_type": "node", "wikipedia": null, "opening_hours:visitors": null, "name:en": null, "payment:coins": null, "full_name": null, "contact:twitter": null, "start_date": null, "old_name": null, "payment:lightning_contactless": null, "payment:lightning": null, "currency:XBT": null, "payment:v_pay": null, "layer": null, "addr:unit": null, "emergency": null, "payment:girocard_contactless": null, "payment:unionpay": null, "payment:paypal": null, "payment:maestro": null, "payment:jcb": null, "payment:ec": null, "payment:american_express": null, "payment:alipay": null, "wikidata": null, "operator:type": null, "official_name": null, "healthcare:speciality": null, "beds": null, "description": null, "wheelchair:description": null, "shop": null, "brand:wikipedia": null, "brand:wikidata": null, "brand": null, "branch": null, "addr:suburb": null, "payment:visa": null, "payment:mastercard": null, "payment:ec_cards": null, "wheelchair:description:de": null, "addr:housename": null, "toilets": null, "payment:qr_code": null, "payment:cards": null, "opening_hours:signed": null, "payment:girocard": null, "internet_access": null, "medical_system:western": null, "health_facility:type": null, "toilets:wheelchair": null, "contact:instagram": null, "contact:facebook": null, "payment:debit_cards": null, "payment:credit_cards": null, "addr:floor": null, "drive_through": null, "payment:cash": null, "contact:email": null, "contact:website": null, "owner": null, "contact:phone": null, "contact:fax": null, "name:de": null, "check_date": null, "fax": null, "wheelchair": "yes", "check_date:opening_hours": "2026-06-12", "website": null, "phone": null, "operator": null, "opening_hours": "Mo-Fr 08:30-13:00, Sa 09:00-14:00, Mo-Fr 14:00-18:30", "name": "Bienen-Apotheke", "level": "0", "healthcare": "pharmacy", "email": null, "dispensing": "yes", "amenity": "pharmacy", "addr:street": null, "addr:postcode": null, "addr:housenumber": null, "addr:country": null, "addr:city": null }, "geometry": { "type": "Point", "coordinates": [ 11.5480336, 48.120978 ] } },
{ "type": "Feature", "properties": { "full_id": "n5110996243", "osm_id": "5110996243", "osm_type": "node", "wikipedia": null, "opening_hours:visitors": null, "name:en": null, "payment:coins": null, "full_name": null, "contact:twitter": null, "start_date": null, "old_name": null, "payment:lightning_contactless": null, "payment:lightning": null, "currency:XBT": null, "payment:v_pay": null, "layer": null, "addr:unit": null, "emergency": null, "payment:girocard_contactless": null, "payment:unionpay": null, "payment:paypal": null, "payment:maestro": null, "payment:jcb": null, "payment:ec": null, "payment:american_express": null, "payment:alipay": null, "wikidata": "Q98644173", "operator:type": "religious", "official_name": "Maria-Theresia-Klinik - Fachklinik für Chirurgie und Innere Medizin", "healthcare:speciality": "internal;surgery", "beds": "52", "description": null, "wheelchair:description": null, "shop": null, "brand:wikipedia": null, "brand:wikidata": null, "brand": null, "branch": null, "addr:suburb": null, "payment:visa": null, "payment:mastercard": null, "payment:ec_cards": null, "wheelchair:description:de": null, "addr:housename": null, "toilets": null, "payment:qr_code": null, "payment:cards": null, "opening_hours:signed": null, "payment:girocard": null, "internet_access": null, "medical_system:western": null, "health_facility:type": null, "toilets:wheelchair": null, "contact:instagram": null, "contact:facebook": null, "payment:debit_cards": null, "payment:credit_cards": null, "addr:floor": null, "drive_through": null, "payment:cash": null, "contact:email": null, "contact:website": null, "owner": null, "contact:phone": null, "contact:fax": null, "name:de": null, "check_date": null, "fax": null, "wheelchair": "no", "check_date:opening_hours": null, "website": "https://www.maria-theresia-klinik.de/", "phone": "+49 89 7207-1", "operator": "Kongregation der Barmherzigen Schwestern vom hl. Vinzenz von Paul", "opening_hours": null, "name": "Maria-Theresia-Klinik", "level": null, "healthcare": "hospital", "email": "info@maria-theresia-klinik.de", "dispensing": null, "amenity": "hospital", "addr:street": "Bavariaring", "addr:postcode": "80336", "addr:housenumber": "46", "addr:country": "DE", "addr:city": "München" }, "geometry": { "type": "Point", "coordinates": [ 11.5493435, 48.1266722 ] } },
{ "type": "Feature", "properties": { "full_id": "n339110010", "osm_id": "339110010", "osm_type": "node", "wikipedia": null, "opening_hours:visitors": null, "name:en": null, "payment:coins": null, "full_name": null, "contact:twitter": null, "start_date": null, "old_name": null, "payment:lightning_contactless": null, "payment:lightning": null, "currency:XBT": null, "payment:v_pay": null, "layer": null, "addr:unit": null, "emergency": null, "payment:girocard_contactless": null, "payment:unionpay": null, "payment:paypal": null, "payment:maestro": null, "payment:jcb": null, "payment:ec": null, "payment:american_express": null, "payment:alipay": null, "wikidata": null, "operator:type": null, "official_name": null, "healthcare:speciality": null, "beds": null, "description": null, "wheelchair:description": null, "shop": null, "brand:wikipedia": null, "brand:wikidata": null, "brand": null, "branch": null, "addr:suburb": null, "payment:visa": null, "payment:mastercard": null, "payment:ec_cards": null, "wheelchair:description:de": null, "addr:housename": null, "toilets": null, "payment:qr_code": null, "payment:cards": null, "opening_hours:signed": null, "payment:girocard": null, "internet_access": null, "medical_system:western": null, "health_facility:type": null, "toilets:wheelchair": null, "contact:instagram": null, "contact:facebook": null, "payment:debit_cards": null, "payment:credit_cards": null, "addr:floor": null, "drive_through": null, "payment:cash": null, "contact:email": null, "contact:website": "https://www.oleander-apotheke.de", "owner": null, "contact:phone": "+49 89 535485", "contact:fax": null, "name:de": null, "check_date": null, "fax": null, "wheelchair": "yes", "check_date:opening_hours": "2025-02-24", "website": null, "phone": null, "operator": null, "opening_hours": "Mo-Fr 08:00-19:00; Sa 09:30-19:00", "name": "Oleander Apotheke", "level": "0", "healthcare": "pharmacy", "email": null, "dispensing": "yes", "amenity": "pharmacy", "addr:street": "Lindwurmstraße", "addr:postcode": "80337", "addr:housenumber": "103", "addr:country": "DE", "addr:city": "München" }, "geometry": { "type": "Point", "coordinates": [ 11.5562441, 48.1283063 ] } },
{ "type": "Feature", "properties": { "full_id": "n985008092", "osm_id": "985008092", "osm_type": "node", "wikipedia": null, "opening_hours:visitors": null, "name:en": null, "payment:coins": null, "full_name": null, "contact:twitter": null, "start_date": null, "old_name": null, "payment:lightning_contactless": null, "payment:lightning": null, "currency:XBT": null, "payment:v_pay": null, "layer": null, "addr:unit": null, "emergency": null, "payment:girocard_contactless": null, "payment:unionpay": null, "payment:paypal": null, "payment:maestro": null, "payment:jcb": null, "payment:ec": null, "payment:american_express": null, "payment:alipay": null, "wikidata": null, "operator:type": null, "official_name": null, "healthcare:speciality": null, "beds": null, "description": null, "wheelchair:description": null, "shop": null, "brand:wikipedia": null, "brand:wikidata": null, "brand": null, "branch": null, "addr:suburb": null, "payment:visa": null, "payment:mastercard": null, "payment:ec_cards": null, "wheelchair:description:de": null, "addr:housename": null, "toilets": null, "payment:qr_code": null, "payment:cards": null, "opening_hours:signed": null, "payment:girocard": null, "internet_access": null, "medical_system:western": null, "health_facility:type": null, "toilets:wheelchair": null, "contact:instagram": null, "contact:facebook": null, "payment:debit_cards": null, "payment:credit_cards": null, "addr:floor": null, "drive_through": null, "payment:cash": null, "contact:email": null, "contact:website": "https://www.wittelsbacher-apotheke.de/", "owner": null, "contact:phone": "+49 89 537 844", "contact:fax": null, "name:de": null, "check_date": null, "fax": null, "wheelchair": "yes", "check_date:opening_hours": null, "website": null, "phone": null, "operator": null, "opening_hours": "Mo-Fr 08:00-20:00", "name": "Wittelsbacher Apotheke", "level": null, "healthcare": "pharmacy", "email": null, "dispensing": "yes", "amenity": "pharmacy", "addr:street": "Lindwurmstraße", "addr:postcode": "80337", "addr:housenumber": "97", "addr:country": "DE", "addr:city": "München" }, "geometry": { "type": "Point", "coordinates": [ 11.5568061, 48.1285803 ] } },
{ "type": "Feature", "properties": { "full_id": "n1813638194", "osm_id": "1813638194", "osm_type": "node", "wikipedia": null, "opening_hours:visitors": null, "name:en": null, "payment:coins": null, "full_name": null, "contact:twitter": null, "start_date": null, "old_name": null, "payment:lightning_contactless": null, "payment:lightning": null, "currency:XBT": null, "payment:v_pay": null, "layer": null, "addr:unit": null, "emergency": null, "payment:girocard_contactless": null, "payment:unionpay": null, "payment:paypal": null, "payment:maestro": null, "payment:jcb": null, "payment:ec": null, "payment:american_express": null, "payment:alipay": null, "wikidata": null, "operator:type": null, "official_name": null, "healthcare:speciality": null, "beds": null, "description": null, "wheelchair:description": null, "shop": null, "brand:wikipedia": null, "brand:wikidata": null, "brand": null, "branch": null, "addr:suburb": null, "payment:visa": null, "payment:mastercard": null, "payment:ec_cards": null, "wheelchair:description:de": null, "addr:housename": null, "toilets": null, "payment:qr_code": null, "payment:cards": null, "opening_hours:signed": null, "payment:girocard": null, "internet_access": null, "medical_system:western": null, "health_facility:type": null, "toilets:wheelchair": null, "contact:instagram": null, "contact:facebook": null, "payment:debit_cards": null, "payment:credit_cards": null, "addr:floor": null, "drive_through": null, "payment:cash": null, "contact:email": null, "contact:website": "https://www.apotheken.de/80337/muenchen/goetheplatz-apotheke/", "owner": null, "contact:phone": null, "contact:fax": null, "name:de": null, "check_date": "2024-05-30", "fax": null, "wheelchair": "limited", "check_date:opening_hours": null, "website": null, "phone": null, "operator": null, "opening_hours": "Mo-Fr 08:30-18:30", "name": "Goetheplatz-Apotheke", "level": null, "healthcare": "pharmacy", "email": null, "dispensing": null, "amenity": "pharmacy", "addr:street": "Waltherstraße", "addr:postcode": "80337", "addr:housenumber": "33", "addr:country": null, "addr:city": "München" }, "geometry": { "type": "Point", "coordinates": [ 11.5585631, 48.1289618 ] } },
{ "type": "Feature", "properties": { "full_id": "n11171730143", "osm_id": "11171730143", "osm_type": "node", "wikipedia": null, "opening_hours:visitors": null, "name:en": null, "payment:coins": null, "full_name": null, "contact:twitter": null, "start_date": null, "old_name": null, "payment:lightning_contactless": null, "payment:lightning": null, "currency:XBT": null, "payment:v_pay": null, "layer": null, "addr:unit": null, "emergency": null, "payment:girocard_contactless": null, "payment:unionpay": null, "payment:paypal": null, "payment:maestro": null, "payment:jcb": null, "payment:ec": null, "payment:american_express": null, "payment:alipay": null, "wikidata": null, "operator:type": null, "official_name": null, "healthcare:speciality": null, "beds": null, "description": null, "wheelchair:description": null, "shop": null, "brand:wikipedia": null, "brand:wikidata": null, "brand": null, "branch": null, "addr:suburb": null, "payment:visa": null, "payment:mastercard": null, "payment:ec_cards": null, "wheelchair:description:de": null, "addr:housename": null, "toilets": null, "payment:qr_code": null, "payment:cards": null, "opening_hours:signed": null, "payment:girocard": null, "internet_access": null, "medical_system:western": null, "health_facility:type": null, "toilets:wheelchair": null, "contact:instagram": null, "contact:facebook": null, "payment:debit_cards": null, "payment:credit_cards": null, "addr:floor": null, "drive_through": null, "payment:cash": null, "contact:email": null, "contact:website": null, "owner": null, "contact:phone": null, "contact:fax": null, "name:de": null, "check_date": null, "fax": null, "wheelchair": null, "check_date:opening_hours": "2026-05-06", "website": "https://www.stachus-apotheke.de/apotheke-am-goetheplatz/", "phone": "+49 89 557511", "operator": "Gerhard Zitzmann e.Kfm.", "opening_hours": "Mo-Fr 08:00-18:30; Sa 09:00-13:00", "name": "Stachus Apotheke am Goetheplatz", "level": null, "healthcare": "pharmacy", "email": "goetheplatz@stachus-apotheke.de", "dispensing": null, "amenity": "pharmacy", "addr:street": "Waltherstraße", "addr:postcode": "80337", "addr:housenumber": "32a", "addr:country": null, "addr:city": "München" }, "geometry": { "type": "Point", "coordinates": [ 11.5594014, 48.1291305 ] } },
{ "type": "Feature", "properties": { "full_id": "n315259047", "osm_id": "315259047", "osm_type": "node", "wikipedia": null, "opening_hours:visitors": null, "name:en": null, "payment:coins": null, "full_name": null, "contact:twitter": null, "start_date": null, "old_name": null, "payment:lightning_contactless": null, "payment:lightning": null, "currency:XBT": null, "payment:v_pay": null, "layer": null, "addr:unit": null, "emergency": null, "payment:girocard_contactless": null, "payment:unionpay": null, "payment:paypal": null, "payment:maestro": null, "payment:jcb": null, "payment:ec": null, "payment:american_express": null, "payment:alipay": null, "wikidata": null, "operator:type": null, "official_name": null, "healthcare:speciality": null, "beds": null, "description": null, "wheelchair:description": null, "shop": null, "brand:wikipedia": null, "brand:wikidata": null, "brand": null, "branch": null, "addr:suburb": null, "payment:visa": null, "payment:mastercard": null, "payment:ec_cards": null, "wheelchair:description:de": null, "addr:housename": null, "toilets": null, "payment:qr_code": null, "payment:cards": null, "opening_hours:signed": null, "payment:girocard": null, "internet_access": null, "medical_system:western": null, "health_facility:type": null, "toilets:wheelchair": null, "contact:instagram": null, "contact:facebook": null, "payment:debit_cards": null, "payment:credit_cards": null, "addr:floor": null, "drive_through": null, "payment:cash": null, "contact:email": null, "contact:website": null, "owner": null, "contact:phone": "+49 89 505749", "contact:fax": null, "name:de": null, "check_date": null, "fax": null, "wheelchair": "limited", "check_date:opening_hours": "2025-12-01", "website": null, "phone": null, "operator": "Alexander Pretzl", "opening_hours": "Mo,Tu 08:30-19:00; We,Fr 08:30-18:30; Th 08:30-19:00; Sa 08:30-13:00", "name": "St. Rupertus-Apotheke", "level": null, "healthcare": "pharmacy", "email": null, "dispensing": null, "amenity": "pharmacy", "addr:street": "Trappentreustraße", "addr:postcode": "80339", "addr:housenumber": "19", "addr:country": "DE", "addr:city": "München" }, "geometry": { "type": "Point", "coordinates": [ 11.5348087, 48.1374999 ] } },
{ "type": "Feature", "properties": { "full_id": "n335168209", "osm_id": "335168209", "osm_type": "node", "wikipedia": null, "opening_hours:visitors": null, "name:en": null, "payment:coins": null, "full_name": null, "contact:twitter": null, "start_date": null, "old_name": null, "payment:lightning_contactless": null, "payment:lightning": null, "currency:XBT": null, "payment:v_pay": null, "layer": null, "addr:unit": null, "emergency": null, "payment:girocard_contactless": null, "payment:unionpay": null, "payment:paypal": null, "payment:maestro": null, "payment:jcb": null, "payment:ec": null, "payment:american_express": null, "payment:alipay": null, "wikidata": null, "operator:type": null, "official_name": null, "healthcare:speciality": null, "beds": null, "description": null, "wheelchair:description": null, "shop": null, "brand:wikipedia": null, "brand:wikidata": null, "brand": null, "branch": null, "addr:suburb": null, "payment:visa": null, "payment:mastercard": null, "payment:ec_cards": null, "wheelchair:description:de": null, "addr:housename": null, "toilets": null, "payment:qr_code": null, "payment:cards": null, "opening_hours:signed": null, "payment:girocard": null, "internet_access": null, "medical_system:western": null, "health_facility:type": null, "toilets:wheelchair": null, "contact:instagram": null, "contact:facebook": null, "payment:debit_cards": null, "payment:credit_cards": null, "addr:floor": null, "drive_through": null, "payment:cash": null, "contact:email": null, "contact:website": "https://www.parkapotheke.net", "owner": null, "contact:phone": "+49 89 507308", "contact:fax": null, "name:de": null, "check_date": null, "fax": null, "wheelchair": "no", "check_date:opening_hours": null, "website": null, "phone": null, "operator": "Norbert Schmid-Eickhoff", "opening_hours": "Mo-Fr 08:30-19:00; Sa 09:00-13:00", "name": "Park-Apotheke", "level": null, "healthcare": "pharmacy", "email": null, "dispensing": "yes", "amenity": "pharmacy", "addr:street": "Ganghoferstraße", "addr:postcode": "80339", "addr:housenumber": "27", "addr:country": "DE", "addr:city": "München" }, "geometry": { "type": "Point", "coordinates": [ 11.5400557, 48.1340213 ] } },
{ "type": "Feature", "properties": { "full_id": "n471049663", "osm_id": "471049663", "osm_type": "node", "wikipedia": null, "opening_hours:visitors": null, "name:en": null, "payment:coins": null, "full_name": null, "contact:twitter": null, "start_date": null, "old_name": null, "payment:lightning_contactless": null, "payment:lightning": null, "currency:XBT": null, "payment:v_pay": null, "layer": null, "addr:unit": null, "emergency": null, "payment:girocard_contactless": null, "payment:unionpay": null, "payment:paypal": null, "payment:maestro": null, "payment:jcb": null, "payment:ec": null, "payment:american_express": null, "payment:alipay": null, "wikidata": null, "operator:type": null, "official_name": null, "healthcare:speciality": null, "beds": null, "description": null, "wheelchair:description": null, "shop": null, "brand:wikipedia": null, "brand:wikidata": null, "brand": null, "branch": null, "addr:suburb": null, "payment:visa": null, "payment:mastercard": null, "payment:ec_cards": null, "wheelchair:description:de": null, "addr:housename": null, "toilets": null, "payment:qr_code": null, "payment:cards": null, "opening_hours:signed": null, "payment:girocard": null, "internet_access": null, "medical_system:western": null, "health_facility:type": null, "toilets:wheelchair": null, "contact:instagram": null, "contact:facebook": null, "payment:debit_cards": null, "payment:credit_cards": null, "addr:floor": null, "drive_through": null, "payment:cash": null, "contact:email": null, "contact:website": "https://www.heimeran-apotheke.de", "owner": null, "contact:phone": "+49 89 54071717", "contact:fax": null, "name:de": null, "check_date": "2024-10-13", "fax": null, "wheelchair": "yes", "check_date:opening_hours": "2024-06-15", "website": null, "phone": null, "operator": "Marion Hill", "opening_hours": "Mo-Fr 08:30-18:30; Sa 08:30-12:30", "name": "Heimeran-Apotheke", "level": null, "healthcare": "pharmacy", "email": null, "dispensing": null, "amenity": "pharmacy", "addr:street": "Heimeranplatz", "addr:postcode": "80339", "addr:housenumber": "2", "addr:country": "DE", "addr:city": "München" }, "geometry": { "type": "Point", "coordinates": [ 11.534393, 48.1337594 ] } },
{ "type": "Feature", "properties": { "full_id": "n1144032870", "osm_id": "1144032870", "osm_type": "node", "wikipedia": null, "opening_hours:visitors": null, "name:en": null, "payment:coins": null, "full_name": null, "contact:twitter": null, "start_date": null, "old_name": null, "payment:lightning_contactless": null, "payment:lightning": null, "currency:XBT": null, "payment:v_pay": null, "layer": null, "addr:unit": null, "emergency": null, "payment:girocard_contactless": null, "payment:unionpay": null, "payment:paypal": null, "payment:maestro": null, "payment:jcb": null, "payment:ec": null, "payment:american_express": null, "payment:alipay": null, "wikidata": null, "operator:type": null, "official_name": null, "healthcare:speciality": null, "beds": null, "description": null, "wheelchair:description": null, "shop": null, "brand:wikipedia": null, "brand:wikidata": null, "brand": null, "branch": null, "addr:suburb": null, "payment:visa": null, "payment:mastercard": null, "payment:ec_cards": null, "wheelchair:description:de": null, "addr:housename": null, "toilets": null, "payment:qr_code": null, "payment:cards": null, "opening_hours:signed": null, "payment:girocard": null, "internet_access": null, "medical_system:western": null, "health_facility:type": null, "toilets:wheelchair": null, "contact:instagram": null, "contact:facebook": null, "payment:debit_cards": null, "payment:credit_cards": null, "addr:floor": null, "drive_through": null, "payment:cash": null, "contact:email": null, "contact:website": null, "owner": null, "contact:phone": null, "contact:fax": null, "name:de": null, "check_date": "2026-05-02", "fax": null, "wheelchair": "no", "check_date:opening_hours": "2026-05-02", "website": "https://www.ganghofer-apotheke-muenchen.de", "phone": "+49 89 50 53 45", "operator": "Barbara Sipek", "opening_hours": "Mo-Fr 08:30-18:30; Sa 08:30-12:30", "name": "Ganghofer-Apotheke", "level": null, "healthcare": "pharmacy", "email": null, "dispensing": "yes", "amenity": "pharmacy", "addr:street": "Gollierstraße", "addr:postcode": "80339", "addr:housenumber": "40", "addr:country": null, "addr:city": "München" }, "geometry": { "type": "Point", "coordinates": [ 11.5400994, 48.1357516 ] } },
{ "type": "Feature", "properties": { "full_id": "n266622180", "osm_id": "266622180", "osm_type": "node", "wikipedia": null, "opening_hours:visitors": null, "name:en": null, "payment:coins": null, "full_name": null, "contact:twitter": null, "start_date": null, "old_name": null, "payment:lightning_contactless": null, "payment:lightning": null, "currency:XBT": null, "payment:v_pay": null, "layer": null, "addr:unit": null, "emergency": null, "payment:girocard_contactless": null, "payment:unionpay": null, "payment:paypal": null, "payment:maestro": null, "payment:jcb": null, "payment:ec": null, "payment:american_express": null, "payment:alipay": null, "wikidata": null, "operator:type": null, "official_name": null, "healthcare:speciality": null, "beds": null, "description": null, "wheelchair:description": null, "shop": null, "brand:wikipedia": null, "brand:wikidata": null, "brand": null, "branch": null, "addr:suburb": null, "payment:visa": null, "payment:mastercard": null, "payment:ec_cards": null, "wheelchair:description:de": null, "addr:housename": null, "toilets": null, "payment:qr_code": null, "payment:cards": null, "opening_hours:signed": null, "payment:girocard": null, "internet_access": null, "medical_system:western": null, "health_facility:type": null, "toilets:wheelchair": null, "contact:instagram": null, "contact:facebook": null, "payment:debit_cards": null, "payment:credit_cards": null, "addr:floor": null, "drive_through": null, "payment:cash": null, "contact:email": null, "contact:website": "https://www.kugel-apotheke-muenchen.de/", "owner": null, "contact:phone": "+49 89 773928", "contact:fax": null, "name:de": null, "check_date": null, "fax": null, "wheelchair": "yes", "check_date:opening_hours": "2025-10-29", "website": null, "phone": null, "operator": "Bernhard Knebel", "opening_hours": "Mo-Fr 08:00-19:00; Sa 08:00-14:00", "name": "Kugelapotheke", "level": null, "healthcare": "pharmacy", "email": null, "dispensing": "yes", "amenity": "pharmacy", "addr:street": "Theresienhöhe", "addr:postcode": "80339", "addr:housenumber": "12", "addr:country": "DE", "addr:city": "München" }, "geometry": { "type": "Point", "coordinates": [ 11.5445475, 48.1339035 ] } },
{ "type": "Feature", "properties": { "full_id": "n5887535405", "osm_id": "5887535405", "osm_type": "node", "wikipedia": null, "opening_hours:visitors": null, "name:en": null, "payment:coins": null, "full_name": null, "contact:twitter": null, "start_date": null, "old_name": null, "payment:lightning_contactless": null, "payment:lightning": null, "currency:XBT": null, "payment:v_pay": null, "layer": null, "addr:unit": null, "emergency": null, "payment:girocard_contactless": null, "payment:unionpay": null, "payment:paypal": null, "payment:maestro": null, "payment:jcb": null, "payment:ec": null, "payment:american_express": null, "payment:alipay": null, "wikidata": null, "operator:type": null, "official_name": null, "healthcare:speciality": null, "beds": null, "description": null, "wheelchair:description": null, "shop": null, "brand:wikipedia": null, "brand:wikidata": null, "brand": null, "branch": null, "addr:suburb": null, "payment:visa": null, "payment:mastercard": null, "payment:ec_cards": null, "wheelchair:description:de": null, "addr:housename": null, "toilets": null, "payment:qr_code": null, "payment:cards": null, "opening_hours:signed": null, "payment:girocard": null, "internet_access": null, "medical_system:western": null, "health_facility:type": null, "toilets:wheelchair": null, "contact:instagram": null, "contact:facebook": null, "payment:debit_cards": null, "payment:credit_cards": null, "addr:floor": null, "drive_through": null, "payment:cash": null, "contact:email": null, "contact:website": null, "owner": null, "contact:phone": null, "contact:fax": null, "name:de": null, "check_date": null, "fax": "+498930700142", "wheelchair": "yes", "check_date:opening_hours": "2024-03-30", "website": null, "phone": "+498932609044", "operator": null, "opening_hours": "Mo-Sa 08:00-20:00", "name": "Apotheke FORUM Schwanthalerhöhe", "level": "0", "healthcare": "pharmacy", "email": "info@apo-fsth.de", "dispensing": null, "amenity": "pharmacy", "addr:street": "Schwanthalerstraße", "addr:postcode": "80339", "addr:housenumber": "111", "addr:country": "DE", "addr:city": "München" }, "geometry": { "type": "Point", "coordinates": [ 11.5477242, 48.1370706 ] } },
{ "type": "Feature", "properties": { "full_id": "n329118042", "osm_id": "329118042", "osm_type": "node", "wikipedia": null, "opening_hours:visitors": null, "name:en": null, "payment:coins": null, "full_name": null, "contact:twitter": null, "start_date": null, "old_name": null, "payment:lightning_contactless": null, "payment:lightning": null, "currency:XBT": null, "payment:v_pay": null, "layer": null, "addr:unit": null, "emergency": null, "payment:girocard_contactless": null, "payment:unionpay": null, "payment:paypal": null, "payment:maestro": null, "payment:jcb": null, "payment:ec": null, "payment:american_express": null, "payment:alipay": null, "wikidata": null, "operator:type": null, "official_name": null, "healthcare:speciality": null, "beds": null, "description": null, "wheelchair:description": null, "shop": null, "brand:wikipedia": null, "brand:wikidata": null, "brand": null, "branch": null, "addr:suburb": null, "payment:visa": "yes", "payment:mastercard": null, "payment:ec_cards": null, "wheelchair:description:de": null, "addr:housename": null, "toilets": null, "payment:qr_code": null, "payment:cards": null, "opening_hours:signed": null, "payment:girocard": null, "internet_access": null, "medical_system:western": null, "health_facility:type": null, "toilets:wheelchair": "yes", "contact:instagram": null, "contact:facebook": null, "payment:debit_cards": null, "payment:credit_cards": null, "addr:floor": null, "drive_through": null, "payment:cash": null, "contact:email": null, "contact:website": "https://www.stadtapothekemuenchen.de", "owner": null, "contact:phone": "+49 89 5904 3829", "contact:fax": null, "name:de": null, "check_date": "2023-01-30", "fax": null, "wheelchair": "yes", "check_date:opening_hours": null, "website": null, "phone": null, "operator": null, "opening_hours": "Mo-Fr 08:30-19:00; Sa 09:00-18:00", "name": "Stadt-Apotheke", "level": null, "healthcare": "pharmacy", "email": null, "dispensing": null, "amenity": "pharmacy", "addr:street": "Goethestraße", "addr:postcode": "80336", "addr:housenumber": "8", "addr:country": "DE", "addr:city": "München" }, "geometry": { "type": "Point", "coordinates": [ 11.558388, 48.1384174 ] } },
{ "type": "Feature", "properties": { "full_id": "n696835713", "osm_id": "696835713", "osm_type": "node", "wikipedia": null, "opening_hours:visitors": null, "name:en": null, "payment:coins": null, "full_name": null, "contact:twitter": null, "start_date": null, "old_name": null, "payment:lightning_contactless": null, "payment:lightning": null, "currency:XBT": null, "payment:v_pay": null, "layer": null, "addr:unit": null, "emergency": null, "payment:girocard_contactless": null, "payment:unionpay": null, "payment:paypal": null, "payment:maestro": null, "payment:jcb": null, "payment:ec": null, "payment:american_express": null, "payment:alipay": null, "wikidata": null, "operator:type": null, "official_name": null, "healthcare:speciality": null, "beds": null, "description": null, "wheelchair:description": null, "shop": null, "brand:wikipedia": null, "brand:wikidata": null, "brand": null, "branch": null, "addr:suburb": null, "payment:visa": null, "payment:mastercard": null, "payment:ec_cards": null, "wheelchair:description:de": null, "addr:housename": null, "toilets": null, "payment:qr_code": null, "payment:cards": null, "opening_hours:signed": null, "payment:girocard": null, "internet_access": null, "medical_system:western": null, "health_facility:type": null, "toilets:wheelchair": null, "contact:instagram": null, "contact:facebook": null, "payment:debit_cards": null, "payment:credit_cards": null, "addr:floor": null, "drive_through": null, "payment:cash": null, "contact:email": null, "contact:website": null, "owner": null, "contact:phone": null, "contact:fax": null, "name:de": null, "check_date": null, "fax": "+49 89 54329301", "wheelchair": "limited", "check_date:opening_hours": null, "website": "https://goethe-apotheke-muenchen.com", "phone": "+49 89 54329300", "operator": null, "opening_hours": "Mo-Fr 08:00-19:00; Sa 08:00-18:00", "name": "Goethe Apotheke", "level": null, "healthcare": "pharmacy", "email": null, "dispensing": "yes", "amenity": "pharmacy", "addr:street": "Goethestraße", "addr:postcode": "80336", "addr:housenumber": "20", "addr:country": "DE", "addr:city": "München" }, "geometry": { "type": "Point", "coordinates": [ 11.558385, 48.1367332 ] } },
{ "type": "Feature", "properties": { "full_id": "n6524200082", "osm_id": "6524200082", "osm_type": "node", "wikipedia": null, "opening_hours:visitors": null, "name:en": null, "payment:coins": null, "full_name": null, "contact:twitter": null, "start_date": null, "old_name": null, "payment:lightning_contactless": null, "payment:lightning": null, "currency:XBT": null, "payment:v_pay": null, "layer": null, "addr:unit": null, "emergency": null, "payment:girocard_contactless": null, "payment:unionpay": "yes", "payment:paypal": "yes", "payment:maestro": "yes", "payment:jcb": "yes", "payment:ec": "yes", "payment:american_express": "yes", "payment:alipay": "yes", "wikidata": null, "operator:type": null, "official_name": null, "healthcare:speciality": null, "beds": null, "description": null, "wheelchair:description": null, "shop": null, "brand:wikipedia": null, "brand:wikidata": null, "brand": null, "branch": null, "addr:suburb": null, "payment:visa": "yes", "payment:mastercard": "yes", "payment:ec_cards": null, "wheelchair:description:de": null, "addr:housename": null, "toilets": null, "payment:qr_code": null, "payment:cards": null, "opening_hours:signed": null, "payment:girocard": "yes", "internet_access": null, "medical_system:western": null, "health_facility:type": null, "toilets:wheelchair": null, "contact:instagram": null, "contact:facebook": null, "payment:debit_cards": null, "payment:credit_cards": null, "addr:floor": null, "drive_through": null, "payment:cash": null, "contact:email": null, "contact:website": "https://www.apothekemuenchen.de/", "owner": null, "contact:phone": "+49 89 59989040", "contact:fax": null, "name:de": null, "check_date": "2025-02-05", "fax": null, "wheelchair": "yes", "check_date:opening_hours": "2025-02-05", "website": null, "phone": null, "operator": null, "opening_hours": "Mo-Sa 08:00-20:00; Su,PH off", "name": "Internationale Hauptbahnhof Apotheke", "level": null, "healthcare": "pharmacy", "email": null, "dispensing": null, "amenity": "pharmacy", "addr:street": "Bayerstraße", "addr:postcode": "80335", "addr:housenumber": "27", "addr:country": "DE", "addr:city": "München" }, "geometry": { "type": "Point", "coordinates": [ 11.5605343, 48.1391635 ] } },
{ "type": "Feature", "properties": { "full_id": "n315969673", "osm_id": "315969673", "osm_type": "node", "wikipedia": null, "opening_hours:visitors": null, "name:en": null, "payment:coins": null, "full_name": null, "contact:twitter": null, "start_date": null, "old_name": null, "payment:lightning_contactless": null, "payment:lightning": null, "currency:XBT": null, "payment:v_pay": null, "layer": null, "addr:unit": null, "emergency": null, "payment:girocard_contactless": null, "payment:unionpay": null, "payment:paypal": null, "payment:maestro": null, "payment:jcb": null, "payment:ec": null, "payment:american_express": null, "payment:alipay": null, "wikidata": null, "operator:type": null, "official_name": null, "healthcare:speciality": null, "beds": null, "description": null, "wheelchair:description": null, "shop": null, "brand:wikipedia": null, "brand:wikidata": null, "brand": null, "branch": null, "addr:suburb": null, "payment:visa": null, "payment:mastercard": null, "payment:ec_cards": null, "wheelchair:description:de": null, "addr:housename": null, "toilets": null, "payment:qr_code": null, "payment:cards": null, "opening_hours:signed": null, "payment:girocard": null, "internet_access": null, "medical_system:western": null, "health_facility:type": null, "toilets:wheelchair": null, "contact:instagram": null, "contact:facebook": null, "payment:debit_cards": null, "payment:credit_cards": null, "addr:floor": null, "drive_through": null, "payment:cash": null, "contact:email": null, "contact:website": null, "owner": null, "contact:phone": null, "contact:fax": null, "name:de": null, "check_date": "2025-07-01", "fax": null, "wheelchair": "limited", "check_date:opening_hours": null, "website": null, "phone": null, "operator": null, "opening_hours": "Mo-Fr 08:00-18:30, Sa 09:00-13:00", "name": "St. Blasius Apotheke", "level": null, "healthcare": "pharmacy", "email": null, "dispensing": null, "amenity": "pharmacy", "addr:street": "Augustenstraße", "addr:postcode": "80333", "addr:housenumber": "1", "addr:country": "DE", "addr:city": "München" }, "geometry": { "type": "Point", "coordinates": [ 11.5600474, 48.1450768 ] } },
{ "type": "Feature", "properties": { "full_id": "n315969674", "osm_id": "315969674", "osm_type": "node", "wikipedia": null, "opening_hours:visitors": null, "name:en": null, "payment:coins": null, "full_name": null, "contact:twitter": null, "start_date": null, "old_name": null, "payment:lightning_contactless": null, "payment:lightning": null, "currency:XBT": null, "payment:v_pay": null, "layer": null, "addr:unit": null, "emergency": null, "payment:girocard_contactless": null, "payment:unionpay": null, "payment:paypal": null, "payment:maestro": null, "payment:jcb": null, "payment:ec": null, "payment:american_express": null, "payment:alipay": null, "wikidata": null, "operator:type": null, "official_name": null, "healthcare:speciality": null, "beds": null, "description": null, "wheelchair:description": null, "shop": null, "brand:wikipedia": null, "brand:wikidata": null, "brand": null, "branch": null, "addr:suburb": null, "payment:visa": null, "payment:mastercard": null, "payment:ec_cards": null, "wheelchair:description:de": null, "addr:housename": null, "toilets": null, "payment:qr_code": null, "payment:cards": null, "opening_hours:signed": null, "payment:girocard": null, "internet_access": null, "medical_system:western": null, "health_facility:type": null, "toilets:wheelchair": null, "contact:instagram": null, "contact:facebook": null, "payment:debit_cards": null, "payment:credit_cards": null, "addr:floor": null, "drive_through": null, "payment:cash": null, "contact:email": null, "contact:website": null, "owner": null, "contact:phone": null, "contact:fax": null, "name:de": null, "check_date": "2025-07-01", "fax": null, "wheelchair": "no", "check_date:opening_hours": null, "website": null, "phone": null, "operator": null, "opening_hours": "Mo,Tu,Th,Fr 08:00-18:30; We 08:00-13:00; PH off", "name": "St. Antonius Apotheke", "level": null, "healthcare": "pharmacy", "email": null, "dispensing": "yes", "amenity": "pharmacy", "addr:street": "Augustenstraße", "addr:postcode": "80333", "addr:housenumber": "8", "addr:country": "DE", "addr:city": "München" }, "geometry": { "type": "Point", "coordinates": [ 11.5602942, 48.1448046 ] } },
{ "type": "Feature", "properties": { "full_id": "n409497641", "osm_id": "409497641", "osm_type": "node", "wikipedia": null, "opening_hours:visitors": null, "name:en": null, "payment:coins": null, "full_name": null, "contact:twitter": null, "start_date": null, "old_name": null, "payment:lightning_contactless": null, "payment:lightning": null, "currency:XBT": null, "payment:v_pay": null, "layer": null, "addr:unit": null, "emergency": null, "payment:girocard_contactless": null, "payment:unionpay": null, "payment:paypal": null, "payment:maestro": null, "payment:jcb": null, "payment:ec": null, "payment:american_express": null, "payment:alipay": null, "wikidata": null, "operator:type": null, "official_name": null, "healthcare:speciality": null, "beds": null, "description": null, "wheelchair:description": null, "shop": null, "brand:wikipedia": null, "brand:wikidata": null, "brand": null, "branch": null, "addr:suburb": null, "payment:visa": null, "payment:mastercard": null, "payment:ec_cards": null, "wheelchair:description:de": null, "addr:housename": null, "toilets": null, "payment:qr_code": null, "payment:cards": null, "opening_hours:signed": null, "payment:girocard": null, "internet_access": null, "medical_system:western": null, "health_facility:type": null, "toilets:wheelchair": null, "contact:instagram": null, "contact:facebook": null, "payment:debit_cards": null, "payment:credit_cards": null, "addr:floor": null, "drive_through": null, "payment:cash": null, "contact:email": null, "contact:website": "https://www.balde-apotheke.de", "owner": null, "contact:phone": "+49 89 2013 215", "contact:fax": null, "name:de": null, "check_date": null, "fax": null, "wheelchair": "yes", "check_date:opening_hours": null, "website": null, "phone": null, "operator": null, "opening_hours": "Mo-Fr 08:00-18:30; Sa 08:30-13:00", "name": "Balde-Apotheke", "level": null, "healthcare": "pharmacy", "email": null, "dispensing": null, "amenity": "pharmacy", "addr:street": "Auenstraße", "addr:postcode": "80469", "addr:housenumber": "84", "addr:country": "DE", "addr:city": "München" }, "geometry": { "type": "Point", "coordinates": [ 11.5668785, 48.1237353 ] } },
{ "type": "Feature", "properties": { "full_id": "n6428807574", "osm_id": "6428807574", "osm_type": "node", "wikipedia": null, "opening_hours:visitors": null, "name:en": null, "payment:coins": null, "full_name": null, "contact:twitter": null, "start_date": null, "old_name": null, "payment:lightning_contactless": null, "payment:lightning": null, "currency:XBT": null, "payment:v_pay": null, "layer": null, "addr:unit": null, "emergency": null, "payment:girocard_contactless": null, "payment:unionpay": null, "payment:paypal": null, "payment:maestro": null, "payment:jcb": null, "payment:ec": null, "payment:american_express": null, "payment:alipay": null, "wikidata": null, "operator:type": null, "official_name": null, "healthcare:speciality": null, "beds": null, "description": null, "wheelchair:description": null, "shop": null, "brand:wikipedia": null, "brand:wikidata": null, "brand": null, "branch": null, "addr:suburb": null, "payment:visa": null, "payment:mastercard": null, "payment:ec_cards": null, "wheelchair:description:de": null, "addr:housename": null, "toilets": null, "payment:qr_code": null, "payment:cards": null, "opening_hours:signed": null, "payment:girocard": null, "internet_access": null, "medical_system:western": null, "health_facility:type": null, "toilets:wheelchair": null, "contact:instagram": null, "contact:facebook": null, "payment:debit_cards": null, "payment:credit_cards": null, "addr:floor": null, "drive_through": null, "payment:cash": null, "contact:email": null, "contact:website": null, "owner": null, "contact:phone": null, "contact:fax": null, "name:de": null, "check_date": null, "fax": null, "wheelchair": null, "check_date:opening_hours": "2026-06-17", "website": null, "phone": null, "operator": null, "opening_hours": "Mo-Fr 08:30-18:30; Sa 08:30-13:30; PH off", "name": "Iris Apotheke", "level": null, "healthcare": "pharmacy", "email": null, "dispensing": null, "amenity": "pharmacy", "addr:street": null, "addr:postcode": null, "addr:housenumber": null, "addr:country": null, "addr:city": null }, "geometry": { "type": "Point", "coordinates": [ 11.5607144, 48.1213092 ] } },
{ "type": "Feature", "properties": { "full_id": "n409497636", "osm_id": "409497636", "osm_type": "node", "wikipedia": null, "opening_hours:visitors": null, "name:en": null, "payment:coins": null, "full_name": null, "contact:twitter": null, "start_date": null, "old_name": null, "payment:lightning_contactless": null, "payment:lightning": null, "currency:XBT": null, "payment:v_pay": null, "layer": null, "addr:unit": null, "emergency": null, "payment:girocard_contactless": null, "payment:unionpay": null, "payment:paypal": null, "payment:maestro": null, "payment:jcb": null, "payment:ec": null, "payment:american_express": null, "payment:alipay": null, "wikidata": null, "operator:type": null, "official_name": null, "healthcare:speciality": null, "beds": null, "description": null, "wheelchair:description": null, "shop": null, "brand:wikipedia": null, "brand:wikidata": null, "brand": null, "branch": null, "addr:suburb": null, "payment:visa": null, "payment:mastercard": null, "payment:ec_cards": null, "wheelchair:description:de": null, "addr:housename": null, "toilets": null, "payment:qr_code": null, "payment:cards": null, "opening_hours:signed": null, "payment:girocard": null, "internet_access": null, "medical_system:western": null, "health_facility:type": null, "toilets:wheelchair": null, "contact:instagram": null, "contact:facebook": null, "payment:debit_cards": null, "payment:credit_cards": null, "addr:floor": null, "drive_through": null, "payment:cash": null, "contact:email": null, "contact:website": null, "owner": null, "contact:phone": null, "contact:fax": null, "name:de": null, "check_date": "2025-04-30", "fax": null, "wheelchair": "yes", "check_date:opening_hours": null, "website": null, "phone": null, "operator": null, "opening_hours": "Mo-Fr 08:00-19:00; Sa 09:00-14:00", "name": "Blumenapotheke", "level": null, "healthcare": "pharmacy", "email": null, "dispensing": null, "amenity": "pharmacy", "addr:street": null, "addr:postcode": null, "addr:housenumber": null, "addr:country": null, "addr:city": null }, "geometry": { "type": "Point", "coordinates": [ 11.5667474, 48.1326157 ] } },
{ "type": "Feature", "properties": { "full_id": "n669542863", "osm_id": "669542863", "osm_type": "node", "wikipedia": null, "opening_hours:visitors": null, "name:en": null, "payment:coins": null, "full_name": null, "contact:twitter": null, "start_date": null, "old_name": null, "payment:lightning_contactless": null, "payment:lightning": null, "currency:XBT": null, "payment:v_pay": null, "layer": null, "addr:unit": null, "emergency": null, "payment:girocard_contactless": null, "payment:unionpay": null, "payment:paypal": null, "payment:maestro": null, "payment:jcb": null, "payment:ec": null, "payment:american_express": null, "payment:alipay": null, "wikidata": null, "operator:type": null, "official_name": null, "healthcare:speciality": null, "beds": null, "description": null, "wheelchair:description": null, "shop": "medical_supply", "brand:wikipedia": null, "brand:wikidata": null, "brand": null, "branch": null, "addr:suburb": null, "payment:visa": null, "payment:mastercard": null, "payment:ec_cards": null, "wheelchair:description:de": null, "addr:housename": null, "toilets": null, "payment:qr_code": null, "payment:cards": null, "opening_hours:signed": null, "payment:girocard": null, "internet_access": null, "medical_system:western": null, "health_facility:type": null, "toilets:wheelchair": null, "contact:instagram": null, "contact:facebook": null, "payment:debit_cards": null, "payment:credit_cards": null, "addr:floor": null, "drive_through": null, "payment:cash": null, "contact:email": null, "contact:website": null, "owner": null, "contact:phone": null, "contact:fax": null, "name:de": null, "check_date": "2024-05-30", "fax": null, "wheelchair": "yes", "check_date:opening_hours": "2023-03-19", "website": null, "phone": null, "operator": null, "opening_hours": "Mo-Th 09:00-19:00; Fr 09:00-18:00", "name": "ergonomic care mein sanitätshaus", "level": null, "healthcare": "pharmacy", "email": null, "dispensing": null, "amenity": "pharmacy", "addr:street": "Lindwurmstraße", "addr:postcode": "80337", "addr:housenumber": "5", "addr:country": "DE", "addr:city": "München" }, "geometry": { "type": "Point", "coordinates": [ 11.5653205, 48.1326174 ] } },
{ "type": "Feature", "properties": { "full_id": "n4853553832", "osm_id": "4853553832", "osm_type": "node", "wikipedia": null, "opening_hours:visitors": null, "name:en": null, "payment:coins": null, "full_name": null, "contact:twitter": null, "start_date": null, "old_name": null, "payment:lightning_contactless": null, "payment:lightning": null, "currency:XBT": null, "payment:v_pay": null, "layer": null, "addr:unit": null, "emergency": null, "payment:girocard_contactless": null, "payment:unionpay": null, "payment:paypal": null, "payment:maestro": null, "payment:jcb": null, "payment:ec": null, "payment:american_express": null, "payment:alipay": null, "wikidata": null, "operator:type": null, "official_name": null, "healthcare:speciality": null, "beds": null, "description": null, "wheelchair:description": null, "shop": null, "brand:wikipedia": null, "brand:wikidata": null, "brand": null, "branch": null, "addr:suburb": null, "payment:visa": null, "payment:mastercard": null, "payment:ec_cards": null, "wheelchair:description:de": null, "addr:housename": null, "toilets": null, "payment:qr_code": null, "payment:cards": null, "opening_hours:signed": null, "payment:girocard": null, "internet_access": null, "medical_system:western": null, "health_facility:type": null, "toilets:wheelchair": null, "contact:instagram": null, "contact:facebook": null, "payment:debit_cards": null, "payment:credit_cards": null, "addr:floor": null, "drive_through": null, "payment:cash": null, "contact:email": null, "contact:website": null, "owner": null, "contact:phone": null, "contact:fax": null, "name:de": null, "check_date": null, "fax": null, "wheelchair": null, "check_date:opening_hours": null, "website": null, "phone": null, "operator": null, "opening_hours": null, "name": "Aponia.de", "level": null, "healthcare": "pharmacy", "email": null, "dispensing": null, "amenity": "pharmacy", "addr:street": "Lindwurmstraße", "addr:postcode": "80337", "addr:housenumber": "1", "addr:country": "DE", "addr:city": "München" }, "geometry": { "type": "Point", "coordinates": [ 11.565718, 48.1328331 ] } },
{ "type": "Feature", "properties": { "full_id": "n305516480", "osm_id": "305516480", "osm_type": "node", "wikipedia": null, "opening_hours:visitors": null, "name:en": null, "payment:coins": null, "full_name": null, "contact:twitter": null, "start_date": null, "old_name": null, "payment:lightning_contactless": null, "payment:lightning": null, "currency:XBT": null, "payment:v_pay": null, "layer": null, "addr:unit": null, "emergency": null, "payment:girocard_contactless": null, "payment:unionpay": null, "payment:paypal": null, "payment:maestro": null, "payment:jcb": null, "payment:ec": null, "payment:american_express": null, "payment:alipay": null, "wikidata": null, "operator:type": null, "official_name": null, "healthcare:speciality": null, "beds": null, "description": null, "wheelchair:description": null, "shop": null, "brand:wikipedia": null, "brand:wikidata": null, "brand": null, "branch": null, "addr:suburb": null, "payment:visa": null, "payment:mastercard": null, "payment:ec_cards": null, "wheelchair:description:de": null, "addr:housename": null, "toilets": null, "payment:qr_code": null, "payment:cards": null, "opening_hours:signed": null, "payment:girocard": null, "internet_access": null, "medical_system:western": null, "health_facility:type": null, "toilets:wheelchair": null, "contact:instagram": null, "contact:facebook": null, "payment:debit_cards": null, "payment:credit_cards": null, "addr:floor": null, "drive_through": null, "payment:cash": null, "contact:email": null, "contact:website": "http://www.isar-apo.de", "owner": null, "contact:phone": "+49 89 2016 748", "contact:fax": null, "name:de": null, "check_date": null, "fax": null, "wheelchair": "no", "check_date:opening_hours": null, "website": null, "phone": null, "operator": null, "opening_hours": "Mo,Tu,Th,Fr 09:00-18:00; Sa 09:00-13:30; We 09:00-14:00", "name": "Isar-Apotheke", "level": null, "healthcare": "pharmacy", "email": null, "dispensing": null, "amenity": "pharmacy", "addr:street": "Klenzestraße", "addr:postcode": "80469", "addr:housenumber": "58", "addr:country": "DE", "addr:city": "München" }, "geometry": { "type": "Point", "coordinates": [ 11.5701658, 48.1282531 ] } },
{ "type": "Feature", "properties": { "full_id": "n2335094125", "osm_id": "2335094125", "osm_type": "node", "wikipedia": null, "opening_hours:visitors": null, "name:en": null, "payment:coins": null, "full_name": null, "contact:twitter": null, "start_date": null, "old_name": null, "payment:lightning_contactless": null, "payment:lightning": null, "currency:XBT": null, "payment:v_pay": null, "layer": null, "addr:unit": null, "emergency": null, "payment:girocard_contactless": null, "payment:unionpay": null, "payment:paypal": null, "payment:maestro": null, "payment:jcb": null, "payment:ec": null, "payment:american_express": null, "payment:alipay": null, "wikidata": null, "operator:type": null, "official_name": null, "healthcare:speciality": null, "beds": null, "description": null, "wheelchair:description": null, "shop": null, "brand:wikipedia": null, "brand:wikidata": null, "brand": null, "branch": null, "addr:suburb": null, "payment:visa": null, "payment:mastercard": null, "payment:ec_cards": null, "wheelchair:description:de": null, "addr:housename": null, "toilets": null, "payment:qr_code": null, "payment:cards": null, "opening_hours:signed": null, "payment:girocard": null, "internet_access": null, "medical_system:western": null, "health_facility:type": null, "toilets:wheelchair": null, "contact:instagram": null, "contact:facebook": null, "payment:debit_cards": null, "payment:credit_cards": null, "addr:floor": null, "drive_through": null, "payment:cash": null, "contact:email": null, "contact:website": null, "owner": null, "contact:phone": "+49 89 26023430", "contact:fax": null, "name:de": null, "check_date": null, "fax": null, "wheelchair": "yes", "check_date:opening_hours": "2026-02-22", "website": null, "phone": null, "operator": null, "opening_hours": "Mo-Fr 08:00-18:30; Sa 09:00-13:00", "name": "Angertor Apotheke", "level": null, "healthcare": "pharmacy", "email": null, "dispensing": null, "amenity": "pharmacy", "addr:street": "Hans-Sachs-Straße", "addr:postcode": "80469", "addr:housenumber": "1", "addr:country": "DE", "addr:city": "München" }, "geometry": { "type": "Point", "coordinates": [ 11.5703982, 48.1307043 ] } },
{ "type": "Feature", "properties": { "full_id": "n522196046", "osm_id": "522196046", "osm_type": "node", "wikipedia": null, "opening_hours:visitors": null, "name:en": null, "payment:coins": null, "full_name": null, "contact:twitter": null, "start_date": null, "old_name": null, "payment:lightning_contactless": null, "payment:lightning": null, "currency:XBT": null, "payment:v_pay": null, "layer": null, "addr:unit": null, "emergency": null, "payment:girocard_contactless": null, "payment:unionpay": null, "payment:paypal": null, "payment:maestro": null, "payment:jcb": null, "payment:ec": null, "payment:american_express": null, "payment:alipay": null, "wikidata": "Q98644528", "operator:type": null, "official_name": null, "healthcare:speciality": null, "beds": null, "description": null, "wheelchair:description": null, "shop": null, "brand:wikipedia": null, "brand:wikidata": null, "brand": null, "branch": null, "addr:suburb": null, "payment:visa": null, "payment:mastercard": null, "payment:ec_cards": null, "wheelchair:description:de": null, "addr:housename": null, "toilets": null, "payment:qr_code": null, "payment:cards": null, "opening_hours:signed": null, "payment:girocard": null, "internet_access": null, "medical_system:western": null, "health_facility:type": null, "toilets:wheelchair": null, "contact:instagram": null, "contact:facebook": null, "payment:debit_cards": "yes", "payment:credit_cards": "yes", "addr:floor": null, "drive_through": null, "payment:cash": "yes", "contact:email": null, "contact:website": null, "owner": null, "contact:phone": null, "contact:fax": null, "name:de": null, "check_date": "2026-06-27", "fax": null, "wheelchair": "limited", "check_date:opening_hours": "2025-06-13", "website": "https://www.humboldt-apotheke-muenchen.de", "phone": "+49 89 65 05 78", "operator": null, "opening_hours": "Mo-Fr 08:30-18:30; Sa 08:30-12:30", "name": "Humboldt-Apotheke", "level": null, "healthcare": "pharmacy", "email": null, "dispensing": "yes", "amenity": "pharmacy", "addr:street": "Humboldtstraße", "addr:postcode": "81543", "addr:housenumber": "21", "addr:country": "DE", "addr:city": "München" }, "geometry": { "type": "Point", "coordinates": [ 11.5738362, 48.120223 ] } },
{ "type": "Feature", "properties": { "full_id": "n6003593056", "osm_id": "6003593056", "osm_type": "node", "wikipedia": null, "opening_hours:visitors": null, "name:en": null, "payment:coins": null, "full_name": null, "contact:twitter": null, "start_date": null, "old_name": null, "payment:lightning_contactless": null, "payment:lightning": null, "currency:XBT": null, "payment:v_pay": null, "layer": null, "addr:unit": null, "emergency": null, "payment:girocard_contactless": "yes", "payment:unionpay": null, "payment:paypal": null, "payment:maestro": null, "payment:jcb": null, "payment:ec": null, "payment:american_express": null, "payment:alipay": null, "wikidata": null, "operator:type": null, "official_name": null, "healthcare:speciality": null, "beds": null, "description": null, "wheelchair:description": null, "shop": null, "brand:wikipedia": null, "brand:wikidata": null, "brand": null, "branch": null, "addr:suburb": null, "payment:visa": null, "payment:mastercard": null, "payment:ec_cards": null, "wheelchair:description:de": null, "addr:housename": null, "toilets": null, "payment:qr_code": null, "payment:cards": null, "opening_hours:signed": null, "payment:girocard": "yes", "internet_access": null, "medical_system:western": null, "health_facility:type": null, "toilets:wheelchair": null, "contact:instagram": null, "contact:facebook": null, "payment:debit_cards": null, "payment:credit_cards": null, "addr:floor": null, "drive_through": null, "payment:cash": "yes", "contact:email": null, "contact:website": null, "owner": null, "contact:phone": null, "contact:fax": null, "name:de": null, "check_date": "2024-08-12", "fax": "+49 89 664789", "wheelchair": "no", "check_date:opening_hours": "2026-01-03", "website": "https://mariahilf-apotheke.de/", "phone": "+49 89 653542", "operator": null, "opening_hours": "Mo-Fr 08:30-18:30; Sa 08:30-13:00", "name": "Mariahilf Apotheke", "level": null, "healthcare": "pharmacy", "email": "kontakt@mariahilf-apotheke.de", "dispensing": null, "amenity": "pharmacy", "addr:street": "Ohlmüllerstraße", "addr:postcode": "81541", "addr:housenumber": "16", "addr:country": "DE", "addr:city": "München" }, "geometry": { "type": "Point", "coordinates": [ 11.579659, 48.1251681 ] } },
{ "type": "Feature", "properties": { "full_id": "n254057466", "osm_id": "254057466", "osm_type": "node", "wikipedia": null, "opening_hours:visitors": null, "name:en": null, "payment:coins": null, "full_name": null, "contact:twitter": null, "start_date": null, "old_name": null, "payment:lightning_contactless": null, "payment:lightning": null, "currency:XBT": null, "payment:v_pay": null, "layer": null, "addr:unit": null, "emergency": null, "payment:girocard_contactless": null, "payment:unionpay": null, "payment:paypal": null, "payment:maestro": null, "payment:jcb": null, "payment:ec": null, "payment:american_express": null, "payment:alipay": null, "wikidata": null, "operator:type": null, "official_name": null, "healthcare:speciality": null, "beds": null, "description": null, "wheelchair:description": null, "shop": null, "brand:wikipedia": null, "brand:wikidata": null, "brand": null, "branch": null, "addr:suburb": null, "payment:visa": null, "payment:mastercard": null, "payment:ec_cards": null, "wheelchair:description:de": null, "addr:housename": null, "toilets": null, "payment:qr_code": null, "payment:cards": null, "opening_hours:signed": null, "payment:girocard": null, "internet_access": null, "medical_system:western": null, "health_facility:type": null, "toilets:wheelchair": null, "contact:instagram": null, "contact:facebook": null, "payment:debit_cards": null, "payment:credit_cards": null, "addr:floor": null, "drive_through": null, "payment:cash": null, "contact:email": "info@apotheke-gaertnerplatz.de", "contact:website": "https://www.gaertnerplatz-apotheke.de", "owner": null, "contact:phone": "+49 89 201 47 27", "contact:fax": null, "name:de": null, "check_date": null, "fax": null, "wheelchair": "limited", "check_date:opening_hours": null, "website": null, "phone": null, "operator": null, "opening_hours": "Mo-Fr 08:30-18:30; Sa 09:00-14:00", "name": "Apotheke am Gärtnerplatz", "level": null, "healthcare": "pharmacy", "email": null, "dispensing": "yes", "amenity": "pharmacy", "addr:street": "Corneliusstraße", "addr:postcode": "80469", "addr:housenumber": "16", "addr:country": "DE", "addr:city": "München" }, "geometry": { "type": "Point", "coordinates": [ 11.5763084, 48.1313306 ] } },
{ "type": "Feature", "properties": { "full_id": "n305516486", "osm_id": "305516486", "osm_type": "node", "wikipedia": null, "opening_hours:visitors": null, "name:en": null, "payment:coins": null, "full_name": null, "contact:twitter": null, "start_date": null, "old_name": null, "payment:lightning_contactless": null, "payment:lightning": null, "currency:XBT": null, "payment:v_pay": null, "layer": null, "addr:unit": null, "emergency": null, "payment:girocard_contactless": null, "payment:unionpay": null, "payment:paypal": null, "payment:maestro": null, "payment:jcb": null, "payment:ec": null, "payment:american_express": null, "payment:alipay": null, "wikidata": null, "operator:type": null, "official_name": null, "healthcare:speciality": null, "beds": null, "description": null, "wheelchair:description": null, "shop": null, "brand:wikipedia": null, "brand:wikidata": null, "brand": null, "branch": null, "addr:suburb": null, "payment:visa": null, "payment:mastercard": null, "payment:ec_cards": null, "wheelchair:description:de": null, "addr:housename": null, "toilets": null, "payment:qr_code": null, "payment:cards": null, "opening_hours:signed": null, "payment:girocard": null, "internet_access": null, "medical_system:western": null, "health_facility:type": null, "toilets:wheelchair": null, "contact:instagram": null, "contact:facebook": null, "payment:debit_cards": null, "payment:credit_cards": null, "addr:floor": null, "drive_through": null, "payment:cash": null, "contact:email": "info@fraunhoferapotheke.de", "contact:website": "https://fraunhoferapotheke.de", "owner": null, "contact:phone": "+49 89 201 23 27", "contact:fax": null, "name:de": null, "check_date": "2026-02-18", "fax": null, "wheelchair": "no", "check_date:opening_hours": "2026-02-18", "website": null, "phone": null, "operator": null, "opening_hours": "Mo-Fr 08:30-19:00; Sa 09:00-16:00", "name": "Fraunhofer Apotheke", "level": null, "healthcare": "pharmacy", "email": null, "dispensing": null, "amenity": "pharmacy", "addr:street": "Fraunhoferstraße", "addr:postcode": "80469", "addr:housenumber": "38", "addr:country": "DE", "addr:city": "München" }, "geometry": { "type": "Point", "coordinates": [ 11.5751861, 48.1284779 ] } },
{ "type": "Feature", "properties": { "full_id": "n2335068081", "osm_id": "2335068081", "osm_type": "node", "wikipedia": null, "opening_hours:visitors": null, "name:en": null, "payment:coins": null, "full_name": null, "contact:twitter": null, "start_date": null, "old_name": null, "payment:lightning_contactless": null, "payment:lightning": null, "currency:XBT": null, "payment:v_pay": null, "layer": null, "addr:unit": null, "emergency": null, "payment:girocard_contactless": null, "payment:unionpay": null, "payment:paypal": null, "payment:maestro": null, "payment:jcb": null, "payment:ec": null, "payment:american_express": null, "payment:alipay": null, "wikidata": null, "operator:type": null, "official_name": null, "healthcare:speciality": null, "beds": null, "description": null, "wheelchair:description": null, "shop": null, "brand:wikipedia": null, "brand:wikidata": null, "brand": null, "branch": null, "addr:suburb": null, "payment:visa": null, "payment:mastercard": null, "payment:ec_cards": null, "wheelchair:description:de": null, "addr:housename": null, "toilets": null, "payment:qr_code": null, "payment:cards": null, "opening_hours:signed": null, "payment:girocard": null, "internet_access": null, "medical_system:western": null, "health_facility:type": null, "toilets:wheelchair": null, "contact:instagram": null, "contact:facebook": null, "payment:debit_cards": null, "payment:credit_cards": null, "addr:floor": null, "drive_through": null, "payment:cash": null, "contact:email": null, "contact:website": null, "owner": null, "contact:phone": null, "contact:fax": null, "name:de": null, "check_date": null, "fax": null, "wheelchair": "no", "check_date:opening_hours": "2024-09-30", "website": "https://schweiger-apotheke.de/", "phone": "+49 89 653937", "operator": null, "opening_hours": "Mo-Fr 08:30-18:30; Sa 08:30-13:00", "name": "Schweiger Apotheke", "level": null, "healthcare": "pharmacy", "email": "kontakt@schweiger-apotheke.de", "dispensing": null, "amenity": "pharmacy", "addr:street": "Schweigerstraße", "addr:postcode": null, "addr:housenumber": "16", "addr:country": null, "addr:city": "München" }, "geometry": { "type": "Point", "coordinates": [ 11.5828535, 48.1265697 ] } },
{ "type": "Feature", "properties": { "full_id": "n173671753", "osm_id": "173671753", "osm_type": "node", "wikipedia": null, "opening_hours:visitors": null, "name:en": null, "payment:coins": null, "full_name": null, "contact:twitter": null, "start_date": null, "old_name": null, "payment:lightning_contactless": null, "payment:lightning": null, "currency:XBT": null, "payment:v_pay": null, "layer": null, "addr:unit": null, "emergency": null, "payment:girocard_contactless": null, "payment:unionpay": null, "payment:paypal": null, "payment:maestro": null, "payment:jcb": null, "payment:ec": null, "payment:american_express": null, "payment:alipay": null, "wikidata": null, "operator:type": null, "official_name": null, "healthcare:speciality": null, "beds": null, "description": null, "wheelchair:description": null, "shop": null, "brand:wikipedia": null, "brand:wikidata": null, "brand": null, "branch": null, "addr:suburb": null, "payment:visa": null, "payment:mastercard": null, "payment:ec_cards": null, "wheelchair:description:de": null, "addr:housename": null, "toilets": null, "payment:qr_code": null, "payment:cards": null, "opening_hours:signed": null, "payment:girocard": null, "internet_access": null, "medical_system:western": null, "health_facility:type": null, "toilets:wheelchair": null, "contact:instagram": null, "contact:facebook": null, "payment:debit_cards": null, "payment:credit_cards": null, "addr:floor": null, "drive_through": null, "payment:cash": null, "contact:email": null, "contact:website": null, "owner": null, "contact:phone": null, "contact:fax": null, "name:de": null, "check_date": "2025-05-12", "fax": null, "wheelchair": "limited", "check_date:opening_hours": "2025-05-12", "website": null, "phone": "+49 89 555521", "operator": null, "opening_hours": "Mo-Fr 09:00-19:00; Sa 09:00-14:00", "name": "City-Apotheke", "level": null, "healthcare": "pharmacy", "email": "info@cityapotheke.net", "dispensing": null, "amenity": "pharmacy", "addr:street": "Schillerstraße", "addr:postcode": "80336", "addr:housenumber": "9", "addr:country": "DE", "addr:city": "München" }, "geometry": { "type": "Point", "coordinates": [ 11.5612128, 48.1380825 ] } },
{ "type": "Feature", "properties": { "full_id": "n305449486", "osm_id": "305449486", "osm_type": "node", "wikipedia": null, "opening_hours:visitors": null, "name:en": null, "payment:coins": null, "full_name": null, "contact:twitter": null, "start_date": null, "old_name": null, "payment:lightning_contactless": null, "payment:lightning": null, "currency:XBT": null, "payment:v_pay": null, "layer": null, "addr:unit": null, "emergency": null, "payment:girocard_contactless": null, "payment:unionpay": null, "payment:paypal": null, "payment:maestro": null, "payment:jcb": null, "payment:ec": null, "payment:american_express": null, "payment:alipay": null, "wikidata": null, "operator:type": null, "official_name": null, "healthcare:speciality": null, "beds": null, "description": null, "wheelchair:description": null, "shop": null, "brand:wikipedia": null, "brand:wikidata": null, "brand": null, "branch": null, "addr:suburb": null, "payment:visa": null, "payment:mastercard": null, "payment:ec_cards": null, "wheelchair:description:de": null, "addr:housename": null, "toilets": null, "payment:qr_code": null, "payment:cards": null, "opening_hours:signed": null, "payment:girocard": null, "internet_access": null, "medical_system:western": null, "health_facility:type": null, "toilets:wheelchair": "no", "contact:instagram": null, "contact:facebook": null, "payment:debit_cards": null, "payment:credit_cards": null, "addr:floor": null, "drive_through": null, "payment:cash": null, "contact:email": null, "contact:website": null, "owner": null, "contact:phone": null, "contact:fax": null, "name:de": null, "check_date": null, "fax": "+49 89 550 17 17", "wheelchair": "yes", "check_date:opening_hours": "2025-11-06", "website": "https://www.hieristsgesund.de/", "phone": "+49 89 593659", "operator": null, "opening_hours": "Mo-Fr 08:30-19:00; Sa 09:00-14:00", "name": "Regenbogenapotheke", "level": "0", "healthcare": "pharmacy", "email": "info@hieristsgesund.de", "dispensing": "yes", "amenity": "pharmacy", "addr:street": "Sonnenstraße", "addr:postcode": "80331", "addr:housenumber": "31", "addr:country": "DE", "addr:city": "München" }, "geometry": { "type": "Point", "coordinates": [ 11.5662199, 48.1346608 ] } },
{ "type": "Feature", "properties": { "full_id": "n305449498", "osm_id": "305449498", "osm_type": "node", "wikipedia": null, "opening_hours:visitors": null, "name:en": null, "payment:coins": null, "full_name": null, "contact:twitter": null, "start_date": null, "old_name": null, "payment:lightning_contactless": null, "payment:lightning": null, "currency:XBT": null, "payment:v_pay": null, "layer": null, "addr:unit": null, "emergency": null, "payment:girocard_contactless": null, "payment:unionpay": null, "payment:paypal": null, "payment:maestro": null, "payment:jcb": null, "payment:ec": null, "payment:american_express": null, "payment:alipay": null, "wikidata": null, "operator:type": null, "official_name": null, "healthcare:speciality": null, "beds": null, "description": null, "wheelchair:description": null, "shop": null, "brand:wikipedia": null, "brand:wikidata": null, "brand": null, "branch": null, "addr:suburb": null, "payment:visa": null, "payment:mastercard": null, "payment:ec_cards": null, "wheelchair:description:de": null, "addr:housename": null, "toilets": null, "payment:qr_code": null, "payment:cards": null, "opening_hours:signed": null, "payment:girocard": null, "internet_access": null, "medical_system:western": null, "health_facility:type": null, "toilets:wheelchair": null, "contact:instagram": null, "contact:facebook": null, "payment:debit_cards": null, "payment:credit_cards": null, "addr:floor": null, "drive_through": null, "payment:cash": null, "contact:email": "info@marien-apotheke-muenchen.de", "contact:website": "https://www.marien-apotheke-muenchen.de/", "owner": null, "contact:phone": "+49 89 557 565", "contact:fax": "+49 89 5503 844", "name:de": null, "check_date": "2025-08-05", "fax": null, "wheelchair": "yes", "check_date:opening_hours": "2025-08-05", "website": null, "phone": null, "operator": "Apotheker Thomas Benkert", "opening_hours": "Mo-Fr 08:00-19:30; Sa 08:30-14:00", "name": "Marien Apotheke", "level": null, "healthcare": "pharmacy", "email": null, "dispensing": null, "amenity": "pharmacy", "addr:street": "Sendlinger-Tor-Platz", "addr:postcode": "80336", "addr:housenumber": "7", "addr:country": "DE", "addr:city": "München" }, "geometry": { "type": "Point", "coordinates": [ 11.5652632, 48.1336954 ] } },
{ "type": "Feature", "properties": { "full_id": "n332617267", "osm_id": "332617267", "osm_type": "node", "wikipedia": null, "opening_hours:visitors": null, "name:en": null, "payment:coins": null, "full_name": null, "contact:twitter": null, "start_date": null, "old_name": null, "payment:lightning_contactless": null, "payment:lightning": null, "currency:XBT": null, "payment:v_pay": null, "layer": null, "addr:unit": null, "emergency": "yes", "payment:girocard_contactless": null, "payment:unionpay": null, "payment:paypal": null, "payment:maestro": null, "payment:jcb": null, "payment:ec": null, "payment:american_express": null, "payment:alipay": null, "wikidata": "Q22674589", "operator:type": null, "official_name": null, "healthcare:speciality": null, "beds": null, "description": null, "wheelchair:description": null, "shop": null, "brand:wikipedia": null, "brand:wikidata": null, "brand": null, "branch": null, "addr:suburb": null, "payment:visa": null, "payment:mastercard": null, "payment:ec_cards": null, "wheelchair:description:de": null, "addr:housename": null, "toilets": null, "payment:qr_code": null, "payment:cards": null, "opening_hours:signed": null, "payment:girocard": null, "internet_access": null, "medical_system:western": null, "health_facility:type": null, "toilets:wheelchair": null, "contact:instagram": null, "contact:facebook": null, "payment:debit_cards": null, "payment:credit_cards": null, "addr:floor": null, "drive_through": null, "payment:cash": null, "contact:email": null, "contact:website": null, "owner": null, "contact:phone": null, "contact:fax": null, "name:de": null, "check_date": null, "fax": "+49 89 149903-1990", "wheelchair": "yes", "check_date:opening_hours": null, "website": "https://www.isarklinikum.de", "phone": "+49 89 149903-0", "operator": "Isar Kliniken GmbH", "opening_hours": null, "name": "ISAR Klinikum", "level": null, "healthcare": "hospital", "email": "info@isarklinikum.de", "dispensing": null, "amenity": "hospital", "addr:street": "Sonnenstraße", "addr:postcode": "80331", "addr:housenumber": "24", "addr:country": "DE", "addr:city": "München" }, "geometry": { "type": "Point", "coordinates": [ 11.5650239, 48.1347002 ] } },
{ "type": "Feature", "properties": { "full_id": "n701376163", "osm_id": "701376163", "osm_type": "node", "wikipedia": null, "opening_hours:visitors": null, "name:en": null, "payment:coins": null, "full_name": null, "contact:twitter": null, "start_date": null, "old_name": null, "payment:lightning_contactless": null, "payment:lightning": null, "currency:XBT": null, "payment:v_pay": null, "layer": null, "addr:unit": null, "emergency": null, "payment:girocard_contactless": null, "payment:unionpay": null, "payment:paypal": null, "payment:maestro": null, "payment:jcb": null, "payment:ec": null, "payment:american_express": null, "payment:alipay": null, "wikidata": null, "operator:type": null, "official_name": null, "healthcare:speciality": null, "beds": null, "description": null, "wheelchair:description": null, "shop": null, "brand:wikipedia": null, "brand:wikidata": null, "brand": null, "branch": null, "addr:suburb": null, "payment:visa": null, "payment:mastercard": null, "payment:ec_cards": null, "wheelchair:description:de": null, "addr:housename": null, "toilets": null, "payment:qr_code": null, "payment:cards": null, "opening_hours:signed": null, "payment:girocard": null, "internet_access": null, "medical_system:western": null, "health_facility:type": null, "toilets:wheelchair": "no", "contact:instagram": null, "contact:facebook": null, "payment:debit_cards": null, "payment:credit_cards": null, "addr:floor": null, "drive_through": null, "payment:cash": null, "contact:email": null, "contact:website": "https://www.ahorn-apotheke.international/", "owner": null, "contact:phone": "+49 89 520 359-0", "contact:fax": null, "name:de": null, "check_date": "2024-05-04", "fax": null, "wheelchair": "yes", "check_date:opening_hours": null, "website": null, "phone": null, "operator": null, "opening_hours": "Mo-Fr 09:00-19:00; Sa 09:30-18:30", "name": "Ahorn-Apotheke", "level": null, "healthcare": "pharmacy", "email": null, "dispensing": null, "amenity": "pharmacy", "addr:street": "Bayerstraße", "addr:postcode": "80335", "addr:housenumber": "15", "addr:country": "DE", "addr:city": "München" }, "geometry": { "type": "Point", "coordinates": [ 11.5621522, 48.1392497 ] } },
{ "type": "Feature", "properties": { "full_id": "n1889010103", "osm_id": "1889010103", "osm_type": "node", "wikipedia": null, "opening_hours:visitors": null, "name:en": null, "payment:coins": null, "full_name": null, "contact:twitter": null, "start_date": null, "old_name": null, "payment:lightning_contactless": null, "payment:lightning": null, "currency:XBT": null, "payment:v_pay": null, "layer": null, "addr:unit": null, "emergency": null, "payment:girocard_contactless": null, "payment:unionpay": null, "payment:paypal": null, "payment:maestro": null, "payment:jcb": null, "payment:ec": null, "payment:american_express": null, "payment:alipay": null, "wikidata": null, "operator:type": null, "official_name": null, "healthcare:speciality": null, "beds": null, "description": null, "wheelchair:description": null, "shop": null, "brand:wikipedia": null, "brand:wikidata": null, "brand": null, "branch": null, "addr:suburb": null, "payment:visa": null, "payment:mastercard": null, "payment:ec_cards": null, "wheelchair:description:de": null, "addr:housename": null, "toilets": null, "payment:qr_code": null, "payment:cards": null, "opening_hours:signed": null, "payment:girocard": null, "internet_access": null, "medical_system:western": null, "health_facility:type": null, "toilets:wheelchair": null, "contact:instagram": null, "contact:facebook": null, "payment:debit_cards": null, "payment:credit_cards": null, "addr:floor": null, "drive_through": null, "payment:cash": null, "contact:email": null, "contact:website": "https://www.cleemann-apotheke.de", "owner": null, "contact:phone": "+49 89 2354 5910", "contact:fax": null, "name:de": null, "check_date": "2025-08-09", "fax": null, "wheelchair": "limited", "check_date:opening_hours": "2025-08-09", "website": null, "phone": null, "operator": null, "opening_hours": "Mo-Th 08:00-19:00; Fr 08:00-19:00", "name": "Cleemann-Apotheke", "level": null, "healthcare": "pharmacy", "email": null, "dispensing": null, "amenity": "pharmacy", "addr:street": "Sendlinger-Tor-Platz", "addr:postcode": "80336", "addr:housenumber": "8", "addr:country": "DE", "addr:city": "München" }, "geometry": { "type": "Point", "coordinates": [ 11.5654089, 48.13387 ] } },
{ "type": "Feature", "properties": { "full_id": "n12676031607", "osm_id": "12676031607", "osm_type": "node", "wikipedia": null, "opening_hours:visitors": null, "name:en": null, "payment:coins": null, "full_name": null, "contact:twitter": null, "start_date": null, "old_name": null, "payment:lightning_contactless": null, "payment:lightning": null, "currency:XBT": null, "payment:v_pay": "yes", "layer": "-1", "addr:unit": "Stachus-Einkaufszentrum", "emergency": null, "payment:girocard_contactless": null, "payment:unionpay": "yes", "payment:paypal": null, "payment:maestro": "yes", "payment:jcb": null, "payment:ec": null, "payment:american_express": "yes", "payment:alipay": null, "wikidata": null, "operator:type": null, "official_name": null, "healthcare:speciality": null, "beds": null, "description": null, "wheelchair:description": null, "shop": null, "brand:wikipedia": null, "brand:wikidata": null, "brand": null, "branch": null, "addr:suburb": null, "payment:visa": "yes", "payment:mastercard": "yes", "payment:ec_cards": null, "wheelchair:description:de": null, "addr:housename": null, "toilets": null, "payment:qr_code": null, "payment:cards": null, "opening_hours:signed": null, "payment:girocard": "yes", "internet_access": null, "medical_system:western": null, "health_facility:type": null, "toilets:wheelchair": null, "contact:instagram": null, "contact:facebook": null, "payment:debit_cards": null, "payment:credit_cards": null, "addr:floor": null, "drive_through": null, "payment:cash": "yes", "contact:email": null, "contact:website": null, "owner": null, "contact:phone": null, "contact:fax": null, "name:de": null, "check_date": null, "fax": "+49 89 549000 0", "wheelchair": "yes", "check_date:opening_hours": null, "website": "https://dbca-muc.de/", "phone": "+49 89 54900054", "operator": null, "opening_hours": "Mo-Fr 08:30-20:00; Sa 09:00-20:00", "name": "Dr. Beckers Central Apotheke", "level": "-1", "healthcare": "pharmacy", "email": null, "dispensing": null, "amenity": "pharmacy", "addr:street": "Karlsplatz (Stachus)", "addr:postcode": "80335", "addr:housenumber": "11", "addr:country": null, "addr:city": "München" }, "geometry": { "type": "Point", "coordinates": [ 11.5656959, 48.1388851 ] } },
{ "type": "Feature", "properties": { "full_id": "n329118008", "osm_id": "329118008", "osm_type": "node", "wikipedia": null, "opening_hours:visitors": null, "name:en": null, "payment:coins": null, "full_name": null, "contact:twitter": null, "start_date": null, "old_name": null, "payment:lightning_contactless": null, "payment:lightning": null, "currency:XBT": null, "payment:v_pay": null, "layer": null, "addr:unit": null, "emergency": null, "payment:girocard_contactless": null, "payment:unionpay": null, "payment:paypal": null, "payment:maestro": null, "payment:jcb": null, "payment:ec": null, "payment:american_express": null, "payment:alipay": null, "wikidata": null, "operator:type": null, "official_name": null, "healthcare:speciality": null, "beds": null, "description": null, "wheelchair:description": null, "shop": null, "brand:wikipedia": null, "brand:wikidata": null, "brand": null, "branch": null, "addr:suburb": null, "payment:visa": null, "payment:mastercard": null, "payment:ec_cards": null, "wheelchair:description:de": null, "addr:housename": null, "toilets": null, "payment:qr_code": null, "payment:cards": null, "opening_hours:signed": null, "payment:girocard": null, "internet_access": null, "medical_system:western": null, "health_facility:type": null, "toilets:wheelchair": null, "contact:instagram": null, "contact:facebook": null, "payment:debit_cards": null, "payment:credit_cards": "yes", "addr:floor": null, "drive_through": null, "payment:cash": null, "contact:email": null, "contact:website": "https://ludwigsapo.de/", "owner": null, "contact:phone": "+49 89 550507-0", "contact:fax": null, "name:de": null, "check_date": "2026-04-01", "fax": null, "wheelchair": "yes", "check_date:opening_hours": "2026-04-01", "website": null, "phone": null, "operator": null, "opening_hours": "Mo-Sa 09:00-20:00", "name": "Internationale Ludwigs-Apotheke", "level": null, "healthcare": "pharmacy", "email": null, "dispensing": null, "amenity": "pharmacy", "addr:street": "Neuhauser Straße", "addr:postcode": "80331", "addr:housenumber": "11", "addr:country": "DE", "addr:city": "München" }, "geometry": { "type": "Point", "coordinates": [ 11.5704559, 48.1382413 ] } },
{ "type": "Feature", "properties": { "full_id": "n2093487719", "osm_id": "2093487719", "osm_type": "node", "wikipedia": null, "opening_hours:visitors": null, "name:en": null, "payment:coins": null, "full_name": null, "contact:twitter": null, "start_date": null, "old_name": null, "payment:lightning_contactless": null, "payment:lightning": null, "currency:XBT": null, "payment:v_pay": null, "layer": null, "addr:unit": null, "emergency": null, "payment:girocard_contactless": null, "payment:unionpay": null, "payment:paypal": null, "payment:maestro": null, "payment:jcb": null, "payment:ec": null, "payment:american_express": null, "payment:alipay": null, "wikidata": null, "operator:type": null, "official_name": null, "healthcare:speciality": null, "beds": null, "description": null, "wheelchair:description": null, "shop": null, "brand:wikipedia": null, "brand:wikidata": null, "brand": null, "branch": null, "addr:suburb": null, "payment:visa": null, "payment:mastercard": null, "payment:ec_cards": null, "wheelchair:description:de": null, "addr:housename": null, "toilets": null, "payment:qr_code": null, "payment:cards": null, "opening_hours:signed": null, "payment:girocard": null, "internet_access": null, "medical_system:western": null, "health_facility:type": null, "toilets:wheelchair": null, "contact:instagram": null, "contact:facebook": null, "payment:debit_cards": null, "payment:credit_cards": null, "addr:floor": null, "drive_through": null, "payment:cash": null, "contact:email": null, "contact:website": null, "owner": null, "contact:phone": null, "contact:fax": null, "name:de": null, "check_date": null, "fax": null, "wheelchair": "yes", "check_date:opening_hours": null, "website": null, "phone": null, "operator": null, "opening_hours": "Mo-Fr 08:00-19:00; Sa 09:00-17:00", "name": "Adler Apotheke", "level": null, "healthcare": "pharmacy", "email": null, "dispensing": null, "amenity": "pharmacy", "addr:street": "Dultstraße", "addr:postcode": "80331", "addr:housenumber": "1", "addr:country": "DE", "addr:city": "München" }, "geometry": { "type": "Point", "coordinates": [ 11.5717944, 48.1355355 ] } },
{ "type": "Feature", "properties": { "full_id": "n2501121210", "osm_id": "2501121210", "osm_type": "node", "wikipedia": null, "opening_hours:visitors": null, "name:en": null, "payment:coins": null, "full_name": null, "contact:twitter": null, "start_date": null, "old_name": null, "payment:lightning_contactless": "yes", "payment:lightning": "yes", "currency:XBT": "yes", "payment:v_pay": null, "layer": null, "addr:unit": null, "emergency": null, "payment:girocard_contactless": null, "payment:unionpay": null, "payment:paypal": null, "payment:maestro": null, "payment:jcb": null, "payment:ec": null, "payment:american_express": null, "payment:alipay": null, "wikidata": null, "operator:type": null, "official_name": null, "healthcare:speciality": null, "beds": null, "description": null, "wheelchair:description": null, "shop": null, "brand:wikipedia": null, "brand:wikidata": null, "brand": null, "branch": null, "addr:suburb": null, "payment:visa": null, "payment:mastercard": null, "payment:ec_cards": null, "wheelchair:description:de": null, "addr:housename": null, "toilets": null, "payment:qr_code": null, "payment:cards": null, "opening_hours:signed": null, "payment:girocard": null, "internet_access": null, "medical_system:western": null, "health_facility:type": null, "toilets:wheelchair": null, "contact:instagram": null, "contact:facebook": null, "payment:debit_cards": null, "payment:credit_cards": null, "addr:floor": null, "drive_through": null, "payment:cash": null, "contact:email": null, "contact:website": null, "owner": null, "contact:phone": null, "contact:fax": null, "name:de": null, "check_date": "2026-06-26", "fax": null, "wheelchair": "yes", "check_date:opening_hours": "2026-06-26", "website": null, "phone": "+49 89 32764934", "operator": null, "opening_hours": "Mo-Fr 09:00-19:00; Sa 09:00-15:00", "name": "Marie-Johanna Apotheke", "level": null, "healthcare": "pharmacy", "email": null, "dispensing": "yes", "amenity": "pharmacy", "addr:street": "Eisenmannstraße", "addr:postcode": "80331", "addr:housenumber": "2", "addr:country": null, "addr:city": "München" }, "geometry": { "type": "Point", "coordinates": [ 11.569184, 48.137983 ] } },
{ "type": "Feature", "properties": { "full_id": "n4935295893", "osm_id": "4935295893", "osm_type": "node", "wikipedia": null, "opening_hours:visitors": null, "name:en": null, "payment:coins": null, "full_name": null, "contact:twitter": null, "start_date": null, "old_name": null, "payment:lightning_contactless": null, "payment:lightning": null, "currency:XBT": null, "payment:v_pay": null, "layer": null, "addr:unit": null, "emergency": null, "payment:girocard_contactless": null, "payment:unionpay": null, "payment:paypal": null, "payment:maestro": null, "payment:jcb": null, "payment:ec": null, "payment:american_express": null, "payment:alipay": null, "wikidata": null, "operator:type": null, "official_name": null, "healthcare:speciality": null, "beds": null, "description": null, "wheelchair:description": null, "shop": null, "brand:wikipedia": null, "brand:wikidata": null, "brand": null, "branch": null, "addr:suburb": null, "payment:visa": null, "payment:mastercard": null, "payment:ec_cards": null, "wheelchair:description:de": null, "addr:housename": null, "toilets": null, "payment:qr_code": null, "payment:cards": null, "opening_hours:signed": null, "payment:girocard": null, "internet_access": null, "medical_system:western": null, "health_facility:type": null, "toilets:wheelchair": null, "contact:instagram": null, "contact:facebook": null, "payment:debit_cards": null, "payment:credit_cards": null, "addr:floor": null, "drive_through": null, "payment:cash": null, "contact:email": null, "contact:website": null, "owner": null, "contact:phone": null, "contact:fax": null, "name:de": null, "check_date": null, "fax": null, "wheelchair": "yes", "check_date:opening_hours": null, "website": "https://www.kloesterl-apotheke.de", "phone": "+49 89 54343211", "operator": "Josepha Wallbrecher e. K.", "opening_hours": "Mo-Fr 09:00-19:00; Sa 10:00-15:00", "name": "Klösterl-Apotheke", "level": null, "healthcare": "pharmacy", "email": null, "dispensing": "yes", "amenity": "pharmacy", "addr:street": "Färbergraben", "addr:postcode": "80331", "addr:housenumber": "12", "addr:country": null, "addr:city": "München" }, "geometry": { "type": "Point", "coordinates": [ 11.5712742, 48.136919 ] } },
{ "type": "Feature", "properties": { "full_id": "n11584775577", "osm_id": "11584775577", "osm_type": "node", "wikipedia": null, "opening_hours:visitors": null, "name:en": null, "payment:coins": null, "full_name": null, "contact:twitter": null, "start_date": null, "old_name": null, "payment:lightning_contactless": null, "payment:lightning": null, "currency:XBT": null, "payment:v_pay": null, "layer": null, "addr:unit": null, "emergency": null, "payment:girocard_contactless": null, "payment:unionpay": null, "payment:paypal": null, "payment:maestro": null, "payment:jcb": null, "payment:ec": null, "payment:american_express": null, "payment:alipay": null, "wikidata": null, "operator:type": null, "official_name": null, "healthcare:speciality": null, "beds": null, "description": null, "wheelchair:description": null, "shop": null, "brand:wikipedia": null, "brand:wikidata": null, "brand": null, "branch": null, "addr:suburb": null, "payment:visa": null, "payment:mastercard": null, "payment:ec_cards": null, "wheelchair:description:de": null, "addr:housename": null, "toilets": null, "payment:qr_code": null, "payment:cards": null, "opening_hours:signed": null, "payment:girocard": null, "internet_access": null, "medical_system:western": null, "health_facility:type": null, "toilets:wheelchair": null, "contact:instagram": null, "contact:facebook": null, "payment:debit_cards": null, "payment:credit_cards": null, "addr:floor": null, "drive_through": null, "payment:cash": null, "contact:email": null, "contact:website": null, "owner": null, "contact:phone": null, "contact:fax": null, "name:de": null, "check_date": "2026-07-18", "fax": null, "wheelchair": "yes", "check_date:opening_hours": null, "website": null, "phone": null, "operator": null, "opening_hours": "Mo-Fr 08:30-20:00; Sa 09:00-19:00", "name": "Medicus Apotheke", "level": null, "healthcare": "pharmacy", "email": null, "dispensing": null, "amenity": "pharmacy", "addr:street": "Sendlinger Straße", "addr:postcode": null, "addr:housenumber": "41", "addr:country": null, "addr:city": null }, "geometry": { "type": "Point", "coordinates": [ 11.5686609, 48.1343951 ] } },
{ "type": "Feature", "properties": { "full_id": "n417104971", "osm_id": "417104971", "osm_type": "node", "wikipedia": null, "opening_hours:visitors": null, "name:en": null, "payment:coins": null, "full_name": null, "contact:twitter": null, "start_date": null, "old_name": null, "payment:lightning_contactless": null, "payment:lightning": null, "currency:XBT": null, "payment:v_pay": null, "layer": null, "addr:unit": null, "emergency": null, "payment:girocard_contactless": null, "payment:unionpay": null, "payment:paypal": null, "payment:maestro": null, "payment:jcb": null, "payment:ec": null, "payment:american_express": null, "payment:alipay": null, "wikidata": null, "operator:type": null, "official_name": null, "healthcare:speciality": null, "beds": null, "description": null, "wheelchair:description": null, "shop": null, "brand:wikipedia": null, "brand:wikidata": null, "brand": null, "branch": null, "addr:suburb": null, "payment:visa": null, "payment:mastercard": null, "payment:ec_cards": null, "wheelchair:description:de": null, "addr:housename": null, "toilets": null, "payment:qr_code": null, "payment:cards": null, "opening_hours:signed": null, "payment:girocard": null, "internet_access": null, "medical_system:western": null, "health_facility:type": null, "toilets:wheelchair": null, "contact:instagram": null, "contact:facebook": null, "payment:debit_cards": null, "payment:credit_cards": null, "addr:floor": null, "drive_through": null, "payment:cash": null, "contact:email": null, "contact:website": "https://www.schuetzenapotheke-muenchen.de/", "owner": null, "contact:phone": "+49 89 557661", "contact:fax": "+49 89 557227", "name:de": null, "check_date": null, "fax": null, "wheelchair": "no", "check_date:opening_hours": null, "website": null, "phone": null, "operator": null, "opening_hours": "Mo-Fr 08:30-19:00; Sa 09:00-16:00", "name": "Schützen-Apotheke", "level": null, "healthcare": "pharmacy", "email": null, "dispensing": null, "amenity": "pharmacy", "addr:street": "Schützenstraße", "addr:postcode": "80335", "addr:housenumber": "5", "addr:country": "DE", "addr:city": "München" }, "geometry": { "type": "Point", "coordinates": [ 11.5629886, 48.1396387 ] } },
{ "type": "Feature", "properties": { "full_id": "n656295781", "osm_id": "656295781", "osm_type": "node", "wikipedia": null, "opening_hours:visitors": null, "name:en": null, "payment:coins": null, "full_name": null, "contact:twitter": null, "start_date": null, "old_name": null, "payment:lightning_contactless": null, "payment:lightning": null, "currency:XBT": null, "payment:v_pay": null, "layer": null, "addr:unit": null, "emergency": null, "payment:girocard_contactless": null, "payment:unionpay": null, "payment:paypal": null, "payment:maestro": null, "payment:jcb": null, "payment:ec": null, "payment:american_express": null, "payment:alipay": null, "wikidata": null, "operator:type": null, "official_name": null, "healthcare:speciality": null, "beds": null, "description": null, "wheelchair:description": null, "shop": null, "brand:wikipedia": null, "brand:wikidata": null, "brand": null, "branch": null, "addr:suburb": null, "payment:visa": null, "payment:mastercard": null, "payment:ec_cards": null, "wheelchair:description:de": null, "addr:housename": null, "toilets": null, "payment:qr_code": null, "payment:cards": null, "opening_hours:signed": null, "payment:girocard": null, "internet_access": null, "medical_system:western": null, "health_facility:type": null, "toilets:wheelchair": null, "contact:instagram": null, "contact:facebook": null, "payment:debit_cards": null, "payment:credit_cards": null, "addr:floor": "0", "drive_through": null, "payment:cash": null, "contact:email": "info@stachus-apotheke.de", "contact:website": "https://www.stachus-apotheke.de", "owner": null, "contact:phone": "+49 89 596 319", "contact:fax": "+49 89 550 17 39", "name:de": null, "check_date": "2025-10-26", "fax": null, "wheelchair": "yes", "check_date:opening_hours": "2025-05-11", "website": null, "phone": null, "operator": "Gerhard Zitzmann", "opening_hours": "Mo-Fr 08:30-18:30; Sa 09:00-12:00", "name": "Stachus-Apotheke", "level": "0", "healthcare": "pharmacy", "email": null, "dispensing": null, "amenity": "pharmacy", "addr:street": "Karlsplatz", "addr:postcode": "80335", "addr:housenumber": null, "addr:country": "DE", "addr:city": "München" }, "geometry": { "type": "Point", "coordinates": [ 11.5665859, 48.1398904 ] } },
{ "type": "Feature", "properties": { "full_id": "n2275831263", "osm_id": "2275831263", "osm_type": "node", "wikipedia": null, "opening_hours:visitors": null, "name:en": null, "payment:coins": null, "full_name": null, "contact:twitter": null, "start_date": null, "old_name": null, "payment:lightning_contactless": null, "payment:lightning": null, "currency:XBT": null, "payment:v_pay": null, "layer": null, "addr:unit": null, "emergency": null, "payment:girocard_contactless": null, "payment:unionpay": null, "payment:paypal": null, "payment:maestro": "yes", "payment:jcb": "yes", "payment:ec": null, "payment:american_express": "yes", "payment:alipay": null, "wikidata": null, "operator:type": null, "official_name": null, "healthcare:speciality": null, "beds": null, "description": null, "wheelchair:description": null, "shop": null, "brand:wikipedia": null, "brand:wikidata": null, "brand": null, "branch": null, "addr:suburb": null, "payment:visa": "yes", "payment:mastercard": "yes", "payment:ec_cards": null, "wheelchair:description:de": null, "addr:housename": null, "toilets": null, "payment:qr_code": null, "payment:cards": null, "opening_hours:signed": null, "payment:girocard": "yes", "internet_access": null, "medical_system:western": null, "health_facility:type": null, "toilets:wheelchair": null, "contact:instagram": null, "contact:facebook": null, "payment:debit_cards": null, "payment:credit_cards": null, "addr:floor": null, "drive_through": null, "payment:cash": null, "contact:email": "info@inter-apotheke.de", "contact:website": "https://www.inter-apotheke.de", "owner": null, "contact:phone": "+49 89 595444", "contact:fax": "+49 89 5501713", "name:de": null, "check_date": "2026-03-13", "fax": null, "wheelchair": "yes", "check_date:opening_hours": null, "website": null, "phone": null, "operator": null, "opening_hours": "Mo-Fr 08:00-19:00; Sa 09:00-14:00", "name": "Inter-Apotheke", "level": null, "healthcare": "pharmacy", "email": null, "dispensing": null, "amenity": "pharmacy", "addr:street": "Elisenstraße", "addr:postcode": "80335", "addr:housenumber": "5", "addr:country": "DE", "addr:city": "München" }, "geometry": { "type": "Point", "coordinates": [ 11.5611229, 48.1418962 ] } },
{ "type": "Feature", "properties": { "full_id": "n1447721774", "osm_id": "1447721774", "osm_type": "node", "wikipedia": null, "opening_hours:visitors": null, "name:en": null, "payment:coins": null, "full_name": null, "contact:twitter": null, "start_date": null, "old_name": "Stilrad", "payment:lightning_contactless": null, "payment:lightning": null, "currency:XBT": null, "payment:v_pay": null, "layer": null, "addr:unit": null, "emergency": null, "payment:girocard_contactless": null, "payment:unionpay": null, "payment:paypal": null, "payment:maestro": null, "payment:jcb": null, "payment:ec": null, "payment:american_express": null, "payment:alipay": null, "wikidata": null, "operator:type": null, "official_name": null, "healthcare:speciality": null, "beds": null, "description": null, "wheelchair:description": null, "shop": null, "brand:wikipedia": null, "brand:wikidata": null, "brand": null, "branch": null, "addr:suburb": null, "payment:visa": null, "payment:mastercard": null, "payment:ec_cards": null, "wheelchair:description:de": null, "addr:housename": null, "toilets": null, "payment:qr_code": null, "payment:cards": null, "opening_hours:signed": null, "payment:girocard": null, "internet_access": null, "medical_system:western": null, "health_facility:type": null, "toilets:wheelchair": null, "contact:instagram": null, "contact:facebook": null, "payment:debit_cards": null, "payment:credit_cards": null, "addr:floor": null, "drive_through": null, "payment:cash": null, "contact:email": null, "contact:website": null, "owner": null, "contact:phone": null, "contact:fax": null, "name:de": null, "check_date": null, "fax": null, "wheelchair": "yes", "check_date:opening_hours": "2023-01-28", "website": null, "phone": null, "operator": null, "opening_hours": "Mo-Fr 09:00-18:00", "name": "Otto-Apotheke in der Maxburg", "level": null, "healthcare": "pharmacy", "email": null, "dispensing": null, "amenity": "pharmacy", "addr:street": "Pacellistraße", "addr:postcode": "80333", "addr:housenumber": "5", "addr:country": "DE", "addr:city": "München" }, "geometry": { "type": "Point", "coordinates": [ 11.5705761, 48.1404052 ] } },
{ "type": "Feature", "properties": { "full_id": "n254057401", "osm_id": "254057401", "osm_type": "node", "wikipedia": null, "opening_hours:visitors": null, "name:en": null, "payment:coins": null, "full_name": null, "contact:twitter": null, "start_date": null, "old_name": null, "payment:lightning_contactless": null, "payment:lightning": null, "currency:XBT": null, "payment:v_pay": null, "layer": null, "addr:unit": null, "emergency": null, "payment:girocard_contactless": null, "payment:unionpay": null, "payment:paypal": null, "payment:maestro": null, "payment:jcb": null, "payment:ec": null, "payment:american_express": null, "payment:alipay": null, "wikidata": null, "operator:type": null, "official_name": null, "healthcare:speciality": null, "beds": null, "description": null, "wheelchair:description": null, "shop": null, "brand:wikipedia": null, "brand:wikidata": null, "brand": null, "branch": null, "addr:suburb": null, "payment:visa": null, "payment:mastercard": null, "payment:ec_cards": null, "wheelchair:description:de": null, "addr:housename": null, "toilets": null, "payment:qr_code": null, "payment:cards": null, "opening_hours:signed": null, "payment:girocard": null, "internet_access": null, "medical_system:western": null, "health_facility:type": null, "toilets:wheelchair": null, "contact:instagram": null, "contact:facebook": null, "payment:debit_cards": null, "payment:credit_cards": null, "addr:floor": null, "drive_through": null, "payment:cash": null, "contact:email": "info@rathausapotheke-muenchen.de", "contact:website": "https://www.rathausapotheke-muenchen.de/", "owner": null, "contact:phone": "+49 89 553520", "contact:fax": "+49 89 25540950", "name:de": null, "check_date": null, "fax": null, "wheelchair": "yes", "check_date:opening_hours": "2024-06-02", "website": null, "phone": null, "operator": "Josef Grimm e.K.", "opening_hours": "Mo-Fr 09:00-20:00; Sa 09:00-18:00; PH,Su off", "name": "Rathaus-Apotheke", "level": null, "healthcare": "pharmacy", "email": null, "dispensing": null, "amenity": "pharmacy", "addr:street": "Marienplatz", "addr:postcode": "80331", "addr:housenumber": "8", "addr:country": "DE", "addr:city": "München" }, "geometry": { "type": "Point", "coordinates": [ 11.5759737, 48.1374138 ] } },
{ "type": "Feature", "properties": { "full_id": "n254057573", "osm_id": "254057573", "osm_type": "node", "wikipedia": null, "opening_hours:visitors": null, "name:en": null, "payment:coins": null, "full_name": null, "contact:twitter": null, "start_date": null, "old_name": null, "payment:lightning_contactless": null, "payment:lightning": null, "currency:XBT": null, "payment:v_pay": null, "layer": null, "addr:unit": null, "emergency": null, "payment:girocard_contactless": null, "payment:unionpay": null, "payment:paypal": null, "payment:maestro": null, "payment:jcb": null, "payment:ec": null, "payment:american_express": null, "payment:alipay": null, "wikidata": null, "operator:type": null, "official_name": null, "healthcare:speciality": null, "beds": null, "description": null, "wheelchair:description": null, "shop": null, "brand:wikipedia": null, "brand:wikidata": null, "brand": null, "branch": null, "addr:suburb": null, "payment:visa": null, "payment:mastercard": null, "payment:ec_cards": null, "wheelchair:description:de": null, "addr:housename": null, "toilets": null, "payment:qr_code": null, "payment:cards": null, "opening_hours:signed": null, "payment:girocard": null, "internet_access": null, "medical_system:western": null, "health_facility:type": null, "toilets:wheelchair": null, "contact:instagram": null, "contact:facebook": null, "payment:debit_cards": null, "payment:credit_cards": null, "addr:floor": null, "drive_through": null, "payment:cash": null, "contact:email": null, "contact:website": "https://www.rumford-apotheke.de/", "owner": null, "contact:phone": "+49 89 294 429", "contact:fax": null, "name:de": null, "check_date": null, "fax": null, "wheelchair": "yes", "check_date:opening_hours": "2026-08-11", "website": null, "phone": null, "operator": null, "opening_hours": "Mo-Fr 08:30-18:30; Sa 09:00-14:00", "name": "Rumford Apotheke", "level": null, "healthcare": "pharmacy", "email": null, "dispensing": null, "amenity": "pharmacy", "addr:street": "Reichenbachstraße", "addr:postcode": "80469", "addr:housenumber": "9", "addr:country": "DE", "addr:city": "München" }, "geometry": { "type": "Point", "coordinates": [ 11.5764608, 48.1336423 ] } },
{ "type": "Feature", "properties": { "full_id": "n296468211", "osm_id": "296468211", "osm_type": "node", "wikipedia": null, "opening_hours:visitors": null, "name:en": null, "payment:coins": null, "full_name": null, "contact:twitter": null, "start_date": null, "old_name": null, "payment:lightning_contactless": null, "payment:lightning": null, "currency:XBT": null, "payment:v_pay": null, "layer": null, "addr:unit": null, "emergency": null, "payment:girocard_contactless": null, "payment:unionpay": null, "payment:paypal": null, "payment:maestro": null, "payment:jcb": null, "payment:ec": null, "payment:american_express": null, "payment:alipay": null, "wikidata": null, "operator:type": null, "official_name": null, "healthcare:speciality": null, "beds": null, "description": null, "wheelchair:description": null, "shop": null, "brand:wikipedia": null, "brand:wikidata": null, "brand": null, "branch": null, "addr:suburb": null, "payment:visa": null, "payment:mastercard": null, "payment:ec_cards": null, "wheelchair:description:de": null, "addr:housename": null, "toilets": null, "payment:qr_code": null, "payment:cards": null, "opening_hours:signed": null, "payment:girocard": null, "internet_access": null, "medical_system:western": null, "health_facility:type": null, "toilets:wheelchair": null, "contact:instagram": "https://www.instagram.com/loewen_apo_am_viktualienmarkt/", "contact:facebook": null, "payment:debit_cards": null, "payment:credit_cards": null, "addr:floor": null, "drive_through": null, "payment:cash": null, "contact:email": null, "contact:website": null, "owner": null, "contact:phone": "+49 89 2308946", "contact:fax": null, "name:de": null, "check_date": null, "fax": null, "wheelchair": "no", "check_date:opening_hours": "2026-08-11", "website": "https://loewen-apotheke-muenchen.de/", "phone": null, "operator": null, "opening_hours": "Mo-Fr 08:30-18:30; Sa 09:00-15:00", "name": "Löwenapotheke", "level": null, "healthcare": "pharmacy", "email": null, "dispensing": "yes", "amenity": "pharmacy", "addr:street": "Blumenstraße", "addr:postcode": "80331", "addr:housenumber": "1", "addr:country": "DE", "addr:city": "München" }, "geometry": { "type": "Point", "coordinates": [ 11.5755858, 48.1345943 ] } },
{ "type": "Feature", "properties": { "full_id": "n305265451", "osm_id": "305265451", "osm_type": "node", "wikipedia": null, "opening_hours:visitors": null, "name:en": null, "payment:coins": null, "full_name": null, "contact:twitter": null, "start_date": null, "old_name": null, "payment:lightning_contactless": null, "payment:lightning": null, "currency:XBT": null, "payment:v_pay": null, "layer": null, "addr:unit": null, "emergency": null, "payment:girocard_contactless": null, "payment:unionpay": null, "payment:paypal": null, "payment:maestro": null, "payment:jcb": null, "payment:ec": null, "payment:american_express": null, "payment:alipay": null, "wikidata": null, "operator:type": null, "official_name": null, "healthcare:speciality": null, "beds": null, "description": null, "wheelchair:description": "Eine Stufe am Eingang", "shop": null, "brand:wikipedia": null, "brand:wikidata": null, "brand": null, "branch": null, "addr:suburb": null, "payment:visa": null, "payment:mastercard": null, "payment:ec_cards": null, "wheelchair:description:de": null, "addr:housename": null, "toilets": null, "payment:qr_code": null, "payment:cards": null, "opening_hours:signed": null, "payment:girocard": null, "internet_access": null, "medical_system:western": null, "health_facility:type": null, "toilets:wheelchair": null, "contact:instagram": null, "contact:facebook": null, "payment:debit_cards": null, "payment:credit_cards": null, "addr:floor": null, "drive_through": null, "payment:cash": null, "contact:email": null, "contact:website": "https://www.bio-apotheke.de/", "owner": null, "contact:phone": "+49 89 225630", "contact:fax": null, "name:de": null, "check_date": null, "fax": null, "wheelchair": "no", "check_date:opening_hours": "2024-04-25", "website": null, "phone": null, "operator": null, "opening_hours": "Mo-Fr 08:30-18:30; Sa,Su,PH off", "name": "Bio-Apotheke", "level": null, "healthcare": "pharmacy", "email": null, "dispensing": null, "amenity": "pharmacy", "addr:street": "Frauenstraße", "addr:postcode": "80469", "addr:housenumber": "17", "addr:country": "DE", "addr:city": "München" }, "geometry": { "type": "Point", "coordinates": [ 11.5787815, 48.1345857 ] } },
{ "type": "Feature", "properties": { "full_id": "n305433469", "osm_id": "305433469", "osm_type": "node", "wikipedia": null, "opening_hours:visitors": null, "name:en": null, "payment:coins": null, "full_name": null, "contact:twitter": null, "start_date": null, "old_name": null, "payment:lightning_contactless": null, "payment:lightning": null, "currency:XBT": null, "payment:v_pay": null, "layer": null, "addr:unit": null, "emergency": null, "payment:girocard_contactless": null, "payment:unionpay": null, "payment:paypal": null, "payment:maestro": null, "payment:jcb": null, "payment:ec": null, "payment:american_express": null, "payment:alipay": null, "wikidata": null, "operator:type": null, "official_name": null, "healthcare:speciality": null, "beds": null, "description": null, "wheelchair:description": null, "shop": null, "brand:wikipedia": null, "brand:wikidata": null, "brand": null, "branch": null, "addr:suburb": null, "payment:visa": null, "payment:mastercard": null, "payment:ec_cards": null, "wheelchair:description:de": null, "addr:housename": null, "toilets": null, "payment:qr_code": null, "payment:cards": null, "opening_hours:signed": null, "payment:girocard": null, "internet_access": null, "medical_system:western": null, "health_facility:type": null, "toilets:wheelchair": "no", "contact:instagram": null, "contact:facebook": null, "payment:debit_cards": null, "payment:credit_cards": null, "addr:floor": null, "drive_through": null, "payment:cash": null, "contact:email": "info@rosenapotheke.com", "contact:website": "https://www.rosenapotheke.com/", "owner": null, "contact:phone": "+49 89 230 027 00", "contact:fax": "+49 89 230 027 27", "name:de": null, "check_date": null, "fax": null, "wheelchair": "yes", "check_date:opening_hours": "2025-07-28", "website": null, "phone": null, "operator": null, "opening_hours": "Mo-Fr 08:30-20:00; Sa 09:00-20:00", "name": "Rosenapotheke", "level": null, "healthcare": "pharmacy", "email": null, "dispensing": null, "amenity": "pharmacy", "addr:street": "Rosenstraße", "addr:postcode": "80331", "addr:housenumber": "6", "addr:country": "DE", "addr:city": "München" }, "geometry": { "type": "Point", "coordinates": [ 11.5738358, 48.136499 ] } },
{ "type": "Feature", "properties": { "full_id": "n332790679", "osm_id": "332790679", "osm_type": "node", "wikipedia": null, "opening_hours:visitors": null, "name:en": null, "payment:coins": null, "full_name": null, "contact:twitter": null, "start_date": null, "old_name": null, "payment:lightning_contactless": null, "payment:lightning": null, "currency:XBT": null, "payment:v_pay": null, "layer": null, "addr:unit": null, "emergency": null, "payment:girocard_contactless": null, "payment:unionpay": null, "payment:paypal": null, "payment:maestro": null, "payment:jcb": null, "payment:ec": null, "payment:american_express": null, "payment:alipay": null, "wikidata": null, "operator:type": null, "official_name": null, "healthcare:speciality": null, "beds": null, "description": null, "wheelchair:description": null, "shop": null, "brand:wikipedia": null, "brand:wikidata": null, "brand": null, "branch": null, "addr:suburb": null, "payment:visa": null, "payment:mastercard": null, "payment:ec_cards": null, "wheelchair:description:de": null, "addr:housename": null, "toilets": null, "payment:qr_code": null, "payment:cards": null, "opening_hours:signed": null, "payment:girocard": null, "internet_access": null, "medical_system:western": null, "health_facility:type": null, "toilets:wheelchair": null, "contact:instagram": null, "contact:facebook": null, "payment:debit_cards": null, "payment:credit_cards": null, "addr:floor": null, "drive_through": null, "payment:cash": null, "contact:email": "info@stannaapotheke.de", "contact:website": "https://www.stannaapotheke-muenchen.de/", "owner": null, "contact:phone": "+49 89 292760", "contact:fax": "+49 89 29165098", "name:de": null, "check_date": null, "fax": null, "wheelchair": "yes", "check_date:opening_hours": "2026-01-05", "website": null, "phone": null, "operator": "Ludwig Gierstorfer e.Kfm.", "opening_hours": "PH off; Mo-Fr 08:30-18:30; Sa 08:30-18:00", "name": "St. Anna Apotheke 1828", "level": null, "healthcare": "pharmacy", "email": null, "dispensing": null, "amenity": "pharmacy", "addr:street": "Tal", "addr:postcode": "80331", "addr:housenumber": "13", "addr:country": "DE", "addr:city": "München" }, "geometry": { "type": "Point", "coordinates": [ 11.5792107, 48.1362444 ] } },
{ "type": "Feature", "properties": { "full_id": "n337811101", "osm_id": "337811101", "osm_type": "node", "wikipedia": null, "opening_hours:visitors": null, "name:en": null, "payment:coins": null, "full_name": null, "contact:twitter": null, "start_date": null, "old_name": null, "payment:lightning_contactless": null, "payment:lightning": null, "currency:XBT": null, "payment:v_pay": null, "layer": null, "addr:unit": null, "emergency": null, "payment:girocard_contactless": null, "payment:unionpay": null, "payment:paypal": null, "payment:maestro": null, "payment:jcb": null, "payment:ec": null, "payment:american_express": null, "payment:alipay": null, "wikidata": null, "operator:type": null, "official_name": null, "healthcare:speciality": null, "beds": null, "description": null, "wheelchair:description": "Stufe bei Eingang", "shop": null, "brand:wikipedia": null, "brand:wikidata": null, "brand": null, "branch": null, "addr:suburb": null, "payment:visa": null, "payment:mastercard": null, "payment:ec_cards": null, "wheelchair:description:de": null, "addr:housename": null, "toilets": null, "payment:qr_code": null, "payment:cards": null, "opening_hours:signed": null, "payment:girocard": null, "internet_access": null, "medical_system:western": null, "health_facility:type": null, "toilets:wheelchair": null, "contact:instagram": null, "contact:facebook": null, "payment:debit_cards": null, "payment:credit_cards": null, "addr:floor": null, "drive_through": null, "payment:cash": null, "contact:email": null, "contact:website": "https://www.orlando-apotheke-muenchen.de", "owner": null, "contact:phone": "+49 89 222140", "contact:fax": "+49 89 225 711", "name:de": null, "check_date": null, "fax": null, "wheelchair": "limited", "check_date:opening_hours": "2025-08-24", "website": null, "phone": null, "operator": "Anne-Sophie Tiemann", "opening_hours": "Mo-Fr 08:30-18:30; Sa 09:00-14:00", "name": "Orlando-Apotheke", "level": null, "healthcare": "pharmacy", "email": null, "dispensing": null, "amenity": "pharmacy", "addr:street": "Ledererstraße", "addr:postcode": "80331", "addr:housenumber": "4", "addr:country": "DE", "addr:city": "München" }, "geometry": { "type": "Point", "coordinates": [ 11.5787887, 48.1370701 ] } },
{ "type": "Feature", "properties": { "full_id": "n296462288", "osm_id": "296462288", "osm_type": "node", "wikipedia": null, "opening_hours:visitors": null, "name:en": null, "payment:coins": null, "full_name": null, "contact:twitter": null, "start_date": null, "old_name": null, "payment:lightning_contactless": null, "payment:lightning": null, "currency:XBT": null, "payment:v_pay": null, "layer": null, "addr:unit": null, "emergency": null, "payment:girocard_contactless": null, "payment:unionpay": null, "payment:paypal": null, "payment:maestro": null, "payment:jcb": null, "payment:ec": null, "payment:american_express": null, "payment:alipay": null, "wikidata": null, "operator:type": null, "official_name": null, "healthcare:speciality": null, "beds": null, "description": null, "wheelchair:description": null, "shop": null, "brand:wikipedia": null, "brand:wikidata": null, "brand": null, "branch": null, "addr:suburb": null, "payment:visa": null, "payment:mastercard": null, "payment:ec_cards": null, "wheelchair:description:de": null, "addr:housename": null, "toilets": null, "payment:qr_code": null, "payment:cards": null, "opening_hours:signed": null, "payment:girocard": null, "internet_access": null, "medical_system:western": null, "health_facility:type": null, "toilets:wheelchair": null, "contact:instagram": null, "contact:facebook": null, "payment:debit_cards": null, "payment:credit_cards": null, "addr:floor": null, "drive_through": null, "payment:cash": null, "contact:email": "info@zweibruecken.apotheke.de", "contact:website": "https://www.zweibruecken-apotheke.de", "owner": null, "contact:phone": "+49 89 292 380", "contact:fax": "+49 89 210 319 33", "name:de": null, "check_date": null, "fax": null, "wheelchair": "yes", "check_date:opening_hours": "2025-08-04", "website": null, "phone": null, "operator": "Dr. Bernd Bollinger", "opening_hours": "Mo-Fr 08:00-18:30; Sa 09:00-13:00", "name": "Zweibrücken-Apotheke", "level": null, "healthcare": "pharmacy", "email": null, "dispensing": null, "amenity": "pharmacy", "addr:street": "Zweibrückenstraße", "addr:postcode": "80331", "addr:housenumber": "6", "addr:country": "DE", "addr:city": "München" }, "geometry": { "type": "Point", "coordinates": [ 11.5828647, 48.1335039 ] } },
{ "type": "Feature", "properties": { "full_id": "n305266493", "osm_id": "305266493", "osm_type": "node", "wikipedia": null, "opening_hours:visitors": null, "name:en": null, "payment:coins": null, "full_name": null, "contact:twitter": null, "start_date": null, "old_name": null, "payment:lightning_contactless": null, "payment:lightning": null, "currency:XBT": null, "payment:v_pay": null, "layer": null, "addr:unit": null, "emergency": null, "payment:girocard_contactless": null, "payment:unionpay": null, "payment:paypal": null, "payment:maestro": null, "payment:jcb": null, "payment:ec": null, "payment:american_express": null, "payment:alipay": null, "wikidata": null, "operator:type": null, "official_name": null, "healthcare:speciality": null, "beds": null, "description": null, "wheelchair:description": null, "shop": null, "brand:wikipedia": null, "brand:wikidata": null, "brand": null, "branch": null, "addr:suburb": null, "payment:visa": null, "payment:mastercard": null, "payment:ec_cards": null, "wheelchair:description:de": null, "addr:housename": null, "toilets": null, "payment:qr_code": null, "payment:cards": null, "opening_hours:signed": null, "payment:girocard": null, "internet_access": null, "medical_system:western": null, "health_facility:type": null, "toilets:wheelchair": null, "contact:instagram": null, "contact:facebook": null, "payment:debit_cards": null, "payment:credit_cards": null, "addr:floor": null, "drive_through": null, "payment:cash": null, "contact:email": "isartor.apo@t-online.de", "contact:website": "https://www.isartor-apotheke.de", "owner": null, "contact:phone": "+49 89 2199290", "contact:fax": null, "name:de": null, "check_date": "2025-09-17", "fax": null, "wheelchair": "yes", "check_date:opening_hours": "2025-09-17", "website": null, "phone": null, "operator": null, "opening_hours": "Mo-Fr 08:00-18:30; Sa 09:00-13:00", "name": "Isartor Apotheke", "level": null, "healthcare": "pharmacy", "email": null, "dispensing": "yes", "amenity": "pharmacy", "addr:street": "Isartorplatz", "addr:postcode": "80331", "addr:housenumber": "6", "addr:country": "DE", "addr:city": "München" }, "geometry": { "type": "Point", "coordinates": [ 11.5834122, 48.1339916 ] } },
{ "type": "Feature", "properties": { "full_id": "n317457677", "osm_id": "317457677", "osm_type": "node", "wikipedia": null, "opening_hours:visitors": null, "name:en": null, "payment:coins": null, "full_name": null, "contact:twitter": null, "start_date": null, "old_name": null, "payment:lightning_contactless": null, "payment:lightning": null, "currency:XBT": null, "payment:v_pay": null, "layer": null, "addr:unit": null, "emergency": null, "payment:girocard_contactless": null, "payment:unionpay": null, "payment:paypal": null, "payment:maestro": null, "payment:jcb": null, "payment:ec": null, "payment:american_express": null, "payment:alipay": null, "wikidata": null, "operator:type": null, "official_name": null, "healthcare:speciality": null, "beds": null, "description": null, "wheelchair:description": null, "shop": null, "brand:wikipedia": null, "brand:wikidata": null, "brand": null, "branch": null, "addr:suburb": null, "payment:visa": null, "payment:mastercard": null, "payment:ec_cards": null, "wheelchair:description:de": null, "addr:housename": null, "toilets": null, "payment:qr_code": null, "payment:cards": null, "opening_hours:signed": null, "payment:girocard": null, "internet_access": null, "medical_system:western": null, "health_facility:type": null, "toilets:wheelchair": null, "contact:instagram": null, "contact:facebook": null, "payment:debit_cards": null, "payment:credit_cards": null, "addr:floor": null, "drive_through": "no", "payment:cash": null, "contact:email": null, "contact:website": null, "owner": null, "contact:phone": null, "contact:fax": null, "name:de": null, "check_date": "2026-09-05", "fax": "+49 89 21043831", "wheelchair": "yes", "check_date:opening_hours": "2022-04-04", "website": "https://engel-apotheke-muenchen.de", "phone": "+49 89 222163", "operator": null, "opening_hours": "Mo-Fr 08:00-19:00; Sa 09:00-15:00", "name": "Engel Apotheke", "level": null, "healthcare": "pharmacy", "email": "info@engel-apotheke-muenchen.de", "dispensing": "yes", "amenity": "pharmacy", "addr:street": "Theatinerstraße", "addr:postcode": "80333", "addr:housenumber": "45", "addr:country": null, "addr:city": "München" }, "geometry": { "type": "Point", "coordinates": [ 11.5760769, 48.1396008 ] } },
{ "type": "Feature", "properties": { "full_id": "n447786242", "osm_id": "447786242", "osm_type": "node", "wikipedia": null, "opening_hours:visitors": null, "name:en": null, "payment:coins": null, "full_name": null, "contact:twitter": null, "start_date": null, "old_name": null, "payment:lightning_contactless": null, "payment:lightning": null, "currency:XBT": null, "payment:v_pay": null, "layer": null, "addr:unit": null, "emergency": null, "payment:girocard_contactless": null, "payment:unionpay": null, "payment:paypal": null, "payment:maestro": null, "payment:jcb": null, "payment:ec": null, "payment:american_express": null, "payment:alipay": null, "wikidata": null, "operator:type": null, "official_name": null, "healthcare:speciality": null, "beds": null, "description": null, "wheelchair:description": null, "shop": null, "brand:wikipedia": null, "brand:wikidata": null, "brand": null, "branch": null, "addr:suburb": null, "payment:visa": null, "payment:mastercard": null, "payment:ec_cards": null, "wheelchair:description:de": null, "addr:housename": null, "toilets": null, "payment:qr_code": null, "payment:cards": null, "opening_hours:signed": null, "payment:girocard": null, "internet_access": null, "medical_system:western": null, "health_facility:type": null, "toilets:wheelchair": null, "contact:instagram": null, "contact:facebook": null, "payment:debit_cards": null, "payment:credit_cards": null, "addr:floor": null, "drive_through": null, "payment:cash": null, "contact:email": null, "contact:website": null, "owner": null, "contact:phone": null, "contact:fax": null, "name:de": null, "check_date": "2026-04-18", "fax": null, "wheelchair": "yes", "check_date:opening_hours": null, "website": "https://www.briennerapotheke.de/", "phone": "+49 89 281956", "operator": null, "opening_hours": "Mo-Fr 09:00-14:00,15:00-18:00", "name": "Brienner Apotheke", "level": null, "healthcare": "pharmacy", "email": null, "dispensing": "yes", "amenity": "pharmacy", "addr:street": null, "addr:postcode": null, "addr:housenumber": null, "addr:country": null, "addr:city": null }, "geometry": { "type": "Point", "coordinates": [ 11.5748256, 48.1432851 ] } },
{ "type": "Feature", "properties": { "full_id": "n617126144", "osm_id": "617126144", "osm_type": "node", "wikipedia": null, "opening_hours:visitors": null, "name:en": null, "payment:coins": null, "full_name": null, "contact:twitter": null, "start_date": null, "old_name": null, "payment:lightning_contactless": null, "payment:lightning": null, "currency:XBT": null, "payment:v_pay": null, "layer": null, "addr:unit": null, "emergency": null, "payment:girocard_contactless": null, "payment:unionpay": null, "payment:paypal": null, "payment:maestro": null, "payment:jcb": null, "payment:ec": null, "payment:american_express": null, "payment:alipay": null, "wikidata": null, "operator:type": null, "official_name": null, "healthcare:speciality": null, "beds": null, "description": null, "wheelchair:description": null, "shop": null, "brand:wikipedia": null, "brand:wikidata": null, "brand": null, "branch": null, "addr:suburb": null, "payment:visa": null, "payment:mastercard": null, "payment:ec_cards": null, "wheelchair:description:de": null, "addr:housename": null, "toilets": null, "payment:qr_code": null, "payment:cards": null, "opening_hours:signed": "no", "payment:girocard": null, "internet_access": null, "medical_system:western": null, "health_facility:type": null, "toilets:wheelchair": null, "contact:instagram": null, "contact:facebook": null, "payment:debit_cards": null, "payment:credit_cards": null, "addr:floor": null, "drive_through": null, "payment:cash": null, "contact:email": null, "contact:website": null, "owner": null, "contact:phone": "+49 89 221 730", "contact:fax": null, "name:de": "Hofapotheke in der Residenz", "check_date": "2025-04-13", "fax": null, "wheelchair": "no", "check_date:opening_hours": "2025-01-23", "website": null, "phone": null, "operator": null, "opening_hours": "Mo-Fr 09:00-18:00; Sa,Su,PH off", "name": "Hofapotheke in der Residenz", "level": null, "healthcare": "pharmacy", "email": null, "dispensing": null, "amenity": "pharmacy", "addr:street": "Residenzstraße", "addr:postcode": "80333", "addr:housenumber": "1", "addr:country": "DE", "addr:city": "München" }, "geometry": { "type": "Point", "coordinates": [ 11.5777992, 48.1415242 ] } },
{ "type": "Feature", "properties": { "full_id": "n4217413800", "osm_id": "4217413800", "osm_type": "node", "wikipedia": null, "opening_hours:visitors": null, "name:en": null, "payment:coins": null, "full_name": null, "contact:twitter": null, "start_date": null, "old_name": null, "payment:lightning_contactless": null, "payment:lightning": null, "currency:XBT": null, "payment:v_pay": null, "layer": null, "addr:unit": null, "emergency": null, "payment:girocard_contactless": null, "payment:unionpay": null, "payment:paypal": null, "payment:maestro": null, "payment:jcb": null, "payment:ec": null, "payment:american_express": null, "payment:alipay": null, "wikidata": null, "operator:type": null, "official_name": null, "healthcare:speciality": null, "beds": null, "description": null, "wheelchair:description": null, "shop": null, "brand:wikipedia": null, "brand:wikidata": null, "brand": null, "branch": null, "addr:suburb": null, "payment:visa": null, "payment:mastercard": null, "payment:ec_cards": null, "wheelchair:description:de": null, "addr:housename": null, "toilets": null, "payment:qr_code": null, "payment:cards": null, "opening_hours:signed": null, "payment:girocard": null, "internet_access": null, "medical_system:western": null, "health_facility:type": null, "toilets:wheelchair": null, "contact:instagram": null, "contact:facebook": null, "payment:debit_cards": null, "payment:credit_cards": null, "addr:floor": null, "drive_through": null, "payment:cash": null, "contact:email": "info@theatiner-apotheke.de", "contact:website": "https://theatiner-apotheke.de", "owner": null, "contact:phone": "+49 89 330 290 29", "contact:fax": "+49 89 330 290 28", "name:de": null, "check_date": null, "fax": null, "wheelchair": null, "check_date:opening_hours": null, "website": null, "phone": null, "operator": null, "opening_hours": "Mo-Fr 07:30-19:30; Sa 09:30-19:30", "name": "Theatiner Apotheke", "level": null, "healthcare": "pharmacy", "email": null, "dispensing": null, "amenity": "pharmacy", "addr:street": "Theatinerstraße", "addr:postcode": "80333", "addr:housenumber": "27", "addr:country": "DE", "addr:city": "München" }, "geometry": { "type": "Point", "coordinates": [ 11.5770679, 48.1416051 ] } },
{ "type": "Feature", "properties": { "full_id": "n291103858", "osm_id": "291103858", "osm_type": "node", "wikipedia": null, "opening_hours:visitors": null, "name:en": null, "payment:coins": null, "full_name": null, "contact:twitter": null, "start_date": null, "old_name": null, "payment:lightning_contactless": null, "payment:lightning": null, "currency:XBT": null, "payment:v_pay": null, "layer": null, "addr:unit": null, "emergency": null, "payment:girocard_contactless": null, "payment:unionpay": null, "payment:paypal": null, "payment:maestro": null, "payment:jcb": null, "payment:ec": null, "payment:american_express": null, "payment:alipay": null, "wikidata": null, "operator:type": null, "official_name": null, "healthcare:speciality": null, "beds": null, "description": null, "wheelchair:description": null, "shop": null, "brand:wikipedia": null, "brand:wikidata": null, "brand": null, "branch": null, "addr:suburb": null, "payment:visa": null, "payment:mastercard": null, "payment:ec_cards": null, "wheelchair:description:de": null, "addr:housename": null, "toilets": null, "payment:qr_code": null, "payment:cards": null, "opening_hours:signed": null, "payment:girocard": null, "internet_access": null, "medical_system:western": null, "health_facility:type": null, "toilets:wheelchair": null, "contact:instagram": null, "contact:facebook": null, "payment:debit_cards": null, "payment:credit_cards": null, "addr:floor": null, "drive_through": null, "payment:cash": null, "contact:email": null, "contact:website": null, "owner": null, "contact:phone": null, "contact:fax": null, "name:de": null, "check_date": "2023-08-24", "fax": null, "wheelchair": "no", "check_date:opening_hours": null, "website": null, "phone": "+49 89 221813", "operator": null, "opening_hours": "Mo-Fr 08:00-18:00; Sa 08:30-13:00", "name": "Liebig-Apotheke", "level": null, "healthcare": "pharmacy", "email": "liebig.apotheke@t-online.de", "dispensing": "yes", "amenity": "pharmacy", "addr:street": "Liebigstraße", "addr:postcode": "80538", "addr:housenumber": "5", "addr:country": "DE", "addr:city": "München" }, "geometry": { "type": "Point", "coordinates": [ 11.5865087, 48.1415739 ] } },
{ "type": "Feature", "properties": { "full_id": "n305909135", "osm_id": "305909135", "osm_type": "node", "wikipedia": null, "opening_hours:visitors": null, "name:en": null, "payment:coins": null, "full_name": null, "contact:twitter": null, "start_date": null, "old_name": null, "payment:lightning_contactless": null, "payment:lightning": null, "currency:XBT": null, "payment:v_pay": null, "layer": null, "addr:unit": null, "emergency": null, "payment:girocard_contactless": null, "payment:unionpay": null, "payment:paypal": null, "payment:maestro": null, "payment:jcb": null, "payment:ec": null, "payment:american_express": null, "payment:alipay": null, "wikidata": null, "operator:type": null, "official_name": null, "healthcare:speciality": null, "beds": null, "description": null, "wheelchair:description": null, "shop": null, "brand:wikipedia": null, "brand:wikidata": null, "brand": null, "branch": null, "addr:suburb": null, "payment:visa": null, "payment:mastercard": null, "payment:ec_cards": null, "wheelchair:description:de": null, "addr:housename": null, "toilets": null, "payment:qr_code": null, "payment:cards": null, "opening_hours:signed": null, "payment:girocard": null, "internet_access": null, "medical_system:western": null, "health_facility:type": null, "toilets:wheelchair": null, "contact:instagram": null, "contact:facebook": null, "payment:debit_cards": null, "payment:credit_cards": null, "addr:floor": null, "drive_through": "no", "payment:cash": null, "contact:email": null, "contact:website": null, "owner": null, "contact:phone": null, "contact:fax": null, "name:de": null, "check_date": null, "fax": null, "wheelchair": "yes", "check_date:opening_hours": "2025-10-25", "website": "https://www.apotheke-am-perlacher-forst.de/", "phone": "+49 89 6903424", "operator": null, "opening_hours": "Mo-Fr 08:30-18:30; Sa 08:30-13:00", "name": "Apotheke am Perlacher Forst", "level": null, "healthcare": "pharmacy", "email": null, "dispensing": null, "amenity": "pharmacy", "addr:street": "Scharfreiterstraße", "addr:postcode": "81549", "addr:housenumber": "1", "addr:country": null, "addr:city": "München" }, "geometry": { "type": "Point", "coordinates": [ 11.5946575, 48.1040828 ] } },
{ "type": "Feature", "properties": { "full_id": "n345197821", "osm_id": "345197821", "osm_type": "node", "wikipedia": null, "opening_hours:visitors": null, "name:en": null, "payment:coins": null, "full_name": null, "contact:twitter": null, "start_date": null, "old_name": null, "payment:lightning_contactless": null, "payment:lightning": null, "currency:XBT": null, "payment:v_pay": null, "layer": null, "addr:unit": null, "emergency": null, "payment:girocard_contactless": null, "payment:unionpay": null, "payment:paypal": null, "payment:maestro": null, "payment:jcb": null, "payment:ec": null, "payment:american_express": null, "payment:alipay": null, "wikidata": null, "operator:type": null, "official_name": null, "healthcare:speciality": null, "beds": null, "description": null, "wheelchair:description": null, "shop": null, "brand:wikipedia": null, "brand:wikidata": null, "brand": null, "branch": null, "addr:suburb": null, "payment:visa": null, "payment:mastercard": null, "payment:ec_cards": null, "wheelchair:description:de": null, "addr:housename": null, "toilets": null, "payment:qr_code": null, "payment:cards": null, "opening_hours:signed": null, "payment:girocard": null, "internet_access": null, "medical_system:western": null, "health_facility:type": null, "toilets:wheelchair": null, "contact:instagram": null, "contact:facebook": null, "payment:debit_cards": null, "payment:credit_cards": null, "addr:floor": null, "drive_through": null, "payment:cash": null, "contact:email": "info@aquila-apotheke.de", "contact:website": "https://www.aquila-apotheke.net/", "owner": null, "contact:phone": "+49 89 62000-145", "contact:fax": "+49 89 62000-058", "name:de": null, "check_date": null, "fax": null, "wheelchair": "yes", "check_date:opening_hours": "2025-08-06", "website": null, "phone": null, "operator": "Oliver Täuber", "opening_hours": "Mo-Fr 08:00-19:00; Sa 09:00-16:00", "name": "aquila Apotheke", "level": null, "healthcare": "pharmacy", "email": null, "dispensing": "yes", "amenity": "pharmacy", "addr:street": "Giesinger Bahnhofplatz", "addr:postcode": "81539", "addr:housenumber": "7", "addr:country": "DE", "addr:city": "München" }, "geometry": { "type": "Point", "coordinates": [ 11.5950893, 48.1110513 ] } },
{ "type": "Feature", "properties": { "full_id": "n3386282119", "osm_id": "3386282119", "osm_type": "node", "wikipedia": null, "opening_hours:visitors": null, "name:en": null, "payment:coins": null, "full_name": null, "contact:twitter": null, "start_date": null, "old_name": null, "payment:lightning_contactless": null, "payment:lightning": null, "currency:XBT": null, "payment:v_pay": null, "layer": null, "addr:unit": null, "emergency": null, "payment:girocard_contactless": null, "payment:unionpay": null, "payment:paypal": null, "payment:maestro": null, "payment:jcb": null, "payment:ec": null, "payment:american_express": null, "payment:alipay": null, "wikidata": null, "operator:type": null, "official_name": null, "healthcare:speciality": null, "beds": null, "description": null, "wheelchair:description": null, "shop": null, "brand:wikipedia": null, "brand:wikidata": null, "brand": null, "branch": null, "addr:suburb": null, "payment:visa": null, "payment:mastercard": null, "payment:ec_cards": null, "wheelchair:description:de": null, "addr:housename": null, "toilets": null, "payment:qr_code": null, "payment:cards": null, "opening_hours:signed": null, "payment:girocard": null, "internet_access": null, "medical_system:western": null, "health_facility:type": null, "toilets:wheelchair": null, "contact:instagram": null, "contact:facebook": null, "payment:debit_cards": null, "payment:credit_cards": null, "addr:floor": null, "drive_through": null, "payment:cash": null, "contact:email": null, "contact:website": null, "owner": null, "contact:phone": "+49 89 68972677", "contact:fax": null, "name:de": null, "check_date": "2026-01-03", "fax": null, "wheelchair": "yes", "check_date:opening_hours": "2026-01-03", "website": "https://www.sonnenscheinapotheke-muenchen.de/", "phone": null, "operator": null, "opening_hours": "Sa 10:00-13:00; Mo-Fr 08:00-19:00", "name": "Sonnenschein-Apotheke", "level": null, "healthcare": "pharmacy", "email": null, "dispensing": "yes", "amenity": "pharmacy", "addr:street": "Giesinger Bahnhofplatz", "addr:postcode": "81539", "addr:housenumber": "2", "addr:country": "DE", "addr:city": "München" }, "geometry": { "type": "Point", "coordinates": [ 11.5953762, 48.1103392 ] } },
{ "type": "Feature", "properties": { "full_id": "n260433537", "osm_id": "260433537", "osm_type": "node", "wikipedia": null, "opening_hours:visitors": null, "name:en": null, "payment:coins": null, "full_name": null, "contact:twitter": null, "start_date": null, "old_name": null, "payment:lightning_contactless": null, "payment:lightning": null, "currency:XBT": null, "payment:v_pay": null, "layer": null, "addr:unit": null, "emergency": null, "payment:girocard_contactless": null, "payment:unionpay": null, "payment:paypal": null, "payment:maestro": null, "payment:jcb": null, "payment:ec": null, "payment:american_express": null, "payment:alipay": null, "wikidata": null, "operator:type": null, "official_name": null, "healthcare:speciality": null, "beds": null, "description": null, "wheelchair:description": null, "shop": null, "brand:wikipedia": null, "brand:wikidata": null, "brand": null, "branch": null, "addr:suburb": null, "payment:visa": null, "payment:mastercard": null, "payment:ec_cards": null, "wheelchair:description:de": null, "addr:housename": null, "toilets": null, "payment:qr_code": null, "payment:cards": null, "opening_hours:signed": null, "payment:girocard": null, "internet_access": null, "medical_system:western": null, "health_facility:type": null, "toilets:wheelchair": null, "contact:instagram": null, "contact:facebook": null, "payment:debit_cards": null, "payment:credit_cards": null, "addr:floor": null, "drive_through": null, "payment:cash": null, "contact:email": null, "contact:website": null, "owner": null, "contact:phone": null, "contact:fax": null, "name:de": null, "check_date": "2026-03-12", "fax": null, "wheelchair": "yes", "check_date:opening_hours": null, "website": null, "phone": null, "operator": null, "opening_hours": "Mo-Fr 08:30-18:30; Sa 08:30-12:30", "name": "Chiemgau Apotheke", "level": null, "healthcare": "pharmacy", "email": null, "dispensing": "yes", "amenity": "pharmacy", "addr:street": "Chiemgaustraße", "addr:postcode": "81549", "addr:housenumber": "144", "addr:country": "DE", "addr:city": "München" }, "geometry": { "type": "Point", "coordinates": [ 11.6033663, 48.1083066 ] } },
{ "type": "Feature", "properties": { "full_id": "n260433737", "osm_id": "260433737", "osm_type": "node", "wikipedia": null, "opening_hours:visitors": null, "name:en": null, "payment:coins": null, "full_name": null, "contact:twitter": null, "start_date": null, "old_name": null, "payment:lightning_contactless": null, "payment:lightning": null, "currency:XBT": null, "payment:v_pay": null, "layer": null, "addr:unit": null, "emergency": null, "payment:girocard_contactless": null, "payment:unionpay": null, "payment:paypal": null, "payment:maestro": null, "payment:jcb": null, "payment:ec": null, "payment:american_express": null, "payment:alipay": null, "wikidata": null, "operator:type": null, "official_name": null, "healthcare:speciality": null, "beds": null, "description": null, "wheelchair:description": null, "shop": null, "brand:wikipedia": null, "brand:wikidata": null, "brand": null, "branch": null, "addr:suburb": null, "payment:visa": null, "payment:mastercard": null, "payment:ec_cards": null, "wheelchair:description:de": null, "addr:housename": null, "toilets": null, "payment:qr_code": null, "payment:cards": null, "opening_hours:signed": null, "payment:girocard": null, "internet_access": null, "medical_system:western": null, "health_facility:type": null, "toilets:wheelchair": null, "contact:instagram": null, "contact:facebook": null, "payment:debit_cards": null, "payment:credit_cards": null, "addr:floor": null, "drive_through": null, "payment:cash": null, "contact:email": null, "contact:website": null, "owner": null, "contact:phone": null, "contact:fax": null, "name:de": null, "check_date": null, "fax": null, "wheelchair": "yes", "check_date:opening_hours": "2024-06-09", "website": null, "phone": "+49 89 686466", "operator": null, "opening_hours": "Mo-Fr 08:30-18:30; Sa 08:30-12:30", "name": "Bernhard-Apotheke", "level": null, "healthcare": "pharmacy", "email": null, "dispensing": null, "amenity": "pharmacy", "addr:street": "Balanstraße", "addr:postcode": "81539", "addr:housenumber": "152", "addr:country": "DE", "addr:city": "München" }, "geometry": { "type": "Point", "coordinates": [ 11.603541, 48.1096657 ] } },
{ "type": "Feature", "properties": { "full_id": "n318712637", "osm_id": "318712637", "osm_type": "node", "wikipedia": null, "opening_hours:visitors": null, "name:en": null, "payment:coins": null, "full_name": null, "contact:twitter": null, "start_date": null, "old_name": null, "payment:lightning_contactless": null, "payment:lightning": null, "currency:XBT": null, "payment:v_pay": null, "layer": null, "addr:unit": null, "emergency": null, "payment:girocard_contactless": null, "payment:unionpay": null, "payment:paypal": null, "payment:maestro": null, "payment:jcb": null, "payment:ec": null, "payment:american_express": null, "payment:alipay": null, "wikidata": null, "operator:type": null, "official_name": null, "healthcare:speciality": null, "beds": null, "description": null, "wheelchair:description": null, "shop": null, "brand:wikipedia": null, "brand:wikidata": null, "brand": null, "branch": null, "addr:suburb": null, "payment:visa": null, "payment:mastercard": null, "payment:ec_cards": null, "wheelchair:description:de": null, "addr:housename": null, "toilets": null, "payment:qr_code": null, "payment:cards": null, "opening_hours:signed": null, "payment:girocard": null, "internet_access": null, "medical_system:western": null, "health_facility:type": null, "toilets:wheelchair": "no", "contact:instagram": null, "contact:facebook": null, "payment:debit_cards": null, "payment:credit_cards": null, "addr:floor": null, "drive_through": null, "payment:cash": null, "contact:email": null, "contact:website": null, "owner": null, "contact:phone": "+49 89 400784", "contact:fax": null, "name:de": null, "check_date": "2025-10-27", "fax": null, "wheelchair": "no", "check_date:opening_hours": null, "website": null, "phone": null, "operator": null, "opening_hours": "Mo-Fr 08:30-18:30; Sa 08:30-12:00", "name": "Melusinen-Apotheke", "level": null, "healthcare": "pharmacy", "email": null, "dispensing": "yes", "amenity": "pharmacy", "addr:street": "Melusinenstraße", "addr:postcode": "81671", "addr:housenumber": "7", "addr:country": "DE", "addr:city": "München" }, "geometry": { "type": "Point", "coordinates": [ 11.610805, 48.1192524 ] } },
{ "type": "Feature", "properties": { "full_id": "n319378542", "osm_id": "319378542", "osm_type": "node", "wikipedia": null, "opening_hours:visitors": null, "name:en": null, "payment:coins": null, "full_name": null, "contact:twitter": null, "start_date": null, "old_name": null, "payment:lightning_contactless": null, "payment:lightning": null, "currency:XBT": null, "payment:v_pay": null, "layer": null, "addr:unit": null, "emergency": null, "payment:girocard_contactless": null, "payment:unionpay": null, "payment:paypal": null, "payment:maestro": null, "payment:jcb": null, "payment:ec": null, "payment:american_express": null, "payment:alipay": null, "wikidata": null, "operator:type": null, "official_name": null, "healthcare:speciality": null, "beds": null, "description": null, "wheelchair:description": null, "shop": null, "brand:wikipedia": null, "brand:wikidata": null, "brand": null, "branch": null, "addr:suburb": null, "payment:visa": null, "payment:mastercard": null, "payment:ec_cards": null, "wheelchair:description:de": null, "addr:housename": null, "toilets": null, "payment:qr_code": null, "payment:cards": null, "opening_hours:signed": null, "payment:girocard": null, "internet_access": null, "medical_system:western": null, "health_facility:type": null, "toilets:wheelchair": null, "contact:instagram": null, "contact:facebook": null, "payment:debit_cards": null, "payment:credit_cards": null, "addr:floor": null, "drive_through": null, "payment:cash": null, "contact:email": null, "contact:website": null, "owner": null, "contact:phone": "+49 89 400799", "contact:fax": null, "name:de": null, "check_date": "2026-08-20", "fax": null, "wheelchair": "no", "check_date:opening_hours": null, "website": null, "phone": null, "operator": null, "opening_hours": "Mo-Fr 08:30-13:00, 14:00-18:30; Sa 08:30-12:00", "name": "Alpen-Apotheke", "level": null, "healthcare": "pharmacy", "email": null, "dispensing": "yes", "amenity": "pharmacy", "addr:street": "Rosenheimer Straße", "addr:postcode": "81671", "addr:housenumber": "201", "addr:country": "DE", "addr:city": "München" }, "geometry": { "type": "Point", "coordinates": [ 11.6125422, 48.1166284 ] } },
{ "type": "Feature", "properties": { "full_id": "n286032262", "osm_id": "286032262", "osm_type": "node", "wikipedia": null, "opening_hours:visitors": null, "name:en": null, "payment:coins": null, "full_name": null, "contact:twitter": null, "start_date": "2023-08-01", "old_name": "Apotheke am Pfanzeltplatz", "payment:lightning_contactless": null, "payment:lightning": null, "currency:XBT": null, "payment:v_pay": null, "layer": null, "addr:unit": null, "emergency": null, "payment:girocard_contactless": null, "payment:unionpay": null, "payment:paypal": null, "payment:maestro": null, "payment:jcb": null, "payment:ec": null, "payment:american_express": null, "payment:alipay": null, "wikidata": null, "operator:type": null, "official_name": null, "healthcare:speciality": null, "beds": null, "description": null, "wheelchair:description": null, "shop": null, "brand:wikipedia": null, "brand:wikidata": null, "brand": null, "branch": null, "addr:suburb": "Perlach", "payment:visa": null, "payment:mastercard": null, "payment:ec_cards": null, "wheelchair:description:de": null, "addr:housename": null, "toilets": null, "payment:qr_code": null, "payment:cards": null, "opening_hours:signed": null, "payment:girocard": null, "internet_access": null, "medical_system:western": null, "health_facility:type": null, "toilets:wheelchair": null, "contact:instagram": "https://www.instagram.com/perlenapotheke", "contact:facebook": "https://www.facebook.com/profile.php?id=100095150139076", "payment:debit_cards": null, "payment:credit_cards": null, "addr:floor": null, "drive_through": null, "payment:cash": null, "contact:email": null, "contact:website": "https://www.perlen-apotheke.de/", "owner": null, "contact:phone": null, "contact:fax": null, "name:de": null, "check_date": "2026-03-05", "fax": null, "wheelchair": "yes", "check_date:opening_hours": null, "website": null, "phone": "+49 89 6351992", "operator": "Katarzyna Bernhardt", "opening_hours": "Mo-Fr 08:00-18:30; Sa 09:00-12:00", "name": "Perlen Apotheke am Pfanzeltplatz", "level": null, "healthcare": "pharmacy", "email": null, "dispensing": null, "amenity": "pharmacy", "addr:street": "Putzbrunner Straße", "addr:postcode": "81737", "addr:housenumber": "1", "addr:country": "DE", "addr:city": "München" }, "geometry": { "type": "Point", "coordinates": [ 11.6312909, 48.0999454 ] } },
{ "type": "Feature", "properties": { "full_id": "n3969440968", "osm_id": "3969440968", "osm_type": "node", "wikipedia": null, "opening_hours:visitors": null, "name:en": null, "payment:coins": null, "full_name": null, "contact:twitter": null, "start_date": null, "old_name": null, "payment:lightning_contactless": null, "payment:lightning": null, "currency:XBT": null, "payment:v_pay": null, "layer": null, "addr:unit": null, "emergency": null, "payment:girocard_contactless": null, "payment:unionpay": null, "payment:paypal": null, "payment:maestro": null, "payment:jcb": null, "payment:ec": null, "payment:american_express": null, "payment:alipay": null, "wikidata": null, "operator:type": null, "official_name": null, "healthcare:speciality": null, "beds": null, "description": null, "wheelchair:description": null, "shop": null, "brand:wikipedia": null, "brand:wikidata": null, "brand": null, "branch": null, "addr:suburb": null, "payment:visa": null, "payment:mastercard": null, "payment:ec_cards": null, "wheelchair:description:de": null, "addr:housename": null, "toilets": null, "payment:qr_code": null, "payment:cards": null, "opening_hours:signed": null, "payment:girocard": null, "internet_access": null, "medical_system:western": null, "health_facility:type": null, "toilets:wheelchair": "no", "contact:instagram": null, "contact:facebook": null, "payment:debit_cards": null, "payment:credit_cards": null, "addr:floor": null, "drive_through": null, "payment:cash": null, "contact:email": "merkurapotheke@t-online.de", "contact:website": null, "owner": null, "contact:phone": "+49 89 6701430", "contact:fax": "+49 89 6256288", "name:de": null, "check_date": "2026-01-01", "fax": null, "wheelchair": "no", "check_date:opening_hours": "2026-01-01", "website": null, "phone": null, "operator": null, "opening_hours": "Mo-Fr 09:00-18:00; Sa 09:00-12:30; Su,PH off", "name": "Merkur-Apotheke", "level": null, "healthcare": "pharmacy", "email": null, "dispensing": null, "amenity": "pharmacy", "addr:street": "Ottobrunner Straße", "addr:postcode": "81737", "addr:housenumber": "140", "addr:country": "DE", "addr:city": "München" }, "geometry": { "type": "Point", "coordinates": [ 11.6292798, 48.1010471 ] } },
{ "type": "Feature", "properties": { "full_id": "n444004199", "osm_id": "444004199", "osm_type": "node", "wikipedia": null, "opening_hours:visitors": null, "name:en": null, "payment:coins": null, "full_name": null, "contact:twitter": null, "start_date": null, "old_name": null, "payment:lightning_contactless": null, "payment:lightning": null, "currency:XBT": null, "payment:v_pay": null, "layer": null, "addr:unit": null, "emergency": null, "payment:girocard_contactless": null, "payment:unionpay": null, "payment:paypal": null, "payment:maestro": null, "payment:jcb": null, "payment:ec": null, "payment:american_express": null, "payment:alipay": null, "wikidata": null, "operator:type": null, "official_name": null, "healthcare:speciality": null, "beds": null, "description": null, "wheelchair:description": null, "shop": null, "brand:wikipedia": null, "brand:wikidata": null, "brand": null, "branch": null, "addr:suburb": null, "payment:visa": null, "payment:mastercard": null, "payment:ec_cards": null, "wheelchair:description:de": null, "addr:housename": null, "toilets": null, "payment:qr_code": null, "payment:cards": null, "opening_hours:signed": null, "payment:girocard": null, "internet_access": null, "medical_system:western": null, "health_facility:type": null, "toilets:wheelchair": "no", "contact:instagram": null, "contact:facebook": null, "payment:debit_cards": null, "payment:credit_cards": null, "addr:floor": null, "drive_through": null, "payment:cash": null, "contact:email": null, "contact:website": null, "owner": null, "contact:phone": null, "contact:fax": null, "name:de": null, "check_date": "2026-05-29", "fax": null, "wheelchair": "yes", "check_date:opening_hours": "2026-05-29", "website": null, "phone": null, "operator": null, "opening_hours": "Mo-Fr 08:30-18:30; Sa 09:00-12:00", "name": "Urban-Apotheke", "level": null, "healthcare": "pharmacy", "email": null, "dispensing": null, "amenity": "pharmacy", "addr:street": "Ottobrunner Straße", "addr:postcode": "81737", "addr:housenumber": "24", "addr:country": null, "addr:city": "München" }, "geometry": { "type": "Point", "coordinates": [ 11.6177462, 48.1108774 ] } },
{ "type": "Feature", "properties": { "full_id": "n8850216361", "osm_id": "8850216361", "osm_type": "node", "wikipedia": null, "opening_hours:visitors": null, "name:en": null, "payment:coins": null, "full_name": null, "contact:twitter": null, "start_date": null, "old_name": null, "payment:lightning_contactless": null, "payment:lightning": null, "currency:XBT": null, "payment:v_pay": null, "layer": null, "addr:unit": null, "emergency": null, "payment:girocard_contactless": null, "payment:unionpay": null, "payment:paypal": null, "payment:maestro": null, "payment:jcb": null, "payment:ec": null, "payment:american_express": null, "payment:alipay": null, "wikidata": null, "operator:type": null, "official_name": null, "healthcare:speciality": null, "beds": null, "description": null, "wheelchair:description": null, "shop": null, "brand:wikipedia": null, "brand:wikidata": null, "brand": null, "branch": null, "addr:suburb": null, "payment:visa": null, "payment:mastercard": null, "payment:ec_cards": null, "wheelchair:description:de": null, "addr:housename": null, "toilets": null, "payment:qr_code": null, "payment:cards": null, "opening_hours:signed": null, "payment:girocard": null, "internet_access": null, "medical_system:western": null, "health_facility:type": null, "toilets:wheelchair": null, "contact:instagram": null, "contact:facebook": null, "payment:debit_cards": null, "payment:credit_cards": null, "addr:floor": null, "drive_through": null, "payment:cash": null, "contact:email": null, "contact:website": "https://www.apothekerei.de/giesing", "owner": null, "contact:phone": "+49 89 219091324", "contact:fax": "+49 89 62824336", "name:de": null, "check_date": "2025-09-16", "fax": null, "wheelchair": "yes", "check_date:opening_hours": null, "website": "https://www.apothekerei.de/giesing", "phone": "+49 89 89082389", "operator": "Michael Grintz e.K.", "opening_hours": "Mo-Fr 09:00-13:00,14:00-18:00; Sa-Su,PH off", "name": "Apothekerei", "level": null, "healthcare": "pharmacy", "email": null, "dispensing": null, "amenity": "pharmacy", "addr:street": "Balanstraße", "addr:postcode": "81541", "addr:housenumber": "50", "addr:country": null, "addr:city": "München" }, "geometry": { "type": "Point", "coordinates": [ 11.5977326, 48.1215255 ] } },
{ "type": "Feature", "properties": { "full_id": "n259759574", "osm_id": "259759574", "osm_type": "node", "wikipedia": null, "opening_hours:visitors": null, "name:en": null, "payment:coins": null, "full_name": null, "contact:twitter": null, "start_date": null, "old_name": null, "payment:lightning_contactless": null, "payment:lightning": null, "currency:XBT": null, "payment:v_pay": null, "layer": null, "addr:unit": null, "emergency": null, "payment:girocard_contactless": null, "payment:unionpay": null, "payment:paypal": null, "payment:maestro": null, "payment:jcb": null, "payment:ec": null, "payment:american_express": null, "payment:alipay": null, "wikidata": null, "operator:type": null, "official_name": null, "healthcare:speciality": null, "beds": null, "description": null, "wheelchair:description": null, "shop": null, "brand:wikipedia": null, "brand:wikidata": null, "brand": null, "branch": null, "addr:suburb": null, "payment:visa": null, "payment:mastercard": null, "payment:ec_cards": null, "wheelchair:description:de": null, "addr:housename": null, "toilets": null, "payment:qr_code": null, "payment:cards": null, "opening_hours:signed": null, "payment:girocard": null, "internet_access": null, "medical_system:western": null, "health_facility:type": null, "toilets:wheelchair": "yes", "contact:instagram": null, "contact:facebook": null, "payment:debit_cards": null, "payment:credit_cards": null, "addr:floor": null, "drive_through": null, "payment:cash": null, "contact:email": null, "contact:website": null, "owner": null, "contact:phone": "+49 89 44900262", "contact:fax": null, "name:de": null, "check_date": null, "fax": null, "wheelchair": "yes", "check_date:opening_hours": null, "website": null, "phone": null, "operator": "Elisabeth Sacher", "opening_hours": "Mo-Fr 08:00-18:30; Sa 09:00-13:00; Su,PH off", "name": "Apotheke im Franziskanerhof", "level": null, "healthcare": "pharmacy", "email": null, "dispensing": "yes", "amenity": "pharmacy", "addr:street": "Franziskanerstraße", "addr:postcode": "81669", "addr:housenumber": "16", "addr:country": "DE", "addr:city": "München" }, "geometry": { "type": "Point", "coordinates": [ 11.5913744, 48.1267604 ] } },
{ "type": "Feature", "properties": { "full_id": "n259759836", "osm_id": "259759836", "osm_type": "node", "wikipedia": null, "opening_hours:visitors": null, "name:en": null, "payment:coins": null, "full_name": null, "contact:twitter": null, "start_date": null, "old_name": null, "payment:lightning_contactless": null, "payment:lightning": null, "currency:XBT": null, "payment:v_pay": null, "layer": null, "addr:unit": null, "emergency": null, "payment:girocard_contactless": null, "payment:unionpay": null, "payment:paypal": null, "payment:maestro": null, "payment:jcb": null, "payment:ec": null, "payment:american_express": null, "payment:alipay": null, "wikidata": null, "operator:type": null, "official_name": null, "healthcare:speciality": null, "beds": null, "description": null, "wheelchair:description": null, "shop": null, "brand:wikipedia": null, "brand:wikidata": null, "brand": null, "branch": null, "addr:suburb": null, "payment:visa": null, "payment:mastercard": null, "payment:ec_cards": null, "wheelchair:description:de": null, "addr:housename": null, "toilets": null, "payment:qr_code": null, "payment:cards": null, "opening_hours:signed": null, "payment:girocard": null, "internet_access": null, "medical_system:western": null, "health_facility:type": null, "toilets:wheelchair": null, "contact:instagram": null, "contact:facebook": null, "payment:debit_cards": null, "payment:credit_cards": null, "addr:floor": null, "drive_through": null, "payment:cash": null, "contact:email": null, "contact:website": null, "owner": null, "contact:phone": "+49 89 487010", "contact:fax": "+49 89 484618", "name:de": null, "check_date": null, "fax": null, "wheelchair": "yes", "check_date:opening_hours": "2025-08-04", "website": null, "phone": null, "operator": "Kathrin Reichold", "opening_hours": "Mo-Fr 08:00-20:00; Sa 08:30-16:00", "name": "Hall'sche Apotheke", "level": null, "healthcare": "pharmacy", "email": null, "dispensing": "yes", "amenity": "pharmacy", "addr:street": null, "addr:postcode": "81669", "addr:housenumber": null, "addr:country": null, "addr:city": "München" }, "geometry": { "type": "Point", "coordinates": [ 11.5929885, 48.1287125 ] } },
{ "type": "Feature", "properties": { "full_id": "n263887382", "osm_id": "263887382", "osm_type": "node", "wikipedia": null, "opening_hours:visitors": null, "name:en": null, "payment:coins": null, "full_name": null, "contact:twitter": null, "start_date": null, "old_name": null, "payment:lightning_contactless": null, "payment:lightning": null, "currency:XBT": null, "payment:v_pay": null, "layer": null, "addr:unit": null, "emergency": null, "payment:girocard_contactless": null, "payment:unionpay": null, "payment:paypal": null, "payment:maestro": null, "payment:jcb": null, "payment:ec": null, "payment:american_express": null, "payment:alipay": null, "wikidata": null, "operator:type": null, "official_name": null, "healthcare:speciality": null, "beds": null, "description": null, "wheelchair:description": "Nicht alle Regale an barrierefrei zugänglich", "shop": null, "brand:wikipedia": null, "brand:wikidata": null, "brand": null, "branch": null, "addr:suburb": null, "payment:visa": null, "payment:mastercard": null, "payment:ec_cards": null, "wheelchair:description:de": null, "addr:housename": null, "toilets": null, "payment:qr_code": null, "payment:cards": null, "opening_hours:signed": null, "payment:girocard": null, "internet_access": null, "medical_system:western": null, "health_facility:type": null, "toilets:wheelchair": null, "contact:instagram": null, "contact:facebook": null, "payment:debit_cards": null, "payment:credit_cards": null, "addr:floor": null, "drive_through": null, "payment:cash": null, "contact:email": "info@weissenburger-apotheke.de", "contact:website": "https://www.apopark.com/weissenburger-apotheke/", "owner": null, "contact:phone": "+49 89 4480 714", "contact:fax": null, "name:de": null, "check_date": null, "fax": null, "wheelchair": "limited", "check_date:opening_hours": "2026-02-20", "website": null, "phone": null, "operator": null, "opening_hours": "Mo-Fr 08:00-18:30; Sa 08:30-14:00", "name": "Weißenburger Apotheke", "level": null, "healthcare": "pharmacy", "email": null, "dispensing": "yes", "amenity": "pharmacy", "addr:street": "Weißenburger Straße", "addr:postcode": "81667", "addr:housenumber": "29", "addr:country": "DE", "addr:city": "München" }, "geometry": { "type": "Point", "coordinates": [ 11.5993523, 48.128516 ] } },
{ "type": "Feature", "properties": { "full_id": "n266698100", "osm_id": "266698100", "osm_type": "node", "wikipedia": null, "opening_hours:visitors": null, "name:en": null, "payment:coins": null, "full_name": null, "contact:twitter": null, "start_date": null, "old_name": null, "payment:lightning_contactless": null, "payment:lightning": null, "currency:XBT": null, "payment:v_pay": null, "layer": null, "addr:unit": null, "emergency": null, "payment:girocard_contactless": null, "payment:unionpay": null, "payment:paypal": null, "payment:maestro": null, "payment:jcb": null, "payment:ec": null, "payment:american_express": null, "payment:alipay": null, "wikidata": null, "operator:type": null, "official_name": null, "healthcare:speciality": null, "beds": null, "description": null, "wheelchair:description": null, "shop": null, "brand:wikipedia": null, "brand:wikidata": null, "brand": null, "branch": null, "addr:suburb": null, "payment:visa": null, "payment:mastercard": null, "payment:ec_cards": null, "wheelchair:description:de": null, "addr:housename": null, "toilets": null, "payment:qr_code": null, "payment:cards": null, "opening_hours:signed": null, "payment:girocard": null, "internet_access": null, "medical_system:western": null, "health_facility:type": null, "toilets:wheelchair": null, "contact:instagram": null, "contact:facebook": null, "payment:debit_cards": null, "payment:credit_cards": null, "addr:floor": null, "drive_through": null, "payment:cash": null, "contact:email": null, "contact:website": null, "owner": null, "contact:phone": null, "contact:fax": null, "name:de": null, "check_date": "2025-10-26", "fax": "+49 89 4891991", "wheelchair": "no", "check_date:opening_hours": "2023-11-19", "website": "https://preysing-apotheke.de/", "phone": "+49 89 4484107", "operator": null, "opening_hours": "Mo-Fr 08:00-18:30; Sa 08:00-12:30", "name": "Preysing-Apotheke", "level": null, "healthcare": "pharmacy", "email": "apotheke@preysing-apotheke.de", "dispensing": "yes", "amenity": "pharmacy", "addr:street": "Wörthstraße", "addr:postcode": "81667", "addr:housenumber": "3", "addr:country": "DE", "addr:city": "München" }, "geometry": { "type": "Point", "coordinates": [ 11.5983983, 48.1319428 ] } },
{ "type": "Feature", "properties": { "full_id": "n1302498068", "osm_id": "1302498068", "osm_type": "node", "wikipedia": null, "opening_hours:visitors": null, "name:en": null, "payment:coins": null, "full_name": null, "contact:twitter": null, "start_date": null, "old_name": null, "payment:lightning_contactless": null, "payment:lightning": null, "currency:XBT": null, "payment:v_pay": null, "layer": null, "addr:unit": null, "emergency": null, "payment:girocard_contactless": null, "payment:unionpay": null, "payment:paypal": null, "payment:maestro": null, "payment:jcb": null, "payment:ec": null, "payment:american_express": null, "payment:alipay": null, "wikidata": null, "operator:type": null, "official_name": null, "healthcare:speciality": null, "beds": null, "description": null, "wheelchair:description": null, "shop": null, "brand:wikipedia": null, "brand:wikidata": null, "brand": null, "branch": null, "addr:suburb": null, "payment:visa": null, "payment:mastercard": null, "payment:ec_cards": null, "wheelchair:description:de": null, "addr:housename": null, "toilets": null, "payment:qr_code": null, "payment:cards": null, "opening_hours:signed": null, "payment:girocard": null, "internet_access": null, "medical_system:western": null, "health_facility:type": null, "toilets:wheelchair": null, "contact:instagram": null, "contact:facebook": null, "payment:debit_cards": null, "payment:credit_cards": null, "addr:floor": null, "drive_through": null, "payment:cash": null, "contact:email": null, "contact:website": "https://www.flemingapomuc.de/", "owner": null, "contact:phone": "+49 89 482633", "contact:fax": "+49 89 48952503", "name:de": null, "check_date": null, "fax": null, "wheelchair": "limited", "check_date:opening_hours": "2025-12-12", "website": null, "phone": null, "operator": null, "opening_hours": "Mo-Fr 08:00-18:30; Sa 08:30-12:30; Su off", "name": "Fleming Apotheke", "level": null, "healthcare": "pharmacy", "email": null, "dispensing": "yes", "amenity": "pharmacy", "addr:street": "Weißenburger Straße", "addr:postcode": "81667", "addr:housenumber": "10", "addr:country": null, "addr:city": "München" }, "geometry": { "type": "Point", "coordinates": [ 11.5955726, 48.1283677 ] } },
{ "type": "Feature", "properties": { "full_id": "n263829646", "osm_id": "263829646", "osm_type": "node", "wikipedia": null, "opening_hours:visitors": null, "name:en": null, "payment:coins": null, "full_name": null, "contact:twitter": null, "start_date": null, "old_name": null, "payment:lightning_contactless": null, "payment:lightning": null, "currency:XBT": null, "payment:v_pay": null, "layer": null, "addr:unit": null, "emergency": null, "payment:girocard_contactless": null, "payment:unionpay": null, "payment:paypal": null, "payment:maestro": null, "payment:jcb": null, "payment:ec": null, "payment:american_express": null, "payment:alipay": null, "wikidata": null, "operator:type": null, "official_name": null, "healthcare:speciality": null, "beds": null, "description": null, "wheelchair:description": null, "shop": null, "brand:wikipedia": null, "brand:wikidata": null, "brand": null, "branch": null, "addr:suburb": null, "payment:visa": null, "payment:mastercard": null, "payment:ec_cards": null, "wheelchair:description:de": null, "addr:housename": null, "toilets": null, "payment:qr_code": null, "payment:cards": null, "opening_hours:signed": null, "payment:girocard": null, "internet_access": null, "medical_system:western": null, "health_facility:type": null, "toilets:wheelchair": null, "contact:instagram": null, "contact:facebook": null, "payment:debit_cards": null, "payment:credit_cards": null, "addr:floor": null, "drive_through": null, "payment:cash": null, "contact:email": null, "contact:website": null, "owner": null, "contact:phone": null, "contact:fax": null, "name:de": null, "check_date": "2025-10-26", "fax": "+49 89 4488215", "wheelchair": "yes", "check_date:opening_hours": "2025-08-01", "website": "https://www.ostbahnhof-apotheke.de/", "phone": "+49 89 4482448", "operator": "Ludwig Gierstorfer jun. e.K.", "opening_hours": "Mo-Fr 08:30-18:30; Sa 09:00-15:00", "name": "Ostbahnhof Apotheke", "level": null, "healthcare": "pharmacy", "email": "info@ostbahnhofapotheke.de", "dispensing": null, "amenity": "pharmacy", "addr:street": "Orleansplatz", "addr:postcode": "81667", "addr:housenumber": "5", "addr:country": "DE", "addr:city": "München" }, "geometry": { "type": "Point", "coordinates": [ 11.603715, 48.1289741 ] } },
{ "type": "Feature", "properties": { "full_id": "n264680685", "osm_id": "264680685", "osm_type": "node", "wikipedia": null, "opening_hours:visitors": null, "name:en": null, "payment:coins": null, "full_name": null, "contact:twitter": null, "start_date": null, "old_name": null, "payment:lightning_contactless": null, "payment:lightning": null, "currency:XBT": null, "payment:v_pay": null, "layer": null, "addr:unit": null, "emergency": null, "payment:girocard_contactless": null, "payment:unionpay": null, "payment:paypal": null, "payment:maestro": null, "payment:jcb": null, "payment:ec": null, "payment:american_express": null, "payment:alipay": null, "wikidata": null, "operator:type": null, "official_name": null, "healthcare:speciality": null, "beds": null, "description": null, "wheelchair:description": null, "shop": null, "brand:wikipedia": null, "brand:wikidata": null, "brand": null, "branch": null, "addr:suburb": null, "payment:visa": null, "payment:mastercard": null, "payment:ec_cards": null, "wheelchair:description:de": null, "addr:housename": null, "toilets": null, "payment:qr_code": null, "payment:cards": null, "opening_hours:signed": null, "payment:girocard": null, "internet_access": null, "medical_system:western": null, "health_facility:type": null, "toilets:wheelchair": null, "contact:instagram": null, "contact:facebook": null, "payment:debit_cards": null, "payment:credit_cards": null, "addr:floor": null, "drive_through": null, "payment:cash": null, "contact:email": null, "contact:website": null, "owner": null, "contact:phone": null, "contact:fax": null, "name:de": null, "check_date": "2025-10-26", "fax": "+49 89 44478767", "wheelchair": "yes", "check_date:opening_hours": "2025-02-01", "website": "https://sanktjohannisapotheke.de/", "phone": "+49 89 44478770", "operator": "St. Johannis Apotheke e.K. (Martin Wiesbeck)", "opening_hours": "Mo-Fr 09:00-13:00,14:00-19:00; Sa 09:00-13:00", "name": "St. Johannis Apotheke", "level": null, "healthcare": "pharmacy", "email": "hallo@sanktjohannisapotheke.de", "dispensing": null, "amenity": "pharmacy", "addr:street": null, "addr:postcode": null, "addr:housenumber": null, "addr:country": null, "addr:city": null }, "geometry": { "type": "Point", "coordinates": [ 11.602067, 48.1295037 ] } },
{ "type": "Feature", "properties": { "full_id": "n262658333", "osm_id": "262658333", "osm_type": "node", "wikipedia": null, "opening_hours:visitors": null, "name:en": null, "payment:coins": null, "full_name": null, "contact:twitter": null, "start_date": null, "old_name": null, "payment:lightning_contactless": null, "payment:lightning": null, "currency:XBT": null, "payment:v_pay": null, "layer": null, "addr:unit": null, "emergency": null, "payment:girocard_contactless": null, "payment:unionpay": null, "payment:paypal": null, "payment:maestro": null, "payment:jcb": null, "payment:ec": null, "payment:american_express": null, "payment:alipay": null, "wikidata": null, "operator:type": null, "official_name": null, "healthcare:speciality": null, "beds": null, "description": null, "wheelchair:description": null, "shop": null, "brand:wikipedia": null, "brand:wikidata": null, "brand": null, "branch": null, "addr:suburb": null, "payment:visa": null, "payment:mastercard": null, "payment:ec_cards": null, "wheelchair:description:de": null, "addr:housename": null, "toilets": null, "payment:qr_code": null, "payment:cards": null, "opening_hours:signed": null, "payment:girocard": null, "internet_access": null, "medical_system:western": null, "health_facility:type": null, "toilets:wheelchair": "no", "contact:instagram": null, "contact:facebook": null, "payment:debit_cards": null, "payment:credit_cards": null, "addr:floor": "0", "drive_through": null, "payment:cash": null, "contact:email": null, "contact:website": null, "owner": null, "contact:phone": null, "contact:fax": null, "name:de": null, "check_date": "2025-11-25", "fax": null, "wheelchair": "limited", "check_date:opening_hours": "2025-11-25", "website": "https://klosterapotheke-muenchen.com/", "phone": "+49 89 4801642", "operator": null, "opening_hours": "Mo-Fr 08:00-19:00; Sa 09:00-13:00", "name": "Klosterapotheke", "level": "0", "healthcare": "pharmacy", "email": "info@klosterapotheke-muenchen.de", "dispensing": "yes", "amenity": "pharmacy", "addr:street": "Max-Planck-Straße", "addr:postcode": "81675", "addr:housenumber": "12", "addr:country": "DE", "addr:city": "München" }, "geometry": { "type": "Point", "coordinates": [ 11.5977142, 48.1358367 ] } },
{ "type": "Feature", "properties": { "full_id": "n332797655", "osm_id": "332797655", "osm_type": "node", "wikipedia": null, "opening_hours:visitors": null, "name:en": null, "payment:coins": null, "full_name": null, "contact:twitter": null, "start_date": null, "old_name": null, "payment:lightning_contactless": null, "payment:lightning": null, "currency:XBT": null, "payment:v_pay": null, "layer": null, "addr:unit": null, "emergency": null, "payment:girocard_contactless": null, "payment:unionpay": null, "payment:paypal": null, "payment:maestro": null, "payment:jcb": null, "payment:ec": null, "payment:american_express": null, "payment:alipay": null, "wikidata": null, "operator:type": null, "official_name": null, "healthcare:speciality": null, "beds": null, "description": null, "wheelchair:description": null, "shop": null, "brand:wikipedia": null, "brand:wikidata": null, "brand": null, "branch": null, "addr:suburb": null, "payment:visa": null, "payment:mastercard": null, "payment:ec_cards": null, "wheelchair:description:de": null, "addr:housename": null, "toilets": null, "payment:qr_code": null, "payment:cards": null, "opening_hours:signed": null, "payment:girocard": null, "internet_access": null, "medical_system:western": null, "health_facility:type": null, "toilets:wheelchair": null, "contact:instagram": null, "contact:facebook": null, "payment:debit_cards": null, "payment:credit_cards": null, "addr:floor": null, "drive_through": null, "payment:cash": null, "contact:email": null, "contact:website": null, "owner": null, "contact:phone": null, "contact:fax": null, "name:de": null, "check_date": "2025-10-26", "fax": "+49 89 4470592", "wheelchair": "yes", "check_date:opening_hours": "2025-04-12", "website": "https://www.mwp-apo.de/", "phone": "+49 89 4802072", "operator": null, "opening_hours": "Mo-Fr 08:00-18:30; Sa 08:00-13:00", "name": "Max-Weber-Platz-Apotheke", "level": null, "healthcare": "pharmacy", "email": null, "dispensing": "yes", "amenity": "pharmacy", "addr:street": "Johannisplatz", "addr:postcode": "81667", "addr:housenumber": "21", "addr:country": "DE", "addr:city": "München" }, "geometry": { "type": "Point", "coordinates": [ 11.5978062, 48.1343945 ] } },
{ "type": "Feature", "properties": { "full_id": "n447519568", "osm_id": "447519568", "osm_type": "node", "wikipedia": null, "opening_hours:visitors": null, "name:en": null, "payment:coins": null, "full_name": null, "contact:twitter": null, "start_date": null, "old_name": null, "payment:lightning_contactless": null, "payment:lightning": null, "currency:XBT": null, "payment:v_pay": null, "layer": null, "addr:unit": null, "emergency": null, "payment:girocard_contactless": null, "payment:unionpay": null, "payment:paypal": null, "payment:maestro": null, "payment:jcb": null, "payment:ec": null, "payment:american_express": null, "payment:alipay": null, "wikidata": null, "operator:type": null, "official_name": null, "healthcare:speciality": null, "beds": null, "description": null, "wheelchair:description": "Eingang: Johannisplatz 21", "shop": null, "brand:wikipedia": null, "brand:wikidata": null, "brand": null, "branch": null, "addr:suburb": null, "payment:visa": null, "payment:mastercard": null, "payment:ec_cards": null, "wheelchair:description:de": null, "addr:housename": null, "toilets": null, "payment:qr_code": null, "payment:cards": null, "opening_hours:signed": null, "payment:girocard": null, "internet_access": null, "medical_system:western": null, "health_facility:type": null, "toilets:wheelchair": "no", "contact:instagram": null, "contact:facebook": null, "payment:debit_cards": null, "payment:credit_cards": null, "addr:floor": null, "drive_through": null, "payment:cash": null, "contact:email": null, "contact:website": null, "owner": null, "contact:phone": null, "contact:fax": null, "name:de": null, "check_date": "2025-10-11", "fax": "+49 89 4470592", "wheelchair": "yes", "check_date:opening_hours": "2025-10-11", "website": "https://www.mwp-apo.de/", "phone": "+49 89 4802072", "operator": null, "opening_hours": "Mo-Fr 08:00-18:30; Sa 08:00-13:00", "name": "Max-Weber-Platz-Apotheke", "level": null, "healthcare": "pharmacy", "email": null, "dispensing": "yes", "amenity": "pharmacy", "addr:street": "Innere Wiener Straße", "addr:postcode": "81667", "addr:housenumber": "56", "addr:country": "DE", "addr:city": "München" }, "geometry": { "type": "Point", "coordinates": [ 11.597465, 48.1345129 ] } },
{ "type": "Feature", "properties": { "full_id": "n291364414", "osm_id": "291364414", "osm_type": "node", "wikipedia": null, "opening_hours:visitors": null, "name:en": null, "payment:coins": null, "full_name": null, "contact:twitter": null, "start_date": null, "old_name": null, "payment:lightning_contactless": null, "payment:lightning": null, "currency:XBT": null, "payment:v_pay": null, "layer": null, "addr:unit": null, "emergency": null, "payment:girocard_contactless": null, "payment:unionpay": null, "payment:paypal": null, "payment:maestro": null, "payment:jcb": null, "payment:ec": null, "payment:american_express": null, "payment:alipay": null, "wikidata": null, "operator:type": null, "official_name": null, "healthcare:speciality": null, "beds": null, "description": null, "wheelchair:description": null, "shop": null, "brand:wikipedia": null, "brand:wikidata": null, "brand": null, "branch": null, "addr:suburb": null, "payment:visa": null, "payment:mastercard": null, "payment:ec_cards": null, "wheelchair:description:de": null, "addr:housename": null, "toilets": null, "payment:qr_code": null, "payment:cards": null, "opening_hours:signed": null, "payment:girocard": null, "internet_access": null, "medical_system:western": null, "health_facility:type": null, "toilets:wheelchair": null, "contact:instagram": null, "contact:facebook": null, "payment:debit_cards": null, "payment:credit_cards": null, "addr:floor": null, "drive_through": null, "payment:cash": null, "contact:email": null, "contact:website": null, "owner": null, "contact:phone": null, "contact:fax": null, "name:de": null, "check_date": null, "fax": "+49 89 29160998", "wheelchair": "yes", "check_date:opening_hours": "2025-04-25", "website": "https://www.apotheke-am-thierschplatz.de/", "phone": "+49 89 221774", "operator": null, "opening_hours": "Mo-Fr 08:00-19:00; Sa 09:00-13:00", "name": "Apotheke am Thierschplatz", "level": null, "healthcare": "pharmacy", "email": "jost.grudzus@arcor.de", "dispensing": "yes", "amenity": "pharmacy", "addr:street": "Thierschstraße", "addr:postcode": "80538", "addr:housenumber": "55", "addr:country": "DE", "addr:city": "München" }, "geometry": { "type": "Point", "coordinates": [ 11.5884614, 48.1395501 ] } },
{ "type": "Feature", "properties": { "full_id": "n310568608", "osm_id": "310568608", "osm_type": "node", "wikipedia": null, "opening_hours:visitors": null, "name:en": null, "payment:coins": null, "full_name": null, "contact:twitter": null, "start_date": null, "old_name": null, "payment:lightning_contactless": null, "payment:lightning": null, "currency:XBT": null, "payment:v_pay": null, "layer": null, "addr:unit": null, "emergency": null, "payment:girocard_contactless": null, "payment:unionpay": null, "payment:paypal": null, "payment:maestro": null, "payment:jcb": null, "payment:ec": null, "payment:american_express": null, "payment:alipay": null, "wikidata": null, "operator:type": null, "official_name": null, "healthcare:speciality": null, "beds": null, "description": null, "wheelchair:description": "Rollstuhlgerechter Eingang um die Ecke", "shop": null, "brand:wikipedia": null, "brand:wikidata": null, "brand": null, "branch": null, "addr:suburb": null, "payment:visa": null, "payment:mastercard": null, "payment:ec_cards": null, "wheelchair:description:de": null, "addr:housename": null, "toilets": null, "payment:qr_code": null, "payment:cards": null, "opening_hours:signed": null, "payment:girocard": null, "internet_access": null, "medical_system:western": null, "health_facility:type": null, "toilets:wheelchair": null, "contact:instagram": null, "contact:facebook": null, "payment:debit_cards": null, "payment:credit_cards": null, "addr:floor": null, "drive_through": null, "payment:cash": null, "contact:email": null, "contact:website": "https://www.grillparzerapo.de/", "owner": null, "contact:phone": "+49 89 473 528", "contact:fax": null, "name:de": null, "check_date": null, "fax": null, "wheelchair": "yes", "check_date:opening_hours": null, "website": null, "phone": null, "operator": null, "opening_hours": "Mo-Fr 08:00-18:30; Sa 08:00-12:30", "name": "Grillparzer-Apotheke", "level": null, "healthcare": "pharmacy", "email": null, "dispensing": "yes", "amenity": "pharmacy", "addr:street": "Einsteinstraße", "addr:postcode": "81675", "addr:housenumber": "127", "addr:country": "DE", "addr:city": "München" }, "geometry": { "type": "Point", "coordinates": [ 11.6088128, 48.1364106 ] } },
{ "type": "Feature", "properties": { "full_id": "n307535921", "osm_id": "307535921", "osm_type": "node", "wikipedia": null, "opening_hours:visitors": null, "name:en": null, "payment:coins": null, "full_name": null, "contact:twitter": null, "start_date": null, "old_name": null, "payment:lightning_contactless": null, "payment:lightning": null, "currency:XBT": null, "payment:v_pay": null, "layer": null, "addr:unit": null, "emergency": null, "payment:girocard_contactless": null, "payment:unionpay": null, "payment:paypal": null, "payment:maestro": null, "payment:jcb": null, "payment:ec": null, "payment:american_express": null, "payment:alipay": null, "wikidata": null, "operator:type": null, "official_name": null, "healthcare:speciality": null, "beds": null, "description": null, "wheelchair:description": null, "shop": null, "brand:wikipedia": null, "brand:wikidata": null, "brand": null, "branch": null, "addr:suburb": null, "payment:visa": null, "payment:mastercard": null, "payment:ec_cards": null, "wheelchair:description:de": null, "addr:housename": null, "toilets": null, "payment:qr_code": null, "payment:cards": null, "opening_hours:signed": null, "payment:girocard": null, "internet_access": null, "medical_system:western": null, "health_facility:type": null, "toilets:wheelchair": null, "contact:instagram": null, "contact:facebook": null, "payment:debit_cards": null, "payment:credit_cards": null, "addr:floor": null, "drive_through": null, "payment:cash": null, "contact:email": null, "contact:website": null, "owner": null, "contact:phone": null, "contact:fax": null, "name:de": null, "check_date": "2025-10-10", "fax": null, "wheelchair": "yes", "check_date:opening_hours": "2023-04-16", "website": "https://www.troger-apotheke-muenchen.de/", "phone": "+49 160 8961140", "operator": null, "opening_hours": "Mo-Fr 08:00-18:30; Sa 08:30-13:30", "name": "Troger Apotheke", "level": null, "healthcare": "pharmacy", "email": "troger-apotheke@t-online.de", "dispensing": "yes", "amenity": "pharmacy", "addr:street": "Prinzregentenstraße", "addr:postcode": "81675", "addr:housenumber": "70", "addr:country": "DE", "addr:city": "München" }, "geometry": { "type": "Point", "coordinates": [ 11.6015969, 48.1402067 ] } },
{ "type": "Feature", "properties": { "full_id": "n325928450", "osm_id": "325928450", "osm_type": "node", "wikipedia": null, "opening_hours:visitors": null, "name:en": null, "payment:coins": null, "full_name": null, "contact:twitter": null, "start_date": null, "old_name": null, "payment:lightning_contactless": null, "payment:lightning": null, "currency:XBT": null, "payment:v_pay": null, "layer": null, "addr:unit": null, "emergency": null, "payment:girocard_contactless": null, "payment:unionpay": null, "payment:paypal": null, "payment:maestro": null, "payment:jcb": null, "payment:ec": null, "payment:american_express": null, "payment:alipay": null, "wikidata": null, "operator:type": null, "official_name": null, "healthcare:speciality": null, "beds": null, "description": null, "wheelchair:description": null, "shop": null, "brand:wikipedia": null, "brand:wikidata": null, "brand": null, "branch": null, "addr:suburb": null, "payment:visa": null, "payment:mastercard": null, "payment:ec_cards": null, "wheelchair:description:de": null, "addr:housename": null, "toilets": null, "payment:qr_code": null, "payment:cards": null, "opening_hours:signed": null, "payment:girocard": null, "internet_access": null, "medical_system:western": null, "health_facility:type": null, "toilets:wheelchair": null, "contact:instagram": null, "contact:facebook": null, "payment:debit_cards": null, "payment:credit_cards": null, "addr:floor": null, "drive_through": null, "payment:cash": null, "contact:email": null, "contact:website": null, "owner": null, "contact:phone": null, "contact:fax": null, "name:de": null, "check_date": "2025-02-01", "fax": null, "wheelchair": "no", "check_date:opening_hours": null, "website": null, "phone": null, "operator": null, "opening_hours": null, "name": "St. Gabriel Apotheke", "level": null, "healthcare": "pharmacy", "email": null, "dispensing": "yes", "amenity": "pharmacy", "addr:street": null, "addr:postcode": null, "addr:housenumber": null, "addr:country": null, "addr:city": null }, "geometry": { "type": "Point", "coordinates": [ 11.606389, 48.1402895 ] } },
{ "type": "Feature", "properties": { "full_id": "n5630812251", "osm_id": "5630812251", "osm_type": "node", "wikipedia": null, "opening_hours:visitors": null, "name:en": null, "payment:coins": null, "full_name": null, "contact:twitter": null, "start_date": null, "old_name": null, "payment:lightning_contactless": null, "payment:lightning": null, "currency:XBT": null, "payment:v_pay": null, "layer": null, "addr:unit": null, "emergency": null, "payment:girocard_contactless": null, "payment:unionpay": null, "payment:paypal": null, "payment:maestro": null, "payment:jcb": null, "payment:ec": "yes", "payment:american_express": "yes", "payment:alipay": null, "wikidata": null, "operator:type": null, "official_name": null, "healthcare:speciality": null, "beds": null, "description": null, "wheelchair:description": null, "shop": null, "brand:wikipedia": null, "brand:wikidata": null, "brand": null, "branch": null, "addr:suburb": null, "payment:visa": "yes", "payment:mastercard": "yes", "payment:ec_cards": null, "wheelchair:description:de": null, "addr:housename": null, "toilets": null, "payment:qr_code": null, "payment:cards": null, "opening_hours:signed": null, "payment:girocard": null, "internet_access": null, "medical_system:western": null, "health_facility:type": null, "toilets:wheelchair": null, "contact:instagram": null, "contact:facebook": null, "payment:debit_cards": null, "payment:credit_cards": null, "addr:floor": null, "drive_through": null, "payment:cash": "yes", "contact:email": null, "contact:website": null, "owner": null, "contact:phone": null, "contact:fax": null, "name:de": null, "check_date": "2026-01-25", "fax": null, "wheelchair": "no", "check_date:opening_hours": "2026-01-25", "website": null, "phone": null, "operator": "Dr. Klein", "opening_hours": "Mo-Fr 09:00-18:00; Sa 09:00-13:00", "name": "Luitpold-Apotheke", "level": null, "healthcare": "pharmacy", "email": null, "dispensing": null, "amenity": "pharmacy", "addr:street": null, "addr:postcode": null, "addr:housenumber": null, "addr:country": null, "addr:city": null }, "geometry": { "type": "Point", "coordinates": [ 11.6015986, 48.1440601 ] } },
{ "type": "Feature", "properties": { "full_id": "n444004216", "osm_id": "444004216", "osm_type": "node", "wikipedia": null, "opening_hours:visitors": null, "name:en": null, "payment:coins": null, "full_name": null, "contact:twitter": null, "start_date": null, "old_name": null, "payment:lightning_contactless": null, "payment:lightning": null, "currency:XBT": null, "payment:v_pay": null, "layer": null, "addr:unit": null, "emergency": null, "payment:girocard_contactless": null, "payment:unionpay": null, "payment:paypal": null, "payment:maestro": null, "payment:jcb": null, "payment:ec": null, "payment:american_express": null, "payment:alipay": null, "wikidata": null, "operator:type": null, "official_name": null, "healthcare:speciality": null, "beds": null, "description": null, "wheelchair:description": null, "shop": null, "brand:wikipedia": null, "brand:wikidata": null, "brand": null, "branch": null, "addr:suburb": null, "payment:visa": null, "payment:mastercard": null, "payment:ec_cards": null, "wheelchair:description:de": null, "addr:housename": null, "toilets": null, "payment:qr_code": null, "payment:cards": null, "opening_hours:signed": null, "payment:girocard": null, "internet_access": null, "medical_system:western": null, "health_facility:type": null, "toilets:wheelchair": "no", "contact:instagram": null, "contact:facebook": null, "payment:debit_cards": null, "payment:credit_cards": null, "addr:floor": null, "drive_through": null, "payment:cash": null, "contact:email": null, "contact:website": null, "owner": null, "contact:phone": null, "contact:fax": null, "name:de": null, "check_date": null, "fax": null, "wheelchair": "yes", "check_date:opening_hours": "2026-05-13", "website": null, "phone": null, "operator": null, "opening_hours": "Mo-Fr 08:30-18:30; Sa 08:30-14:00", "name": "aquila Apotheke", "level": null, "healthcare": "pharmacy", "email": null, "dispensing": null, "amenity": "pharmacy", "addr:street": null, "addr:postcode": null, "addr:housenumber": null, "addr:country": null, "addr:city": null }, "geometry": { "type": "Point", "coordinates": [ 11.6240139, 48.1203598 ] } },
{ "type": "Feature", "properties": { "full_id": "n433904711", "osm_id": "433904711", "osm_type": "node", "wikipedia": null, "opening_hours:visitors": null, "name:en": null, "payment:coins": null, "full_name": null, "contact:twitter": null, "start_date": null, "old_name": null, "payment:lightning_contactless": null, "payment:lightning": null, "currency:XBT": null, "payment:v_pay": null, "layer": null, "addr:unit": null, "emergency": null, "payment:girocard_contactless": null, "payment:unionpay": null, "payment:paypal": null, "payment:maestro": null, "payment:jcb": null, "payment:ec": null, "payment:american_express": null, "payment:alipay": null, "wikidata": null, "operator:type": null, "official_name": null, "healthcare:speciality": null, "beds": null, "description": null, "wheelchair:description": null, "shop": null, "brand:wikipedia": null, "brand:wikidata": null, "brand": null, "branch": null, "addr:suburb": null, "payment:visa": null, "payment:mastercard": null, "payment:ec_cards": null, "wheelchair:description:de": null, "addr:housename": null, "toilets": null, "payment:qr_code": null, "payment:cards": null, "opening_hours:signed": null, "payment:girocard": null, "internet_access": null, "medical_system:western": null, "health_facility:type": null, "toilets:wheelchair": null, "contact:instagram": null, "contact:facebook": null, "payment:debit_cards": null, "payment:credit_cards": null, "addr:floor": null, "drive_through": null, "payment:cash": null, "contact:email": null, "contact:website": null, "owner": null, "contact:phone": null, "contact:fax": null, "name:de": null, "check_date": "2026-02-01", "fax": null, "wheelchair": "yes", "check_date:opening_hours": "2023-08-02", "website": "https://www.schwanen-apotheke-muenchen.de", "phone": "+49 89 4314334", "operator": null, "opening_hours": "Mo-Fr 09:00-18:00; Sa 08:00-12:00", "name": "Schwanen Apotheke", "level": null, "healthcare": "pharmacy", "email": null, "dispensing": null, "amenity": "pharmacy", "addr:street": "Isareckstraße", "addr:postcode": null, "addr:housenumber": "52", "addr:country": null, "addr:city": null }, "geometry": { "type": "Point", "coordinates": [ 11.6211072, 48.127983 ] } },
{ "type": "Feature", "properties": { "full_id": "n290528236", "osm_id": "290528236", "osm_type": "node", "wikipedia": null, "opening_hours:visitors": null, "name:en": null, "payment:coins": null, "full_name": null, "contact:twitter": null, "start_date": null, "old_name": null, "payment:lightning_contactless": null, "payment:lightning": null, "currency:XBT": null, "payment:v_pay": null, "layer": null, "addr:unit": null, "emergency": null, "payment:girocard_contactless": null, "payment:unionpay": null, "payment:paypal": null, "payment:maestro": null, "payment:jcb": null, "payment:ec": null, "payment:american_express": null, "payment:alipay": null, "wikidata": null, "operator:type": null, "official_name": null, "healthcare:speciality": null, "beds": null, "description": null, "wheelchair:description": null, "shop": null, "brand:wikipedia": null, "brand:wikidata": null, "brand": null, "branch": null, "addr:suburb": null, "payment:visa": null, "payment:mastercard": null, "payment:ec_cards": null, "wheelchair:description:de": null, "addr:housename": null, "toilets": null, "payment:qr_code": null, "payment:cards": null, "opening_hours:signed": null, "payment:girocard": null, "internet_access": null, "medical_system:western": null, "health_facility:type": null, "toilets:wheelchair": null, "contact:instagram": null, "contact:facebook": null, "payment:debit_cards": null, "payment:credit_cards": null, "addr:floor": null, "drive_through": null, "payment:cash": null, "contact:email": null, "contact:website": null, "owner": null, "contact:phone": "+49 89 43660304", "contact:fax": null, "name:de": null, "check_date": null, "fax": null, "wheelchair": "limited", "check_date:opening_hours": "2025-04-24", "website": "https://www.josephsburg-apotheke.de", "phone": null, "operator": null, "opening_hours": "Mo-Fr 08:30-18:30; Sa 08:30-12:30; Su,PH off", "name": "Josephsburg-Apotheke", "level": null, "healthcare": "pharmacy", "email": null, "dispensing": null, "amenity": "pharmacy", "addr:street": "Josephsburgstraße", "addr:postcode": "81673", "addr:housenumber": "60", "addr:country": "DE", "addr:city": "München" }, "geometry": { "type": "Point", "coordinates": [ 11.6352203, 48.1255756 ] } },
{ "type": "Feature", "properties": { "full_id": "n318599105", "osm_id": "318599105", "osm_type": "node", "wikipedia": null, "opening_hours:visitors": null, "name:en": null, "payment:coins": null, "full_name": null, "contact:twitter": null, "start_date": null, "old_name": null, "payment:lightning_contactless": null, "payment:lightning": null, "currency:XBT": null, "payment:v_pay": null, "layer": null, "addr:unit": null, "emergency": null, "payment:girocard_contactless": null, "payment:unionpay": null, "payment:paypal": null, "payment:maestro": null, "payment:jcb": null, "payment:ec": null, "payment:american_express": null, "payment:alipay": null, "wikidata": null, "operator:type": null, "official_name": null, "healthcare:speciality": null, "beds": null, "description": null, "wheelchair:description": null, "shop": null, "brand:wikipedia": null, "brand:wikidata": null, "brand": null, "branch": null, "addr:suburb": null, "payment:visa": null, "payment:mastercard": null, "payment:ec_cards": null, "wheelchair:description:de": null, "addr:housename": null, "toilets": null, "payment:qr_code": null, "payment:cards": null, "opening_hours:signed": null, "payment:girocard": null, "internet_access": null, "medical_system:western": null, "health_facility:type": null, "toilets:wheelchair": null, "contact:instagram": null, "contact:facebook": null, "payment:debit_cards": null, "payment:credit_cards": null, "addr:floor": null, "drive_through": null, "payment:cash": null, "contact:email": null, "contact:website": null, "owner": null, "contact:phone": null, "contact:fax": null, "name:de": null, "check_date": null, "fax": "+49 89 4311303", "wheelchair": "limited", "check_date:opening_hours": "2025-04-24", "website": null, "phone": "+49 89 4313930", "operator": null, "opening_hours": "Mo-Fr 08:00-18:30; Sa 08:30-12:30; Su,PH off", "name": "Ost-Apotheke", "level": null, "healthcare": "pharmacy", "email": null, "dispensing": null, "amenity": "pharmacy", "addr:street": "Josephsburgstraße", "addr:postcode": "81673", "addr:housenumber": "83", "addr:country": "DE", "addr:city": "München" }, "geometry": { "type": "Point", "coordinates": [ 11.638702, 48.1252688 ] } },
{ "type": "Feature", "properties": { "full_id": "n297037982", "osm_id": "297037982", "osm_type": "node", "wikipedia": null, "opening_hours:visitors": null, "name:en": null, "payment:coins": null, "full_name": null, "contact:twitter": null, "start_date": null, "old_name": null, "payment:lightning_contactless": null, "payment:lightning": null, "currency:XBT": null, "payment:v_pay": null, "layer": null, "addr:unit": null, "emergency": null, "payment:girocard_contactless": null, "payment:unionpay": null, "payment:paypal": null, "payment:maestro": null, "payment:jcb": null, "payment:ec": null, "payment:american_express": null, "payment:alipay": null, "wikidata": null, "operator:type": null, "official_name": null, "healthcare:speciality": null, "beds": null, "description": null, "wheelchair:description": null, "shop": null, "brand:wikipedia": null, "brand:wikidata": null, "brand": null, "branch": null, "addr:suburb": null, "payment:visa": null, "payment:mastercard": null, "payment:ec_cards": null, "wheelchair:description:de": null, "addr:housename": null, "toilets": null, "payment:qr_code": null, "payment:cards": null, "opening_hours:signed": null, "payment:girocard": null, "internet_access": null, "medical_system:western": null, "health_facility:type": null, "toilets:wheelchair": null, "contact:instagram": null, "contact:facebook": null, "payment:debit_cards": null, "payment:credit_cards": null, "addr:floor": null, "drive_through": null, "payment:cash": null, "contact:email": null, "contact:website": null, "owner": null, "contact:phone": null, "contact:fax": null, "name:de": null, "check_date": "2025-01-25", "fax": null, "wheelchair": "no", "check_date:opening_hours": "2022-08-05", "website": null, "phone": null, "operator": null, "opening_hours": "Mo-Fr 08:30-18:30, Sa 08:30-12:30", "name": "Stern-Apotheke", "level": null, "healthcare": "pharmacy", "email": null, "dispensing": null, "amenity": "pharmacy", "addr:street": null, "addr:postcode": null, "addr:housenumber": null, "addr:country": null, "addr:city": null }, "geometry": { "type": "Point", "coordinates": [ 11.6307853, 48.1290882 ] } },
{ "type": "Feature", "properties": { "full_id": "n1979050698", "osm_id": "1979050698", "osm_type": "node", "wikipedia": null, "opening_hours:visitors": null, "name:en": null, "payment:coins": null, "full_name": null, "contact:twitter": null, "start_date": null, "old_name": null, "payment:lightning_contactless": null, "payment:lightning": null, "currency:XBT": null, "payment:v_pay": null, "layer": null, "addr:unit": null, "emergency": null, "payment:girocard_contactless": null, "payment:unionpay": null, "payment:paypal": null, "payment:maestro": null, "payment:jcb": null, "payment:ec": null, "payment:american_express": null, "payment:alipay": null, "wikidata": null, "operator:type": null, "official_name": null, "healthcare:speciality": null, "beds": null, "description": null, "wheelchair:description": null, "shop": null, "brand:wikipedia": null, "brand:wikidata": null, "brand": null, "branch": null, "addr:suburb": null, "payment:visa": null, "payment:mastercard": null, "payment:ec_cards": null, "wheelchair:description:de": null, "addr:housename": null, "toilets": null, "payment:qr_code": null, "payment:cards": null, "opening_hours:signed": null, "payment:girocard": null, "internet_access": null, "medical_system:western": null, "health_facility:type": null, "toilets:wheelchair": null, "contact:instagram": null, "contact:facebook": null, "payment:debit_cards": null, "payment:credit_cards": null, "addr:floor": null, "drive_through": null, "payment:cash": null, "contact:email": null, "contact:website": null, "owner": null, "contact:phone": null, "contact:fax": null, "name:de": null, "check_date": "2026-07-25", "fax": "+49 89 55060331", "wheelchair": "yes", "check_date:opening_hours": "2026-07-25", "website": null, "phone": "+49 89 55060330", "operator": "Michael Grintz e.K.", "opening_hours": "Mo-Fr 09:00-19:00; Sa 09:00-13:00; Su,PH off", "name": "Bienen-Apotheke", "level": "0", "healthcare": "pharmacy", "email": null, "dispensing": null, "amenity": "pharmacy", "addr:street": "Einsteinstraße", "addr:postcode": null, "addr:housenumber": "130", "addr:country": "DE", "addr:city": null }, "geometry": { "type": "Point", "coordinates": [ 11.6134691, 48.1364297 ] } },
{ "type": "Feature", "properties": { "full_id": "n13885716959", "osm_id": "13885716959", "osm_type": "node", "wikipedia": null, "opening_hours:visitors": null, "name:en": null, "payment:coins": null, "full_name": null, "contact:twitter": null, "start_date": null, "old_name": null, "payment:lightning_contactless": null, "payment:lightning": null, "currency:XBT": null, "payment:v_pay": null, "layer": null, "addr:unit": null, "emergency": null, "payment:girocard_contactless": null, "payment:unionpay": null, "payment:paypal": null, "payment:maestro": null, "payment:jcb": null, "payment:ec": null, "payment:american_express": null, "payment:alipay": null, "wikidata": null, "operator:type": null, "official_name": null, "healthcare:speciality": null, "beds": null, "description": null, "wheelchair:description": null, "shop": null, "brand:wikipedia": null, "brand:wikidata": null, "brand": null, "branch": null, "addr:suburb": null, "payment:visa": null, "payment:mastercard": null, "payment:ec_cards": null, "wheelchair:description:de": null, "addr:housename": null, "toilets": null, "payment:qr_code": null, "payment:cards": null, "opening_hours:signed": null, "payment:girocard": null, "internet_access": null, "medical_system:western": null, "health_facility:type": null, "toilets:wheelchair": null, "contact:instagram": null, "contact:facebook": null, "payment:debit_cards": null, "payment:credit_cards": null, "addr:floor": null, "drive_through": "no", "payment:cash": null, "contact:email": null, "contact:website": null, "owner": null, "contact:phone": null, "contact:fax": null, "name:de": null, "check_date": null, "fax": null, "wheelchair": "yes", "check_date:opening_hours": null, "website": null, "phone": "+4989476565", "operator": null, "opening_hours": "Mo-Fr 08:00-18:30; Sa 08:30-12:30", "name": "bogen Apotheke", "level": null, "healthcare": "pharmacy", "email": null, "dispensing": "yes", "amenity": "pharmacy", "addr:street": "Prinzregentenstraße", "addr:postcode": "81677", "addr:housenumber": "159d", "addr:country": null, "addr:city": "München" }, "geometry": { "type": "Point", "coordinates": [ 11.6203947, 48.1389959 ] } },
{ "type": "Feature", "properties": { "full_id": "n249310618", "osm_id": "249310618", "osm_type": "node", "wikipedia": null, "opening_hours:visitors": null, "name:en": null, "payment:coins": null, "full_name": null, "contact:twitter": null, "start_date": null, "old_name": null, "payment:lightning_contactless": null, "payment:lightning": null, "currency:XBT": null, "payment:v_pay": null, "layer": null, "addr:unit": null, "emergency": null, "payment:girocard_contactless": null, "payment:unionpay": null, "payment:paypal": null, "payment:maestro": null, "payment:jcb": null, "payment:ec": null, "payment:american_express": null, "payment:alipay": null, "wikidata": null, "operator:type": null, "official_name": null, "healthcare:speciality": null, "beds": null, "description": null, "wheelchair:description": null, "shop": null, "brand:wikipedia": null, "brand:wikidata": null, "brand": null, "branch": null, "addr:suburb": null, "payment:visa": null, "payment:mastercard": null, "payment:ec_cards": null, "wheelchair:description:de": null, "addr:housename": null, "toilets": null, "payment:qr_code": null, "payment:cards": null, "opening_hours:signed": null, "payment:girocard": null, "internet_access": null, "medical_system:western": null, "health_facility:type": null, "toilets:wheelchair": null, "contact:instagram": null, "contact:facebook": null, "payment:debit_cards": null, "payment:credit_cards": null, "addr:floor": null, "drive_through": null, "payment:cash": null, "contact:email": null, "contact:website": null, "owner": null, "contact:phone": null, "contact:fax": null, "name:de": null, "check_date": null, "fax": null, "wheelchair": "yes", "check_date:opening_hours": "2023-04-15", "website": null, "phone": null, "operator": null, "opening_hours": "Mo-Fr 08:30-18:30; Sa 08:30-12:30", "name": "Tassilo Apotheke", "level": null, "healthcare": "pharmacy", "email": null, "dispensing": null, "amenity": "pharmacy", "addr:street": null, "addr:postcode": null, "addr:housenumber": null, "addr:country": null, "addr:city": null }, "geometry": { "type": "Point", "coordinates": [ 11.6160212, 48.1425629 ] } },
{ "type": "Feature", "properties": { "full_id": "n300593797", "osm_id": "300593797", "osm_type": "node", "wikipedia": null, "opening_hours:visitors": null, "name:en": null, "payment:coins": null, "full_name": null, "contact:twitter": null, "start_date": null, "old_name": null, "payment:lightning_contactless": null, "payment:lightning": null, "currency:XBT": null, "payment:v_pay": null, "layer": null, "addr:unit": null, "emergency": null, "payment:girocard_contactless": null, "payment:unionpay": null, "payment:paypal": null, "payment:maestro": null, "payment:jcb": null, "payment:ec": null, "payment:american_express": null, "payment:alipay": null, "wikidata": null, "operator:type": null, "official_name": null, "healthcare:speciality": null, "beds": null, "description": null, "wheelchair:description": null, "shop": null, "brand:wikipedia": null, "brand:wikidata": null, "brand": null, "branch": null, "addr:suburb": null, "payment:visa": null, "payment:mastercard": null, "payment:ec_cards": null, "wheelchair:description:de": null, "addr:housename": null, "toilets": null, "payment:qr_code": null, "payment:cards": null, "opening_hours:signed": null, "payment:girocard": null, "internet_access": null, "medical_system:western": null, "health_facility:type": null, "toilets:wheelchair": null, "contact:instagram": null, "contact:facebook": null, "payment:debit_cards": null, "payment:credit_cards": null, "addr:floor": null, "drive_through": null, "payment:cash": null, "contact:email": "akazienapo@web.de", "contact:website": null, "owner": null, "contact:phone": "+49 89 6703003", "contact:fax": "+49 89 67099563", "name:de": null, "check_date": null, "fax": null, "wheelchair": "yes", "check_date:opening_hours": null, "website": null, "phone": null, "operator": "Michael A. Fabian", "opening_hours": "Mo-Fr 09:00-18:00; Sa 09:00-12:00; Su,PH off", "name": "Akazien Apotheke", "level": null, "healthcare": "pharmacy", "email": null, "dispensing": "yes", "amenity": "pharmacy", "addr:street": "Therese-Giehse-Allee", "addr:postcode": "81739", "addr:housenumber": "70", "addr:country": "DE", "addr:city": "München" }, "geometry": { "type": "Point", "coordinates": [ 11.6402615, 48.0881935 ] } },
{ "type": "Feature", "properties": { "full_id": "n281216025", "osm_id": "281216025", "osm_type": "node", "wikipedia": null, "opening_hours:visitors": null, "name:en": null, "payment:coins": null, "full_name": null, "contact:twitter": null, "start_date": null, "old_name": null, "payment:lightning_contactless": null, "payment:lightning": null, "currency:XBT": null, "payment:v_pay": null, "layer": null, "addr:unit": null, "emergency": null, "payment:girocard_contactless": null, "payment:unionpay": null, "payment:paypal": null, "payment:maestro": null, "payment:jcb": null, "payment:ec": null, "payment:american_express": null, "payment:alipay": null, "wikidata": null, "operator:type": null, "official_name": null, "healthcare:speciality": null, "beds": null, "description": null, "wheelchair:description": null, "shop": null, "brand:wikipedia": null, "brand:wikidata": null, "brand": null, "branch": null, "addr:suburb": null, "payment:visa": null, "payment:mastercard": null, "payment:ec_cards": null, "wheelchair:description:de": null, "addr:housename": null, "toilets": null, "payment:qr_code": null, "payment:cards": null, "opening_hours:signed": null, "payment:girocard": null, "internet_access": null, "medical_system:western": null, "health_facility:type": null, "toilets:wheelchair": null, "contact:instagram": null, "contact:facebook": null, "payment:debit_cards": null, "payment:credit_cards": null, "addr:floor": null, "drive_through": null, "payment:cash": null, "contact:email": null, "contact:website": null, "owner": null, "contact:phone": null, "contact:fax": null, "name:de": null, "check_date": null, "fax": null, "wheelchair": "yes", "check_date:opening_hours": "2022-08-03", "website": null, "phone": null, "operator": null, "opening_hours": "Mo-Fr 08:00-18:30; Sa 08:00-12:30", "name": "Ursus-Apotheke", "level": null, "healthcare": "pharmacy", "email": null, "dispensing": null, "amenity": "pharmacy", "addr:street": null, "addr:postcode": null, "addr:housenumber": null, "addr:country": null, "addr:city": null }, "geometry": { "type": "Point", "coordinates": [ 11.6718965, 48.0813244 ] } },
{ "type": "Feature", "properties": { "full_id": "n305192261", "osm_id": "305192261", "osm_type": "node", "wikipedia": null, "opening_hours:visitors": null, "name:en": null, "payment:coins": null, "full_name": null, "contact:twitter": null, "start_date": null, "old_name": null, "payment:lightning_contactless": null, "payment:lightning": null, "currency:XBT": null, "payment:v_pay": null, "layer": null, "addr:unit": null, "emergency": null, "payment:girocard_contactless": null, "payment:unionpay": null, "payment:paypal": null, "payment:maestro": null, "payment:jcb": null, "payment:ec": null, "payment:american_express": null, "payment:alipay": null, "wikidata": null, "operator:type": null, "official_name": null, "healthcare:speciality": null, "beds": null, "description": null, "wheelchair:description": null, "shop": null, "brand:wikipedia": null, "brand:wikidata": null, "brand": null, "branch": null, "addr:suburb": null, "payment:visa": null, "payment:mastercard": null, "payment:ec_cards": null, "wheelchair:description:de": null, "addr:housename": null, "toilets": null, "payment:qr_code": null, "payment:cards": null, "opening_hours:signed": null, "payment:girocard": null, "internet_access": null, "medical_system:western": null, "health_facility:type": null, "toilets:wheelchair": null, "contact:instagram": null, "contact:facebook": null, "payment:debit_cards": null, "payment:credit_cards": null, "addr:floor": null, "drive_through": null, "payment:cash": null, "contact:email": null, "contact:website": null, "owner": null, "contact:phone": null, "contact:fax": null, "name:de": null, "check_date": "2026-05-02", "fax": null, "wheelchair": "limited", "check_date:opening_hours": null, "website": null, "phone": "+49 89 6708861", "operator": null, "opening_hours": "Mo-Fr 08:00-18:30, Sa 09:00-13:00", "name": "Nikolaus-Apotheke", "level": null, "healthcare": "pharmacy", "email": null, "dispensing": null, "amenity": "pharmacy", "addr:street": "Therese-Giehse-Allee", "addr:postcode": "81739", "addr:housenumber": "28", "addr:country": "DE", "addr:city": "München" }, "geometry": { "type": "Point", "coordinates": [ 11.6419605, 48.0940511 ] } },
{ "type": "Feature", "properties": { "full_id": "n1371985308", "osm_id": "1371985308", "osm_type": "node", "wikipedia": null, "opening_hours:visitors": null, "name:en": null, "payment:coins": null, "full_name": null, "contact:twitter": null, "start_date": null, "old_name": null, "payment:lightning_contactless": null, "payment:lightning": null, "currency:XBT": null, "payment:v_pay": null, "layer": null, "addr:unit": null, "emergency": null, "payment:girocard_contactless": null, "payment:unionpay": null, "payment:paypal": null, "payment:maestro": null, "payment:jcb": null, "payment:ec": null, "payment:american_express": null, "payment:alipay": null, "wikidata": null, "operator:type": null, "official_name": null, "healthcare:speciality": null, "beds": null, "description": null, "wheelchair:description": null, "shop": null, "brand:wikipedia": null, "brand:wikidata": null, "brand": null, "branch": null, "addr:suburb": null, "payment:visa": null, "payment:mastercard": null, "payment:ec_cards": null, "wheelchair:description:de": null, "addr:housename": null, "toilets": null, "payment:qr_code": null, "payment:cards": null, "opening_hours:signed": null, "payment:girocard": null, "internet_access": null, "medical_system:western": null, "health_facility:type": null, "toilets:wheelchair": null, "contact:instagram": null, "contact:facebook": null, "payment:debit_cards": null, "payment:credit_cards": null, "addr:floor": null, "drive_through": null, "payment:cash": null, "contact:email": null, "contact:website": null, "owner": null, "contact:phone": null, "contact:fax": null, "name:de": null, "check_date": "2026-06-13", "fax": null, "wheelchair": "yes", "check_date:opening_hours": "2025-04-19", "website": "https://www.sanipep.de/", "phone": "+49 89 6700960", "operator": "Doris Schwaabe e.K.", "opening_hours": "Mo-Sa 09:00-20:00", "name": "SaniPep Apotheke", "level": "0", "healthcare": "pharmacy", "email": null, "dispensing": "yes", "amenity": "pharmacy", "addr:street": "Ollenhauerstraße", "addr:postcode": "81737", "addr:housenumber": "6", "addr:country": "DE", "addr:city": "München" }, "geometry": { "type": "Point", "coordinates": [ 11.644246, 48.1011448 ] } },
{ "type": "Feature", "properties": { "full_id": "n1777309427", "osm_id": "1777309427", "osm_type": "node", "wikipedia": null, "opening_hours:visitors": null, "name:en": null, "payment:coins": null, "full_name": null, "contact:twitter": null, "start_date": null, "old_name": null, "payment:lightning_contactless": null, "payment:lightning": null, "currency:XBT": null, "payment:v_pay": null, "layer": null, "addr:unit": null, "emergency": null, "payment:girocard_contactless": null, "payment:unionpay": null, "payment:paypal": null, "payment:maestro": null, "payment:jcb": null, "payment:ec": null, "payment:american_express": null, "payment:alipay": null, "wikidata": null, "operator:type": null, "official_name": null, "healthcare:speciality": null, "beds": null, "description": null, "wheelchair:description": null, "shop": null, "brand:wikipedia": null, "brand:wikidata": null, "brand": null, "branch": null, "addr:suburb": null, "payment:visa": null, "payment:mastercard": null, "payment:ec_cards": null, "wheelchair:description:de": null, "addr:housename": null, "toilets": null, "payment:qr_code": null, "payment:cards": null, "opening_hours:signed": null, "payment:girocard": null, "internet_access": null, "medical_system:western": null, "health_facility:type": null, "toilets:wheelchair": null, "contact:instagram": null, "contact:facebook": null, "payment:debit_cards": null, "payment:credit_cards": null, "addr:floor": null, "drive_through": null, "payment:cash": null, "contact:email": null, "contact:website": null, "owner": null, "contact:phone": null, "contact:fax": null, "name:de": null, "check_date": null, "fax": null, "wheelchair": "yes", "check_date:opening_hours": null, "website": null, "phone": "+49 89 6704429", "operator": null, "opening_hours": "Mo,Tu,Th,Fr 09:00-13:30,15:00-18:00; We 09:00-14:00", "name": "Sudermann Apotheke", "level": null, "healthcare": "pharmacy", "email": null, "dispensing": "yes", "amenity": "pharmacy", "addr:street": "Sudermannallee", "addr:postcode": "81737", "addr:housenumber": "22", "addr:country": "DE", "addr:city": "München" }, "geometry": { "type": "Point", "coordinates": [ 11.6533197, 48.0992594 ] } },
{ "type": "Feature", "properties": { "full_id": "n1996999229", "osm_id": "1996999229", "osm_type": "node", "wikipedia": null, "opening_hours:visitors": null, "name:en": null, "payment:coins": null, "full_name": null, "contact:twitter": null, "start_date": null, "old_name": null, "payment:lightning_contactless": null, "payment:lightning": null, "currency:XBT": null, "payment:v_pay": null, "layer": null, "addr:unit": null, "emergency": null, "payment:girocard_contactless": null, "payment:unionpay": null, "payment:paypal": null, "payment:maestro": null, "payment:jcb": null, "payment:ec": null, "payment:american_express": null, "payment:alipay": null, "wikidata": null, "operator:type": null, "official_name": null, "healthcare:speciality": null, "beds": null, "description": null, "wheelchair:description": null, "shop": null, "brand:wikipedia": null, "brand:wikidata": null, "brand": null, "branch": null, "addr:suburb": null, "payment:visa": null, "payment:mastercard": null, "payment:ec_cards": null, "wheelchair:description:de": null, "addr:housename": null, "toilets": null, "payment:qr_code": null, "payment:cards": null, "opening_hours:signed": null, "payment:girocard": null, "internet_access": null, "medical_system:western": null, "health_facility:type": null, "toilets:wheelchair": null, "contact:instagram": null, "contact:facebook": null, "payment:debit_cards": null, "payment:credit_cards": null, "addr:floor": null, "drive_through": null, "payment:cash": null, "contact:email": null, "contact:website": null, "owner": null, "contact:phone": null, "contact:fax": null, "name:de": null, "check_date": "2026-02-20", "fax": null, "wheelchair": "yes", "check_date:opening_hours": null, "website": null, "phone": null, "operator": null, "opening_hours": "Mo-Fr 08:00-18:30; Sa 08:30-13:00", "name": "Sani PEP", "level": "0", "healthcare": "pharmacy", "email": null, "dispensing": null, "amenity": "pharmacy", "addr:street": "Albert-Schweitzer-Straße", "addr:postcode": "81735", "addr:housenumber": "64", "addr:country": "DE", "addr:city": "München" }, "geometry": { "type": "Point", "coordinates": [ 11.6450448, 48.1072188 ] } },
{ "type": "Feature", "properties": { "full_id": "n271236722", "osm_id": "271236722", "osm_type": "node", "wikipedia": null, "opening_hours:visitors": null, "name:en": null, "payment:coins": null, "full_name": null, "contact:twitter": null, "start_date": null, "old_name": null, "payment:lightning_contactless": null, "payment:lightning": null, "currency:XBT": null, "payment:v_pay": null, "layer": null, "addr:unit": null, "emergency": null, "payment:girocard_contactless": null, "payment:unionpay": null, "payment:paypal": null, "payment:maestro": null, "payment:jcb": null, "payment:ec": null, "payment:american_express": null, "payment:alipay": null, "wikidata": null, "operator:type": null, "official_name": null, "healthcare:speciality": null, "beds": null, "description": null, "wheelchair:description": null, "shop": null, "brand:wikipedia": null, "brand:wikidata": null, "brand": null, "branch": null, "addr:suburb": null, "payment:visa": null, "payment:mastercard": null, "payment:ec_cards": null, "wheelchair:description:de": null, "addr:housename": null, "toilets": null, "payment:qr_code": null, "payment:cards": null, "opening_hours:signed": null, "payment:girocard": null, "internet_access": null, "medical_system:western": null, "health_facility:type": null, "toilets:wheelchair": null, "contact:instagram": null, "contact:facebook": null, "payment:debit_cards": null, "payment:credit_cards": null, "addr:floor": null, "drive_through": null, "payment:cash": null, "contact:email": null, "contact:website": null, "owner": null, "contact:phone": null, "contact:fax": null, "name:de": null, "check_date": null, "fax": null, "wheelchair": null, "check_date:opening_hours": null, "website": null, "phone": null, "operator": null, "opening_hours": "Mo-Fr 08:30-18:30, Sa 08:30-12:00", "name": "Apotheke am Marx-Zentrum", "level": null, "healthcare": "pharmacy", "email": null, "dispensing": null, "amenity": "pharmacy", "addr:street": null, "addr:postcode": null, "addr:housenumber": null, "addr:country": null, "addr:city": null }, "geometry": { "type": "Point", "coordinates": [ 11.656547, 48.1073397 ] } },
{ "type": "Feature", "properties": { "full_id": "n1578183401", "osm_id": "1578183401", "osm_type": "node", "wikipedia": null, "opening_hours:visitors": null, "name:en": null, "payment:coins": null, "full_name": null, "contact:twitter": null, "start_date": null, "old_name": null, "payment:lightning_contactless": null, "payment:lightning": null, "currency:XBT": null, "payment:v_pay": null, "layer": null, "addr:unit": null, "emergency": null, "payment:girocard_contactless": null, "payment:unionpay": null, "payment:paypal": null, "payment:maestro": null, "payment:jcb": null, "payment:ec": null, "payment:american_express": null, "payment:alipay": null, "wikidata": null, "operator:type": null, "official_name": null, "healthcare:speciality": null, "beds": null, "description": null, "wheelchair:description": null, "shop": null, "brand:wikipedia": null, "brand:wikidata": null, "brand": null, "branch": null, "addr:suburb": null, "payment:visa": null, "payment:mastercard": null, "payment:ec_cards": null, "wheelchair:description:de": null, "addr:housename": null, "toilets": null, "payment:qr_code": null, "payment:cards": null, "opening_hours:signed": null, "payment:girocard": null, "internet_access": null, "medical_system:western": null, "health_facility:type": null, "toilets:wheelchair": null, "contact:instagram": null, "contact:facebook": null, "payment:debit_cards": null, "payment:credit_cards": null, "addr:floor": null, "drive_through": null, "payment:cash": null, "contact:email": null, "contact:website": null, "owner": null, "contact:phone": null, "contact:fax": null, "name:de": null, "check_date": "2026-08-16", "fax": null, "wheelchair": "yes", "check_date:opening_hours": "2025-05-19", "website": null, "phone": null, "operator": null, "opening_hours": "Mo-Fr 08:30-19:00; Sa 08:30-17:00; Su,PH off", "name": "Meiersche Apotheke", "level": null, "healthcare": "pharmacy", "email": null, "dispensing": "yes", "amenity": "pharmacy", "addr:street": null, "addr:postcode": null, "addr:housenumber": null, "addr:country": null, "addr:city": null }, "geometry": { "type": "Point", "coordinates": [ 11.6443376, 48.1263572 ] } },
{ "type": "Feature", "properties": { "full_id": "n316757171", "osm_id": "316757171", "osm_type": "node", "wikipedia": null, "opening_hours:visitors": null, "name:en": null, "payment:coins": null, "full_name": null, "contact:twitter": null, "start_date": null, "old_name": null, "payment:lightning_contactless": null, "payment:lightning": null, "currency:XBT": null, "payment:v_pay": null, "layer": null, "addr:unit": null, "emergency": null, "payment:girocard_contactless": null, "payment:unionpay": null, "payment:paypal": null, "payment:maestro": null, "payment:jcb": null, "payment:ec": null, "payment:american_express": null, "payment:alipay": null, "wikidata": null, "operator:type": null, "official_name": null, "healthcare:speciality": null, "beds": null, "description": null, "wheelchair:description": null, "shop": null, "brand:wikipedia": null, "brand:wikidata": null, "brand": null, "branch": null, "addr:suburb": null, "payment:visa": null, "payment:mastercard": null, "payment:ec_cards": null, "wheelchair:description:de": null, "addr:housename": null, "toilets": null, "payment:qr_code": null, "payment:cards": null, "opening_hours:signed": null, "payment:girocard": null, "internet_access": null, "medical_system:western": null, "health_facility:type": null, "toilets:wheelchair": null, "contact:instagram": null, "contact:facebook": null, "payment:debit_cards": null, "payment:credit_cards": null, "addr:floor": null, "drive_through": null, "payment:cash": null, "contact:email": null, "contact:website": null, "owner": null, "contact:phone": null, "contact:fax": null, "name:de": null, "check_date": "2025-10-20", "fax": null, "wheelchair": "yes", "check_date:opening_hours": "2025-10-20", "website": "http://www.st-veit-apotheke-online.de", "phone": "+49 89 4313678", "operator": null, "opening_hours": "Mo-Fr 08:00-18:30; Sa 08:30-13:30", "name": "St. Veit Apotheke", "level": null, "healthcare": "pharmacy", "email": "st.veitapotheke@freenet.de", "dispensing": "yes", "amenity": "pharmacy", "addr:street": null, "addr:postcode": "81673", "addr:housenumber": null, "addr:country": null, "addr:city": null }, "geometry": { "type": "Point", "coordinates": [ 11.6462731, 48.1282544 ] } },
{ "type": "Feature", "properties": { "full_id": "n279840992", "osm_id": "279840992", "osm_type": "node", "wikipedia": null, "opening_hours:visitors": null, "name:en": null, "payment:coins": null, "full_name": null, "contact:twitter": null, "start_date": null, "old_name": null, "payment:lightning_contactless": null, "payment:lightning": null, "currency:XBT": null, "payment:v_pay": null, "layer": null, "addr:unit": null, "emergency": null, "payment:girocard_contactless": null, "payment:unionpay": null, "payment:paypal": null, "payment:maestro": null, "payment:jcb": null, "payment:ec": null, "payment:american_express": null, "payment:alipay": null, "wikidata": null, "operator:type": null, "official_name": null, "healthcare:speciality": null, "beds": null, "description": null, "wheelchair:description": null, "shop": null, "brand:wikipedia": null, "brand:wikidata": null, "brand": null, "branch": null, "addr:suburb": null, "payment:visa": null, "payment:mastercard": null, "payment:ec_cards": null, "wheelchair:description:de": null, "addr:housename": null, "toilets": null, "payment:qr_code": null, "payment:cards": null, "opening_hours:signed": null, "payment:girocard": null, "internet_access": null, "medical_system:western": null, "health_facility:type": null, "toilets:wheelchair": null, "contact:instagram": null, "contact:facebook": null, "payment:debit_cards": null, "payment:credit_cards": null, "addr:floor": null, "drive_through": null, "payment:cash": null, "contact:email": null, "contact:website": null, "owner": null, "contact:phone": null, "contact:fax": null, "name:de": null, "check_date": null, "fax": null, "wheelchair": "yes", "check_date:opening_hours": null, "website": null, "phone": null, "operator": null, "opening_hours": "Mo-Fr 08:30-18:30; Sa 09:00-14:00", "name": "Libellen-Apotheke", "level": null, "healthcare": "pharmacy", "email": null, "dispensing": null, "amenity": "pharmacy", "addr:street": null, "addr:postcode": null, "addr:housenumber": null, "addr:country": null, "addr:city": null }, "geometry": { "type": "Point", "coordinates": [ 11.6552939, 48.124826 ] } },
{ "type": "Feature", "properties": { "full_id": "n2262959543", "osm_id": "2262959543", "osm_type": "node", "wikipedia": null, "opening_hours:visitors": null, "name:en": null, "payment:coins": null, "full_name": null, "contact:twitter": null, "start_date": null, "old_name": null, "payment:lightning_contactless": null, "payment:lightning": null, "currency:XBT": null, "payment:v_pay": null, "layer": null, "addr:unit": null, "emergency": null, "payment:girocard_contactless": null, "payment:unionpay": null, "payment:paypal": null, "payment:maestro": null, "payment:jcb": null, "payment:ec": null, "payment:american_express": null, "payment:alipay": null, "wikidata": null, "operator:type": null, "official_name": null, "healthcare:speciality": null, "beds": null, "description": null, "wheelchair:description": null, "shop": null, "brand:wikipedia": null, "brand:wikidata": null, "brand": null, "branch": null, "addr:suburb": null, "payment:visa": null, "payment:mastercard": null, "payment:ec_cards": null, "wheelchair:description:de": null, "addr:housename": null, "toilets": null, "payment:qr_code": null, "payment:cards": null, "opening_hours:signed": null, "payment:girocard": null, "internet_access": null, "medical_system:western": null, "health_facility:type": null, "toilets:wheelchair": null, "contact:instagram": null, "contact:facebook": null, "payment:debit_cards": null, "payment:credit_cards": null, "addr:floor": null, "drive_through": null, "payment:cash": null, "contact:email": null, "contact:website": null, "owner": null, "contact:phone": null, "contact:fax": null, "name:de": null, "check_date": null, "fax": null, "wheelchair": "yes", "check_date:opening_hours": "2026-03-26", "website": null, "phone": null, "operator": null, "opening_hours": "Mo-Fr 08:30-18:30; Sa 08:30-14:00", "name": "Hahn Apotheke", "level": null, "healthcare": "pharmacy", "email": null, "dispensing": "yes", "amenity": "pharmacy", "addr:street": "Truderinger Straße", "addr:postcode": "81825", "addr:housenumber": "272", "addr:country": "DE", "addr:city": "München" }, "geometry": { "type": "Point", "coordinates": [ 11.6644415, 48.124676 ] } },
{ "type": "Feature", "properties": { "full_id": "n279840984", "osm_id": "279840984", "osm_type": "node", "wikipedia": null, "opening_hours:visitors": null, "name:en": null, "payment:coins": null, "full_name": null, "contact:twitter": null, "start_date": null, "old_name": null, "payment:lightning_contactless": null, "payment:lightning": null, "currency:XBT": null, "payment:v_pay": null, "layer": null, "addr:unit": null, "emergency": null, "payment:girocard_contactless": null, "payment:unionpay": null, "payment:paypal": null, "payment:maestro": null, "payment:jcb": null, "payment:ec": null, "payment:american_express": null, "payment:alipay": null, "wikidata": null, "operator:type": null, "official_name": null, "healthcare:speciality": null, "beds": null, "description": null, "wheelchair:description": null, "shop": null, "brand:wikipedia": null, "brand:wikidata": null, "brand": null, "branch": null, "addr:suburb": null, "payment:visa": null, "payment:mastercard": null, "payment:ec_cards": null, "wheelchair:description:de": null, "addr:housename": null, "toilets": null, "payment:qr_code": null, "payment:cards": null, "opening_hours:signed": null, "payment:girocard": null, "internet_access": null, "medical_system:western": null, "health_facility:type": null, "toilets:wheelchair": null, "contact:instagram": null, "contact:facebook": null, "payment:debit_cards": null, "payment:credit_cards": null, "addr:floor": null, "drive_through": null, "payment:cash": null, "contact:email": null, "contact:website": null, "owner": null, "contact:phone": null, "contact:fax": null, "name:de": null, "check_date": "2024-08-30", "fax": null, "wheelchair": "yes", "check_date:opening_hours": null, "website": null, "phone": null, "operator": null, "opening_hours": "Mo-Fr 08:00-13:30,14:30-18:30; Sa 08:00-13:00", "name": "Solalinden-Apotheke", "level": null, "healthcare": "pharmacy", "email": null, "dispensing": null, "amenity": "pharmacy", "addr:street": null, "addr:postcode": null, "addr:housenumber": null, "addr:country": null, "addr:city": null }, "geometry": { "type": "Point", "coordinates": [ 11.6696636, 48.1219589 ] } },
{ "type": "Feature", "properties": { "full_id": "n8387676432", "osm_id": "8387676432", "osm_type": "node", "wikipedia": null, "opening_hours:visitors": null, "name:en": null, "payment:coins": null, "full_name": null, "contact:twitter": null, "start_date": null, "old_name": null, "payment:lightning_contactless": null, "payment:lightning": null, "currency:XBT": null, "payment:v_pay": null, "layer": null, "addr:unit": null, "emergency": null, "payment:girocard_contactless": null, "payment:unionpay": null, "payment:paypal": null, "payment:maestro": null, "payment:jcb": null, "payment:ec": null, "payment:american_express": null, "payment:alipay": null, "wikidata": null, "operator:type": null, "official_name": null, "healthcare:speciality": null, "beds": null, "description": null, "wheelchair:description": null, "shop": null, "brand:wikipedia": null, "brand:wikidata": null, "brand": null, "branch": null, "addr:suburb": null, "payment:visa": null, "payment:mastercard": null, "payment:ec_cards": null, "wheelchair:description:de": null, "addr:housename": null, "toilets": null, "payment:qr_code": null, "payment:cards": null, "opening_hours:signed": null, "payment:girocard": null, "internet_access": null, "medical_system:western": null, "health_facility:type": null, "toilets:wheelchair": null, "contact:instagram": null, "contact:facebook": null, "payment:debit_cards": null, "payment:credit_cards": null, "addr:floor": null, "drive_through": "no", "payment:cash": null, "contact:email": "bestellung@friedensapotheke.de", "contact:website": "https://www.friedens-apotheke-muenchen.de", "owner": null, "contact:phone": null, "contact:fax": "+49 89 429876", "name:de": null, "check_date": null, "fax": null, "wheelchair": "yes", "check_date:opening_hours": null, "website": "https://www.friedens-apotheke-muenchen.de", "phone": "+49 89 426522", "operator": null, "opening_hours": "Mo-Tu,Th-Fr 08:30-13:00,14:30-18:00; We,Sa 08:30-13:00", "name": "Friedens-Apotheke", "level": null, "healthcare": "pharmacy", "email": null, "dispensing": "yes", "amenity": "pharmacy", "addr:street": "Truderinger Straße", "addr:postcode": "81825", "addr:housenumber": "315", "addr:country": "DE", "addr:city": "München" }, "geometry": { "type": "Point", "coordinates": [ 11.671658, 48.1216203 ] } },
{ "type": "Feature", "properties": { "full_id": "n1742791497", "osm_id": "1742791497", "osm_type": "node", "wikipedia": null, "opening_hours:visitors": null, "name:en": null, "payment:coins": null, "full_name": null, "contact:twitter": null, "start_date": null, "old_name": null, "payment:lightning_contactless": null, "payment:lightning": null, "currency:XBT": null, "payment:v_pay": null, "layer": null, "addr:unit": null, "emergency": null, "payment:girocard_contactless": null, "payment:unionpay": null, "payment:paypal": null, "payment:maestro": null, "payment:jcb": null, "payment:ec": null, "payment:american_express": null, "payment:alipay": null, "wikidata": null, "operator:type": null, "official_name": null, "healthcare:speciality": null, "beds": null, "description": null, "wheelchair:description": null, "shop": null, "brand:wikipedia": null, "brand:wikidata": null, "brand": null, "branch": null, "addr:suburb": null, "payment:visa": null, "payment:mastercard": null, "payment:ec_cards": null, "wheelchair:description:de": null, "addr:housename": null, "toilets": null, "payment:qr_code": null, "payment:cards": null, "opening_hours:signed": null, "payment:girocard": null, "internet_access": null, "medical_system:western": null, "health_facility:type": null, "toilets:wheelchair": null, "contact:instagram": null, "contact:facebook": null, "payment:debit_cards": null, "payment:credit_cards": null, "addr:floor": null, "drive_through": null, "payment:cash": null, "contact:email": "apo.riem@saniplus.de", "contact:website": null, "owner": null, "contact:phone": "+49 89 87 810", "contact:fax": null, "name:de": null, "check_date": null, "fax": null, "wheelchair": "yes", "check_date:opening_hours": "2025-02-22", "website": null, "phone": null, "operator": "Apothekerin Birgit Lauterbach", "opening_hours": "Mo-Sa 09:00-20:00", "name": "SaniPlus-Apotheke", "level": "0", "healthcare": "pharmacy", "email": null, "dispensing": null, "amenity": "pharmacy", "addr:street": null, "addr:postcode": null, "addr:housenumber": null, "addr:country": null, "addr:city": null }, "geometry": { "type": "Point", "coordinates": [ 11.6904284, 48.1318917 ] } },
{ "type": "Feature", "properties": { "full_id": "n270586935", "osm_id": "270586935", "osm_type": "node", "wikipedia": null, "opening_hours:visitors": null, "name:en": null, "payment:coins": null, "full_name": null, "contact:twitter": null, "start_date": null, "old_name": null, "payment:lightning_contactless": null, "payment:lightning": null, "currency:XBT": null, "payment:v_pay": null, "layer": null, "addr:unit": null, "emergency": null, "payment:girocard_contactless": null, "payment:unionpay": null, "payment:paypal": null, "payment:maestro": null, "payment:jcb": null, "payment:ec": null, "payment:american_express": null, "payment:alipay": null, "wikidata": null, "operator:type": null, "official_name": null, "healthcare:speciality": null, "beds": null, "description": null, "wheelchair:description": null, "shop": null, "brand:wikipedia": null, "brand:wikidata": null, "brand": null, "branch": null, "addr:suburb": null, "payment:visa": null, "payment:mastercard": null, "payment:ec_cards": null, "wheelchair:description:de": null, "addr:housename": null, "toilets": null, "payment:qr_code": null, "payment:cards": null, "opening_hours:signed": null, "payment:girocard": null, "internet_access": null, "medical_system:western": null, "health_facility:type": null, "toilets:wheelchair": null, "contact:instagram": null, "contact:facebook": null, "payment:debit_cards": null, "payment:credit_cards": null, "addr:floor": null, "drive_through": null, "payment:cash": null, "contact:email": null, "contact:website": null, "owner": null, "contact:phone": null, "contact:fax": null, "name:de": null, "check_date": null, "fax": null, "wheelchair": "no", "check_date:opening_hours": "2025-03-03", "website": "https://www.neptun-apotheke-muenchen.de/", "phone": "+49 89 430 4815", "operator": null, "opening_hours": "Mo,Tu,Th,Fr 08:30-18:30; We,Sa 08:30-13:00", "name": "Neptun-Apotheke", "level": "0", "healthcare": "pharmacy", "email": null, "dispensing": null, "amenity": "pharmacy", "addr:street": "Waldtruderinger Straße", "addr:postcode": "81827", "addr:housenumber": "67", "addr:country": null, "addr:city": "München" }, "geometry": { "type": "Point", "coordinates": [ 11.7008549, 48.113102 ] } },
{ "type": "Feature", "properties": { "full_id": "n1559355042", "osm_id": "1559355042", "osm_type": "node", "wikipedia": null, "opening_hours:visitors": null, "name:en": null, "payment:coins": null, "full_name": null, "contact:twitter": null, "start_date": null, "old_name": null, "payment:lightning_contactless": null, "payment:lightning": null, "currency:XBT": null, "payment:v_pay": null, "layer": null, "addr:unit": null, "emergency": null, "payment:girocard_contactless": null, "payment:unionpay": null, "payment:paypal": null, "payment:maestro": null, "payment:jcb": null, "payment:ec": null, "payment:american_express": null, "payment:alipay": null, "wikidata": null, "operator:type": null, "official_name": null, "healthcare:speciality": null, "beds": null, "description": null, "wheelchair:description": null, "shop": null, "brand:wikipedia": null, "brand:wikidata": null, "brand": null, "branch": null, "addr:suburb": null, "payment:visa": null, "payment:mastercard": null, "payment:ec_cards": null, "wheelchair:description:de": null, "addr:housename": null, "toilets": null, "payment:qr_code": null, "payment:cards": null, "opening_hours:signed": null, "payment:girocard": null, "internet_access": null, "medical_system:western": null, "health_facility:type": null, "toilets:wheelchair": null, "contact:instagram": null, "contact:facebook": null, "payment:debit_cards": null, "payment:credit_cards": null, "addr:floor": null, "drive_through": null, "payment:cash": null, "contact:email": null, "contact:website": null, "owner": null, "contact:phone": null, "contact:fax": null, "name:de": null, "check_date": "2025-08-30", "fax": null, "wheelchair": "yes", "check_date:opening_hours": null, "website": null, "phone": null, "operator": null, "opening_hours": "Mo-Fr 08:30-18:30; Sa 09:00-13:00", "name": "Widder-Apotheke", "level": null, "healthcare": "pharmacy", "email": null, "dispensing": "yes", "amenity": "pharmacy", "addr:street": "Wasserburger Landstraße", "addr:postcode": "81827", "addr:housenumber": "226", "addr:country": "DE", "addr:city": "München" }, "geometry": { "type": "Point", "coordinates": [ 11.7038989, 48.112332 ] } },
{ "type": "Feature", "properties": { "full_id": "n315953233", "osm_id": "315953233", "osm_type": "node", "wikipedia": null, "opening_hours:visitors": null, "name:en": null, "payment:coins": null, "full_name": null, "contact:twitter": null, "start_date": null, "old_name": null, "payment:lightning_contactless": null, "payment:lightning": null, "currency:XBT": null, "payment:v_pay": null, "layer": null, "addr:unit": null, "emergency": null, "payment:girocard_contactless": null, "payment:unionpay": null, "payment:paypal": null, "payment:maestro": null, "payment:jcb": null, "payment:ec": null, "payment:american_express": null, "payment:alipay": null, "wikidata": null, "operator:type": null, "official_name": null, "healthcare:speciality": null, "beds": null, "description": null, "wheelchair:description": null, "shop": null, "brand:wikipedia": null, "brand:wikidata": null, "brand": null, "branch": null, "addr:suburb": null, "payment:visa": null, "payment:mastercard": null, "payment:ec_cards": null, "wheelchair:description:de": null, "addr:housename": null, "toilets": null, "payment:qr_code": null, "payment:cards": null, "opening_hours:signed": null, "payment:girocard": null, "internet_access": null, "medical_system:western": null, "health_facility:type": null, "toilets:wheelchair": null, "contact:instagram": null, "contact:facebook": null, "payment:debit_cards": null, "payment:credit_cards": null, "addr:floor": null, "drive_through": null, "payment:cash": null, "contact:email": null, "contact:website": "https://www.alpha-apotheke-muenchen.de", "owner": null, "contact:phone": "+49 89 188280", "contact:fax": null, "name:de": null, "check_date": null, "fax": null, "wheelchair": "limited", "check_date:opening_hours": null, "website": null, "phone": null, "operator": null, "opening_hours": "Mo-Fr 08:30-18:30; Sa 09:00-13:00", "name": "Alpha Apotheke", "level": null, "healthcare": "pharmacy", "email": null, "dispensing": null, "amenity": "pharmacy", "addr:street": "Nymphenburger Straße", "addr:postcode": "80636", "addr:housenumber": "133", "addr:country": "DE", "addr:city": "München" }, "geometry": { "type": "Point", "coordinates": [ 11.5393315, 48.1510189 ] } },
{ "type": "Feature", "properties": { "full_id": "n1813651000", "osm_id": "1813651000", "osm_type": "node", "wikipedia": null, "opening_hours:visitors": null, "name:en": null, "payment:coins": null, "full_name": null, "contact:twitter": null, "start_date": null, "old_name": null, "payment:lightning_contactless": null, "payment:lightning": null, "currency:XBT": null, "payment:v_pay": null, "layer": null, "addr:unit": null, "emergency": null, "payment:girocard_contactless": null, "payment:unionpay": null, "payment:paypal": null, "payment:maestro": null, "payment:jcb": null, "payment:ec": null, "payment:american_express": null, "payment:alipay": null, "wikidata": null, "operator:type": null, "official_name": null, "healthcare:speciality": null, "beds": null, "description": null, "wheelchair:description": null, "shop": null, "brand:wikipedia": null, "brand:wikidata": null, "brand": null, "branch": null, "addr:suburb": null, "payment:visa": null, "payment:mastercard": null, "payment:ec_cards": null, "wheelchair:description:de": null, "addr:housename": null, "toilets": null, "payment:qr_code": null, "payment:cards": null, "opening_hours:signed": null, "payment:girocard": null, "internet_access": null, "medical_system:western": null, "health_facility:type": null, "toilets:wheelchair": null, "contact:instagram": null, "contact:facebook": null, "payment:debit_cards": null, "payment:credit_cards": null, "addr:floor": null, "drive_through": null, "payment:cash": null, "contact:email": null, "contact:website": null, "owner": null, "contact:phone": "+49 89 165400", "contact:fax": null, "name:de": null, "check_date": null, "fax": null, "wheelchair": "yes", "check_date:opening_hours": null, "website": null, "phone": null, "operator": "Anca Krauss", "opening_hours": "Mo,Tu,Th 08:30-18:30; We 08:30-18:00; Fr 08:30-18:30", "name": "Apotheke im Karl-Albrecht-Hof", "level": null, "healthcare": "pharmacy", "email": null, "dispensing": "yes", "amenity": "pharmacy", "addr:street": "Nymphenburger Straße", "addr:postcode": "80634", "addr:housenumber": "154", "addr:country": "DE", "addr:city": "München" }, "geometry": { "type": "Point", "coordinates": [ 11.5355781, 48.1523656 ] } },
{ "type": "Feature", "properties": { "full_id": "n315953168", "osm_id": "315953168", "osm_type": "node", "wikipedia": null, "opening_hours:visitors": null, "name:en": null, "payment:coins": null, "full_name": null, "contact:twitter": null, "start_date": null, "old_name": null, "payment:lightning_contactless": null, "payment:lightning": null, "currency:XBT": null, "payment:v_pay": null, "layer": null, "addr:unit": null, "emergency": null, "payment:girocard_contactless": null, "payment:unionpay": null, "payment:paypal": null, "payment:maestro": null, "payment:jcb": null, "payment:ec": null, "payment:american_express": null, "payment:alipay": null, "wikidata": null, "operator:type": null, "official_name": null, "healthcare:speciality": null, "beds": null, "description": null, "wheelchair:description": null, "shop": null, "brand:wikipedia": null, "brand:wikidata": null, "brand": null, "branch": null, "addr:suburb": null, "payment:visa": null, "payment:mastercard": null, "payment:ec_cards": null, "wheelchair:description:de": null, "addr:housename": null, "toilets": null, "payment:qr_code": null, "payment:cards": null, "opening_hours:signed": null, "payment:girocard": null, "internet_access": null, "medical_system:western": null, "health_facility:type": null, "toilets:wheelchair": null, "contact:instagram": null, "contact:facebook": null, "payment:debit_cards": null, "payment:credit_cards": null, "addr:floor": null, "drive_through": "no", "payment:cash": null, "contact:email": null, "contact:website": null, "owner": null, "contact:phone": null, "contact:fax": null, "name:de": null, "check_date": "2025-09-21", "fax": null, "wheelchair": "yes", "check_date:opening_hours": "2025-09-21", "website": null, "phone": null, "operator": null, "opening_hours": "Mo-Th 08:00-19:00, Fr 08:00-18:30, Sa 09:00-13:00", "name": "Nordstern Apotheke", "level": null, "healthcare": "pharmacy", "email": null, "dispensing": "yes", "amenity": "pharmacy", "addr:street": null, "addr:postcode": null, "addr:housenumber": null, "addr:country": null, "addr:city": null }, "geometry": { "type": "Point", "coordinates": [ 11.5453365, 48.1503872 ] } },
{ "type": "Feature", "properties": { "full_id": "n1584804036", "osm_id": "1584804036", "osm_type": "node", "wikipedia": null, "opening_hours:visitors": null, "name:en": null, "payment:coins": null, "full_name": null, "contact:twitter": null, "start_date": null, "old_name": null, "payment:lightning_contactless": null, "payment:lightning": null, "currency:XBT": null, "payment:v_pay": null, "layer": null, "addr:unit": null, "emergency": null, "payment:girocard_contactless": null, "payment:unionpay": null, "payment:paypal": null, "payment:maestro": null, "payment:jcb": null, "payment:ec": null, "payment:american_express": null, "payment:alipay": null, "wikidata": null, "operator:type": null, "official_name": null, "healthcare:speciality": null, "beds": null, "description": null, "wheelchair:description": null, "shop": null, "brand:wikipedia": null, "brand:wikidata": null, "brand": null, "branch": null, "addr:suburb": null, "payment:visa": null, "payment:mastercard": null, "payment:ec_cards": null, "wheelchair:description:de": null, "addr:housename": null, "toilets": null, "payment:qr_code": null, "payment:cards": null, "opening_hours:signed": null, "payment:girocard": null, "internet_access": null, "medical_system:western": null, "health_facility:type": null, "toilets:wheelchair": null, "contact:instagram": null, "contact:facebook": null, "payment:debit_cards": null, "payment:credit_cards": null, "addr:floor": null, "drive_through": "no", "payment:cash": null, "contact:email": null, "contact:website": null, "owner": null, "contact:phone": null, "contact:fax": null, "name:de": null, "check_date": "2026-03-31", "fax": null, "wheelchair": "yes", "check_date:opening_hours": "2025-04-01", "website": null, "phone": "+49891234070", "operator": null, "opening_hours": "Mo-Fr 08:00-19:00; Sa 09:00-13:00; PH off", "name": "Wappen-Apotheke", "level": null, "healthcare": "pharmacy", "email": null, "dispensing": "yes", "amenity": "pharmacy", "addr:street": "Nymphenburger Straße", "addr:postcode": "80636", "addr:housenumber": "73", "addr:country": null, "addr:city": null }, "geometry": { "type": "Point", "coordinates": [ 11.54635, 48.1496075 ] } },
{ "type": "Feature", "properties": { "full_id": "n2086422388", "osm_id": "2086422388", "osm_type": "node", "wikipedia": null, "opening_hours:visitors": null, "name:en": null, "payment:coins": null, "full_name": null, "contact:twitter": null, "start_date": null, "old_name": null, "payment:lightning_contactless": null, "payment:lightning": null, "currency:XBT": null, "payment:v_pay": null, "layer": null, "addr:unit": null, "emergency": null, "payment:girocard_contactless": null, "payment:unionpay": null, "payment:paypal": null, "payment:maestro": null, "payment:jcb": null, "payment:ec": null, "payment:american_express": null, "payment:alipay": null, "wikidata": null, "operator:type": null, "official_name": null, "healthcare:speciality": null, "beds": null, "description": null, "wheelchair:description": null, "shop": null, "brand:wikipedia": null, "brand:wikidata": null, "brand": null, "branch": null, "addr:suburb": null, "payment:visa": null, "payment:mastercard": null, "payment:ec_cards": null, "wheelchair:description:de": null, "addr:housename": null, "toilets": null, "payment:qr_code": null, "payment:cards": null, "opening_hours:signed": null, "payment:girocard": null, "internet_access": null, "medical_system:western": null, "health_facility:type": null, "toilets:wheelchair": null, "contact:instagram": null, "contact:facebook": null, "payment:debit_cards": null, "payment:credit_cards": null, "addr:floor": null, "drive_through": null, "payment:cash": null, "contact:email": null, "contact:website": null, "owner": null, "contact:phone": null, "contact:fax": null, "name:de": null, "check_date": null, "fax": null, "wheelchair": "yes", "check_date:opening_hours": "2023-01-19", "website": null, "phone": null, "operator": null, "opening_hours": "Mo-Fr 08:00-19:00; Sa 08:00-16:00", "name": "Elvira-Apotheke", "level": null, "healthcare": "pharmacy", "email": null, "dispensing": null, "amenity": "pharmacy", "addr:street": "Nymphenburger Straße", "addr:postcode": "80636", "addr:housenumber": "81", "addr:country": "DE", "addr:city": "München" }, "geometry": { "type": "Point", "coordinates": [ 11.5443593, 48.1499837 ] } },
{ "type": "Feature", "properties": { "full_id": "n315935280", "osm_id": "315935280", "osm_type": "node", "wikipedia": null, "opening_hours:visitors": null, "name:en": null, "payment:coins": null, "full_name": null, "contact:twitter": null, "start_date": null, "old_name": null, "payment:lightning_contactless": null, "payment:lightning": null, "currency:XBT": null, "payment:v_pay": null, "layer": null, "addr:unit": null, "emergency": null, "payment:girocard_contactless": null, "payment:unionpay": null, "payment:paypal": null, "payment:maestro": null, "payment:jcb": null, "payment:ec": null, "payment:american_express": null, "payment:alipay": null, "wikidata": null, "operator:type": null, "official_name": null, "healthcare:speciality": null, "beds": null, "description": null, "wheelchair:description": null, "shop": null, "brand:wikipedia": null, "brand:wikidata": null, "brand": null, "branch": null, "addr:suburb": null, "payment:visa": null, "payment:mastercard": null, "payment:ec_cards": null, "wheelchair:description:de": null, "addr:housename": null, "toilets": null, "payment:qr_code": null, "payment:cards": null, "opening_hours:signed": null, "payment:girocard": null, "internet_access": null, "medical_system:western": null, "health_facility:type": null, "toilets:wheelchair": null, "contact:instagram": null, "contact:facebook": null, "payment:debit_cards": null, "payment:credit_cards": null, "addr:floor": null, "drive_through": null, "payment:cash": null, "contact:email": null, "contact:website": null, "owner": null, "contact:phone": null, "contact:fax": null, "name:de": null, "check_date": "2026-03-31", "fax": null, "wheelchair": "no", "check_date:opening_hours": null, "website": null, "phone": null, "operator": null, "opening_hours": "Mo-Fr 08:30-18:30; Sa 08:30-12:30", "name": "Lori-Apotheke", "level": null, "healthcare": "pharmacy", "email": null, "dispensing": null, "amenity": "pharmacy", "addr:street": null, "addr:postcode": null, "addr:housenumber": null, "addr:country": null, "addr:city": null }, "geometry": { "type": "Point", "coordinates": [ 11.5492446, 48.1495873 ] } },
{ "type": "Feature", "properties": { "full_id": "n335741155", "osm_id": "335741155", "osm_type": "node", "wikipedia": null, "opening_hours:visitors": null, "name:en": null, "payment:coins": null, "full_name": null, "contact:twitter": null, "start_date": null, "old_name": null, "payment:lightning_contactless": null, "payment:lightning": null, "currency:XBT": null, "payment:v_pay": null, "layer": null, "addr:unit": null, "emergency": null, "payment:girocard_contactless": null, "payment:unionpay": null, "payment:paypal": null, "payment:maestro": null, "payment:jcb": null, "payment:ec": null, "payment:american_express": null, "payment:alipay": null, "wikidata": null, "operator:type": null, "official_name": null, "healthcare:speciality": null, "beds": null, "description": null, "wheelchair:description": null, "shop": null, "brand:wikipedia": null, "brand:wikidata": null, "brand": null, "branch": null, "addr:suburb": null, "payment:visa": null, "payment:mastercard": null, "payment:ec_cards": null, "wheelchair:description:de": null, "addr:housename": null, "toilets": null, "payment:qr_code": null, "payment:cards": null, "opening_hours:signed": null, "payment:girocard": null, "internet_access": null, "medical_system:western": null, "health_facility:type": null, "toilets:wheelchair": null, "contact:instagram": null, "contact:facebook": null, "payment:debit_cards": null, "payment:credit_cards": null, "addr:floor": null, "drive_through": null, "payment:cash": null, "contact:email": null, "contact:website": null, "owner": null, "contact:phone": null, "contact:fax": null, "name:de": null, "check_date": null, "fax": null, "wheelchair": "yes", "check_date:opening_hours": null, "website": null, "phone": null, "operator": null, "opening_hours": "Mo-Fr 08:30-18:30; Sa 08:30-13:00", "name": "Leonrod Apotheke", "level": null, "healthcare": "pharmacy", "email": null, "dispensing": "yes", "amenity": "pharmacy", "addr:street": null, "addr:postcode": null, "addr:housenumber": null, "addr:country": null, "addr:city": null }, "geometry": { "type": "Point", "coordinates": [ 11.5475107, 48.1584205 ] } },
{ "type": "Feature", "properties": { "full_id": "n13722635601", "osm_id": "13722635601", "osm_type": "node", "wikipedia": null, "opening_hours:visitors": null, "name:en": null, "payment:coins": null, "full_name": null, "contact:twitter": null, "start_date": null, "old_name": null, "payment:lightning_contactless": null, "payment:lightning": null, "currency:XBT": null, "payment:v_pay": null, "layer": null, "addr:unit": null, "emergency": null, "payment:girocard_contactless": null, "payment:unionpay": null, "payment:paypal": null, "payment:maestro": null, "payment:jcb": null, "payment:ec": null, "payment:american_express": null, "payment:alipay": null, "wikidata": null, "operator:type": null, "official_name": null, "healthcare:speciality": null, "beds": null, "description": null, "wheelchair:description": null, "shop": null, "brand:wikipedia": null, "brand:wikidata": null, "brand": null, "branch": null, "addr:suburb": null, "payment:visa": null, "payment:mastercard": null, "payment:ec_cards": null, "wheelchair:description:de": null, "addr:housename": null, "toilets": null, "payment:qr_code": null, "payment:cards": null, "opening_hours:signed": null, "payment:girocard": null, "internet_access": null, "medical_system:western": null, "health_facility:type": null, "toilets:wheelchair": null, "contact:instagram": null, "contact:facebook": null, "payment:debit_cards": null, "payment:credit_cards": null, "addr:floor": null, "drive_through": null, "payment:cash": null, "contact:email": null, "contact:website": null, "owner": null, "contact:phone": null, "contact:fax": null, "name:de": null, "check_date": "2026-04-11", "fax": null, "wheelchair": null, "check_date:opening_hours": "2026-04-11", "website": "https://www.heideckapo.de/", "phone": null, "operator": null, "opening_hours": "Mo-Fr 09:00-18:30", "name": "Heideck Apotheke", "level": null, "healthcare": "pharmacy", "email": null, "dispensing": null, "amenity": "pharmacy", "addr:street": "Heideckstraße", "addr:postcode": "80637", "addr:housenumber": "31", "addr:country": null, "addr:city": null }, "geometry": { "type": "Point", "coordinates": [ 11.5403025, 48.1611361 ] } },
{ "type": "Feature", "properties": { "full_id": "n606964148", "osm_id": "606964148", "osm_type": "node", "wikipedia": null, "opening_hours:visitors": null, "name:en": null, "payment:coins": null, "full_name": null, "contact:twitter": null, "start_date": null, "old_name": null, "payment:lightning_contactless": null, "payment:lightning": null, "currency:XBT": null, "payment:v_pay": null, "layer": null, "addr:unit": null, "emergency": null, "payment:girocard_contactless": null, "payment:unionpay": null, "payment:paypal": null, "payment:maestro": null, "payment:jcb": null, "payment:ec": null, "payment:american_express": null, "payment:alipay": null, "wikidata": null, "operator:type": null, "official_name": null, "healthcare:speciality": null, "beds": null, "description": null, "wheelchair:description": null, "shop": null, "brand:wikipedia": null, "brand:wikidata": null, "brand": null, "branch": null, "addr:suburb": null, "payment:visa": null, "payment:mastercard": null, "payment:ec_cards": null, "wheelchair:description:de": null, "addr:housename": null, "toilets": null, "payment:qr_code": null, "payment:cards": null, "opening_hours:signed": null, "payment:girocard": null, "internet_access": null, "medical_system:western": null, "health_facility:type": null, "toilets:wheelchair": null, "contact:instagram": null, "contact:facebook": null, "payment:debit_cards": null, "payment:credit_cards": null, "addr:floor": null, "drive_through": null, "payment:cash": null, "contact:email": null, "contact:website": null, "owner": null, "contact:phone": null, "contact:fax": null, "name:de": null, "check_date": null, "fax": null, "wheelchair": "limited", "check_date:opening_hours": null, "website": null, "phone": "+49 89 153316", "operator": null, "opening_hours": "Mo-Fr 08:00-18:00; Sa 08:30-12:30", "name": "Dom-Pedro-Apotheke", "level": null, "healthcare": "pharmacy", "email": null, "dispensing": null, "amenity": "pharmacy", "addr:street": "Dom-Pedro-Straße", "addr:postcode": "80637", "addr:housenumber": "20", "addr:country": "DE", "addr:city": "München" }, "geometry": { "type": "Point", "coordinates": [ 11.5433611, 48.1597998 ] } },
{ "type": "Feature", "properties": { "full_id": "n1138011589", "osm_id": "1138011589", "osm_type": "node", "wikipedia": null, "opening_hours:visitors": null, "name:en": null, "payment:coins": null, "full_name": null, "contact:twitter": null, "start_date": null, "old_name": null, "payment:lightning_contactless": null, "payment:lightning": null, "currency:XBT": null, "payment:v_pay": null, "layer": null, "addr:unit": null, "emergency": null, "payment:girocard_contactless": null, "payment:unionpay": null, "payment:paypal": null, "payment:maestro": null, "payment:jcb": null, "payment:ec": null, "payment:american_express": null, "payment:alipay": null, "wikidata": null, "operator:type": null, "official_name": null, "healthcare:speciality": null, "beds": null, "description": null, "wheelchair:description": null, "shop": null, "brand:wikipedia": null, "brand:wikidata": null, "brand": null, "branch": null, "addr:suburb": null, "payment:visa": null, "payment:mastercard": null, "payment:ec_cards": null, "wheelchair:description:de": null, "addr:housename": null, "toilets": null, "payment:qr_code": null, "payment:cards": null, "opening_hours:signed": null, "payment:girocard": null, "internet_access": null, "medical_system:western": null, "health_facility:type": null, "toilets:wheelchair": null, "contact:instagram": null, "contact:facebook": null, "payment:debit_cards": null, "payment:credit_cards": null, "addr:floor": null, "drive_through": null, "payment:cash": null, "contact:email": null, "contact:website": null, "owner": null, "contact:phone": null, "contact:fax": null, "name:de": null, "check_date": null, "fax": null, "wheelchair": "yes", "check_date:opening_hours": null, "website": null, "phone": "+49 89 1572016", "operator": null, "opening_hours": "Sa 09:00-12:30; Mo-Fr 08:30-18:30", "name": "Helios-Apotheke", "level": null, "healthcare": "pharmacy", "email": null, "dispensing": null, "amenity": "pharmacy", "addr:street": "Helene-Weber-Allee", "addr:postcode": "80637", "addr:housenumber": "19", "addr:country": "DE", "addr:city": "München" }, "geometry": { "type": "Point", "coordinates": [ 11.5433843, 48.1629991 ] } },
{ "type": "Feature", "properties": { "full_id": "n719808995", "osm_id": "719808995", "osm_type": "node", "wikipedia": null, "opening_hours:visitors": null, "name:en": null, "payment:coins": null, "full_name": null, "contact:twitter": null, "start_date": null, "old_name": null, "payment:lightning_contactless": null, "payment:lightning": null, "currency:XBT": null, "payment:v_pay": null, "layer": null, "addr:unit": null, "emergency": null, "payment:girocard_contactless": null, "payment:unionpay": null, "payment:paypal": null, "payment:maestro": null, "payment:jcb": null, "payment:ec": null, "payment:american_express": null, "payment:alipay": null, "wikidata": null, "operator:type": null, "official_name": null, "healthcare:speciality": null, "beds": null, "description": null, "wheelchair:description": null, "shop": null, "brand:wikipedia": null, "brand:wikidata": null, "brand": null, "branch": null, "addr:suburb": null, "payment:visa": null, "payment:mastercard": null, "payment:ec_cards": null, "wheelchair:description:de": null, "addr:housename": null, "toilets": null, "payment:qr_code": null, "payment:cards": null, "opening_hours:signed": null, "payment:girocard": null, "internet_access": null, "medical_system:western": null, "health_facility:type": null, "toilets:wheelchair": null, "contact:instagram": null, "contact:facebook": null, "payment:debit_cards": null, "payment:credit_cards": null, "addr:floor": null, "drive_through": "no", "payment:cash": null, "contact:email": "info@einhorn-apotheke-muenchen.de", "contact:website": "https://www.einhorn-apotheke-muenchen.de", "owner": null, "contact:phone": "+49 89 153 237", "contact:fax": null, "name:de": null, "check_date": null, "fax": null, "wheelchair": "limited", "check_date:opening_hours": null, "website": null, "phone": null, "operator": null, "opening_hours": "Mo-Fr 08:30-13:00,14:00-18:30", "name": "Einhorn-Apotheke", "level": null, "healthcare": "pharmacy", "email": null, "dispensing": "yes", "amenity": "pharmacy", "addr:street": "Franz-Marc-Straße", "addr:postcode": "80637", "addr:housenumber": "6", "addr:country": "DE", "addr:city": "München" }, "geometry": { "type": "Point", "coordinates": [ 11.5344443, 48.1700893 ] } },
{ "type": "Feature", "properties": { "full_id": "n1567305611", "osm_id": "1567305611", "osm_type": "node", "wikipedia": null, "opening_hours:visitors": null, "name:en": null, "payment:coins": null, "full_name": null, "contact:twitter": null, "start_date": null, "old_name": null, "payment:lightning_contactless": null, "payment:lightning": null, "currency:XBT": null, "payment:v_pay": null, "layer": null, "addr:unit": null, "emergency": null, "payment:girocard_contactless": null, "payment:unionpay": null, "payment:paypal": null, "payment:maestro": null, "payment:jcb": null, "payment:ec": null, "payment:american_express": null, "payment:alipay": null, "wikidata": null, "operator:type": null, "official_name": null, "healthcare:speciality": null, "beds": null, "description": null, "wheelchair:description": null, "shop": null, "brand:wikipedia": null, "brand:wikidata": null, "brand": null, "branch": null, "addr:suburb": null, "payment:visa": null, "payment:mastercard": null, "payment:ec_cards": null, "wheelchair:description:de": null, "addr:housename": null, "toilets": null, "payment:qr_code": null, "payment:cards": null, "opening_hours:signed": null, "payment:girocard": null, "internet_access": null, "medical_system:western": null, "health_facility:type": null, "toilets:wheelchair": null, "contact:instagram": null, "contact:facebook": null, "payment:debit_cards": null, "payment:credit_cards": null, "addr:floor": "0", "drive_through": null, "payment:cash": null, "contact:email": null, "contact:website": null, "owner": null, "contact:phone": null, "contact:fax": null, "name:de": null, "check_date": "2026-03-22", "fax": "+49 89 234507", "wheelchair": "yes", "check_date:opening_hours": null, "website": "https://www.robertkochapo-muenchen.de/", "phone": "+49 89 522306", "operator": null, "opening_hours": "Mo-We,Fr 08:00-18:30; Th 08:00-19:00; Sa 08:00-13:30; PH off", "name": "Robert-Koch-Apotheke", "level": "0", "healthcare": "pharmacy", "email": "info@robertkochapo-muenchen.de", "dispensing": "yes", "amenity": "pharmacy", "addr:street": "Theresienstraße", "addr:postcode": "80333", "addr:housenumber": "126", "addr:country": "DE", "addr:city": "München" }, "geometry": { "type": "Point", "coordinates": [ 11.5640104, 48.1512949 ] } },
{ "type": "Feature", "properties": { "full_id": "n1567316557", "osm_id": "1567316557", "osm_type": "node", "wikipedia": null, "opening_hours:visitors": null, "name:en": null, "payment:coins": null, "full_name": null, "contact:twitter": null, "start_date": null, "old_name": null, "payment:lightning_contactless": null, "payment:lightning": null, "currency:XBT": null, "payment:v_pay": null, "layer": null, "addr:unit": null, "emergency": null, "payment:girocard_contactless": null, "payment:unionpay": null, "payment:paypal": null, "payment:maestro": null, "payment:jcb": null, "payment:ec": null, "payment:american_express": null, "payment:alipay": null, "wikidata": null, "operator:type": null, "official_name": null, "healthcare:speciality": null, "beds": null, "description": null, "wheelchair:description": null, "shop": null, "brand:wikipedia": null, "brand:wikidata": null, "brand": null, "branch": null, "addr:suburb": null, "payment:visa": null, "payment:mastercard": null, "payment:ec_cards": null, "wheelchair:description:de": null, "addr:housename": null, "toilets": null, "payment:qr_code": null, "payment:cards": null, "opening_hours:signed": null, "payment:girocard": null, "internet_access": null, "medical_system:western": null, "health_facility:type": null, "toilets:wheelchair": null, "contact:instagram": null, "contact:facebook": null, "payment:debit_cards": "yes", "payment:credit_cards": "yes", "addr:floor": null, "drive_through": "no", "payment:cash": "yes", "contact:email": null, "contact:website": null, "owner": null, "contact:phone": null, "contact:fax": null, "name:de": null, "check_date": "2026-02-26", "fax": null, "wheelchair": "no", "check_date:opening_hours": "2025-08-23", "website": null, "phone": null, "operator": null, "opening_hours": "Mo-Fr 08:00-18:30; Sa 08:30-12:30; Su,PH off", "name": "Augusten Apotheke", "level": null, "healthcare": "pharmacy", "email": null, "dispensing": "yes", "amenity": "pharmacy", "addr:street": "Augustenstraße", "addr:postcode": "80333", "addr:housenumber": "62", "addr:country": "DE", "addr:city": "München" }, "geometry": { "type": "Point", "coordinates": [ 11.5631402, 48.1491176 ] } },
{ "type": "Feature", "properties": { "full_id": "n5489630515", "osm_id": "5489630515", "osm_type": "node", "wikipedia": null, "opening_hours:visitors": null, "name:en": null, "payment:coins": null, "full_name": null, "contact:twitter": null, "start_date": null, "old_name": "Arive", "payment:lightning_contactless": null, "payment:lightning": null, "currency:XBT": null, "payment:v_pay": null, "layer": null, "addr:unit": null, "emergency": null, "payment:girocard_contactless": null, "payment:unionpay": null, "payment:paypal": null, "payment:maestro": null, "payment:jcb": null, "payment:ec": null, "payment:american_express": null, "payment:alipay": null, "wikidata": null, "operator:type": null, "official_name": null, "healthcare:speciality": null, "beds": null, "description": null, "wheelchair:description": null, "shop": null, "brand:wikipedia": null, "brand:wikidata": null, "brand": null, "branch": null, "addr:suburb": null, "payment:visa": null, "payment:mastercard": null, "payment:ec_cards": null, "wheelchair:description:de": null, "addr:housename": null, "toilets": null, "payment:qr_code": null, "payment:cards": null, "opening_hours:signed": null, "payment:girocard": null, "internet_access": null, "medical_system:western": null, "health_facility:type": null, "toilets:wheelchair": null, "contact:instagram": null, "contact:facebook": null, "payment:debit_cards": null, "payment:credit_cards": null, "addr:floor": null, "drive_through": null, "payment:cash": null, "contact:email": null, "contact:website": null, "owner": null, "contact:phone": null, "contact:fax": null, "name:de": null, "check_date": "2026-03-13", "fax": null, "wheelchair": "yes", "check_date:opening_hours": null, "website": null, "phone": "+49 89 2423 1240", "operator": null, "opening_hours": "Mo-Fr 09:00-18:00; Sa 09:00-14:00", "name": "Apotheke am Königsplatz", "level": null, "healthcare": "pharmacy", "email": null, "dispensing": null, "amenity": "pharmacy", "addr:street": "Brienner Straße", "addr:postcode": "80333", "addr:housenumber": "49", "addr:country": "DE", "addr:city": "München" }, "geometry": { "type": "Point", "coordinates": [ 11.5611718, 48.146781 ] } },
{ "type": "Feature", "properties": { "full_id": "n173668710", "osm_id": "173668710", "osm_type": "node", "wikipedia": null, "opening_hours:visitors": null, "name:en": null, "payment:coins": null, "full_name": null, "contact:twitter": null, "start_date": null, "old_name": null, "payment:lightning_contactless": null, "payment:lightning": null, "currency:XBT": null, "payment:v_pay": null, "layer": null, "addr:unit": null, "emergency": null, "payment:girocard_contactless": null, "payment:unionpay": null, "payment:paypal": null, "payment:maestro": null, "payment:jcb": null, "payment:ec": null, "payment:american_express": null, "payment:alipay": null, "wikidata": null, "operator:type": null, "official_name": null, "healthcare:speciality": null, "beds": null, "description": null, "wheelchair:description": null, "shop": null, "brand:wikipedia": null, "brand:wikidata": null, "brand": null, "branch": null, "addr:suburb": null, "payment:visa": null, "payment:mastercard": null, "payment:ec_cards": null, "wheelchair:description:de": null, "addr:housename": null, "toilets": null, "payment:qr_code": null, "payment:cards": null, "opening_hours:signed": null, "payment:girocard": null, "internet_access": null, "medical_system:western": null, "health_facility:type": null, "toilets:wheelchair": null, "contact:instagram": null, "contact:facebook": null, "payment:debit_cards": null, "payment:credit_cards": null, "addr:floor": null, "drive_through": null, "payment:cash": null, "contact:email": null, "contact:website": null, "owner": null, "contact:phone": null, "contact:fax": null, "name:de": null, "check_date": "2026-04-30", "fax": "+49 89 278 04 84", "wheelchair": null, "check_date:opening_hours": null, "website": null, "phone": "+49 89 271 44 65", "operator": null, "opening_hours": "Mo-Fr 09:00-19:00; Sa 09:00-13:00", "name": "Apotheke am Josephsplatz", "level": null, "healthcare": "pharmacy", "email": null, "dispensing": "yes", "amenity": "pharmacy", "addr:street": "Augustenstraße", "addr:postcode": "80798", "addr:housenumber": "116", "addr:country": "DE", "addr:city": "München" }, "geometry": { "type": "Point", "coordinates": [ 11.5668069, 48.1548502 ] } },
{ "type": "Feature", "properties": { "full_id": "n366121033", "osm_id": "366121033", "osm_type": "node", "wikipedia": null, "opening_hours:visitors": null, "name:en": null, "payment:coins": null, "full_name": null, "contact:twitter": null, "start_date": null, "old_name": null, "payment:lightning_contactless": null, "payment:lightning": null, "currency:XBT": null, "payment:v_pay": null, "layer": null, "addr:unit": null, "emergency": null, "payment:girocard_contactless": null, "payment:unionpay": null, "payment:paypal": null, "payment:maestro": null, "payment:jcb": null, "payment:ec": null, "payment:american_express": null, "payment:alipay": null, "wikidata": null, "operator:type": null, "official_name": null, "healthcare:speciality": null, "beds": null, "description": null, "wheelchair:description": null, "shop": null, "brand:wikipedia": null, "brand:wikidata": null, "brand": null, "branch": null, "addr:suburb": null, "payment:visa": null, "payment:mastercard": null, "payment:ec_cards": null, "wheelchair:description:de": null, "addr:housename": null, "toilets": null, "payment:qr_code": null, "payment:cards": null, "opening_hours:signed": "no", "payment:girocard": null, "internet_access": null, "medical_system:western": null, "health_facility:type": null, "toilets:wheelchair": null, "contact:instagram": null, "contact:facebook": null, "payment:debit_cards": null, "payment:credit_cards": null, "addr:floor": "0", "drive_through": null, "payment:cash": null, "contact:email": null, "contact:website": null, "owner": null, "contact:phone": null, "contact:fax": null, "name:de": null, "check_date": "2026-06-09", "fax": null, "wheelchair": "limited", "check_date:opening_hours": "2025-10-22", "website": null, "phone": null, "operator": null, "opening_hours": "Mo-Fr 08:00-19:00; Sa 08:45-14:00", "name": "Barbara Apotheke", "level": "0", "healthcare": "pharmacy", "email": "info@barbara-apotheke-muenchen.de", "dispensing": "yes", "amenity": "pharmacy", "addr:street": "Keuslinstraße", "addr:postcode": "80798", "addr:housenumber": "17", "addr:country": "DE", "addr:city": "München" }, "geometry": { "type": "Point", "coordinates": [ 11.5625989, 48.1577199 ] } },
{ "type": "Feature", "properties": { "full_id": "n1372082007", "osm_id": "1372082007", "osm_type": "node", "wikipedia": null, "opening_hours:visitors": null, "name:en": null, "payment:coins": null, "full_name": null, "contact:twitter": null, "start_date": null, "old_name": null, "payment:lightning_contactless": null, "payment:lightning": null, "currency:XBT": null, "payment:v_pay": null, "layer": null, "addr:unit": null, "emergency": null, "payment:girocard_contactless": null, "payment:unionpay": null, "payment:paypal": null, "payment:maestro": null, "payment:jcb": null, "payment:ec": null, "payment:american_express": null, "payment:alipay": null, "wikidata": null, "operator:type": null, "official_name": null, "healthcare:speciality": null, "beds": null, "description": null, "wheelchair:description": null, "shop": null, "brand:wikipedia": null, "brand:wikidata": null, "brand": null, "branch": null, "addr:suburb": null, "payment:visa": null, "payment:mastercard": null, "payment:ec_cards": null, "wheelchair:description:de": null, "addr:housename": null, "toilets": null, "payment:qr_code": null, "payment:cards": null, "opening_hours:signed": null, "payment:girocard": null, "internet_access": null, "medical_system:western": null, "health_facility:type": null, "toilets:wheelchair": null, "contact:instagram": null, "contact:facebook": null, "payment:debit_cards": null, "payment:credit_cards": null, "addr:floor": null, "drive_through": null, "payment:cash": null, "contact:email": null, "contact:website": null, "owner": null, "contact:phone": null, "contact:fax": null, "name:de": null, "check_date": "2026-03-20", "fax": null, "wheelchair": "yes", "check_date:opening_hours": null, "website": null, "phone": null, "operator": null, "opening_hours": "Mo-Fr 08:15-18:30; Sa 09:00-13:00", "name": "Hiltensperger-Apotheke", "level": "0", "healthcare": "pharmacy", "email": null, "dispensing": "yes", "amenity": "pharmacy", "addr:street": "Josephsplatz", "addr:postcode": "80798", "addr:housenumber": "4", "addr:country": "DE", "addr:city": "München" }, "geometry": { "type": "Point", "coordinates": [ 11.5658741, 48.1555325 ] } },
{ "type": "Feature", "properties": { "full_id": "n6389119853", "osm_id": "6389119853", "osm_type": "node", "wikipedia": null, "opening_hours:visitors": null, "name:en": null, "payment:coins": null, "full_name": null, "contact:twitter": null, "start_date": null, "old_name": null, "payment:lightning_contactless": null, "payment:lightning": null, "currency:XBT": null, "payment:v_pay": null, "layer": null, "addr:unit": null, "emergency": null, "payment:girocard_contactless": null, "payment:unionpay": null, "payment:paypal": null, "payment:maestro": null, "payment:jcb": null, "payment:ec": null, "payment:american_express": null, "payment:alipay": null, "wikidata": null, "operator:type": null, "official_name": null, "healthcare:speciality": null, "beds": null, "description": null, "wheelchair:description": null, "shop": null, "brand:wikipedia": null, "brand:wikidata": null, "brand": null, "branch": null, "addr:suburb": null, "payment:visa": null, "payment:mastercard": null, "payment:ec_cards": null, "wheelchair:description:de": null, "addr:housename": null, "toilets": null, "payment:qr_code": null, "payment:cards": null, "opening_hours:signed": null, "payment:girocard": null, "internet_access": null, "medical_system:western": null, "health_facility:type": null, "toilets:wheelchair": null, "contact:instagram": null, "contact:facebook": null, "payment:debit_cards": null, "payment:credit_cards": null, "addr:floor": null, "drive_through": null, "payment:cash": null, "contact:email": null, "contact:website": null, "owner": null, "contact:phone": null, "contact:fax": null, "name:de": null, "check_date": "2026-04-30", "fax": null, "wheelchair": null, "check_date:opening_hours": null, "website": null, "phone": null, "operator": null, "opening_hours": "Mo-Fr 09:00-19:00; Sa 09:00-13:00", "name": "Vitalcenter", "level": null, "healthcare": "pharmacy", "email": null, "dispensing": null, "amenity": "pharmacy", "addr:street": null, "addr:postcode": null, "addr:housenumber": null, "addr:country": null, "addr:city": null }, "geometry": { "type": "Point", "coordinates": [ 11.5668424, 48.1549323 ] } },
{ "type": "Feature", "properties": { "full_id": "n390082527", "osm_id": "390082527", "osm_type": "node", "wikipedia": null, "opening_hours:visitors": null, "name:en": null, "payment:coins": null, "full_name": null, "contact:twitter": null, "start_date": null, "old_name": null, "payment:lightning_contactless": null, "payment:lightning": null, "currency:XBT": null, "payment:v_pay": null, "layer": null, "addr:unit": null, "emergency": null, "payment:girocard_contactless": null, "payment:unionpay": null, "payment:paypal": null, "payment:maestro": null, "payment:jcb": null, "payment:ec": null, "payment:american_express": null, "payment:alipay": null, "wikidata": null, "operator:type": null, "official_name": null, "healthcare:speciality": null, "beds": null, "description": null, "wheelchair:description": null, "shop": null, "brand:wikipedia": null, "brand:wikidata": null, "brand": null, "branch": null, "addr:suburb": null, "payment:visa": null, "payment:mastercard": null, "payment:ec_cards": null, "wheelchair:description:de": null, "addr:housename": null, "toilets": null, "payment:qr_code": null, "payment:cards": null, "opening_hours:signed": null, "payment:girocard": null, "internet_access": null, "medical_system:western": null, "health_facility:type": null, "toilets:wheelchair": null, "contact:instagram": null, "contact:facebook": null, "payment:debit_cards": null, "payment:credit_cards": null, "addr:floor": null, "drive_through": null, "payment:cash": null, "contact:email": "info@barer-apotheke.de", "contact:website": "https://www.barer-apotheke.de/", "owner": null, "contact:phone": "+49 89 273 213-0", "contact:fax": "+49 89 273 213-17", "name:de": null, "check_date": null, "fax": null, "wheelchair": "yes", "check_date:opening_hours": null, "website": null, "phone": null, "operator": null, "opening_hours": "Mo-Fr 08:30-19:00; Sa 09:00-18:00; Su,PH off", "name": "Barer Apotheke", "level": null, "healthcare": "pharmacy", "email": null, "dispensing": null, "amenity": "pharmacy", "addr:street": "Blütenstraße", "addr:postcode": "80799", "addr:housenumber": "20", "addr:country": "DE", "addr:city": "München" }, "geometry": { "type": "Point", "coordinates": [ 11.5742261, 48.1522687 ] } },
{ "type": "Feature", "properties": { "full_id": "n390269441", "osm_id": "390269441", "osm_type": "node", "wikipedia": null, "opening_hours:visitors": null, "name:en": null, "payment:coins": null, "full_name": null, "contact:twitter": "dr_landshamer", "start_date": null, "old_name": null, "payment:lightning_contactless": null, "payment:lightning": null, "currency:XBT": null, "payment:v_pay": null, "layer": null, "addr:unit": null, "emergency": null, "payment:girocard_contactless": null, "payment:unionpay": null, "payment:paypal": null, "payment:maestro": null, "payment:jcb": null, "payment:ec": null, "payment:american_express": null, "payment:alipay": null, "wikidata": null, "operator:type": null, "official_name": null, "healthcare:speciality": null, "beds": null, "description": "Automat for night", "wheelchair:description": "Schwelle > 10cm", "shop": null, "brand:wikipedia": null, "brand:wikidata": null, "brand": null, "branch": null, "addr:suburb": null, "payment:visa": null, "payment:mastercard": null, "payment:ec_cards": null, "wheelchair:description:de": null, "addr:housename": null, "toilets": null, "payment:qr_code": null, "payment:cards": null, "opening_hours:signed": null, "payment:girocard": null, "internet_access": null, "medical_system:western": null, "health_facility:type": null, "toilets:wheelchair": null, "contact:instagram": null, "contact:facebook": "ApothekeMaxvorstadt", "payment:debit_cards": null, "payment:credit_cards": null, "addr:floor": null, "drive_through": null, "payment:cash": null, "contact:email": "info@apothekemaxvorstadt.de", "contact:website": "https://apothekemaxvorstadt.de", "owner": null, "contact:phone": "+49 89 284259", "contact:fax": "+49 89 2805232", "name:de": null, "check_date": null, "fax": null, "wheelchair": "no", "check_date:opening_hours": "2026-01-17", "website": null, "phone": null, "operator": "Hagn / Dr. Landshamer OHG", "opening_hours": "Mo-Fr 08:30-19:00; Sa 09:00-15:00", "name": "Apotheke Maxvorstadt", "level": null, "healthcare": "pharmacy", "email": null, "dispensing": null, "amenity": "pharmacy", "addr:street": "Türkenstraße", "addr:postcode": "80799", "addr:housenumber": "42", "addr:country": "DE", "addr:city": "München" }, "geometry": { "type": "Point", "coordinates": [ 11.5750991, 48.1487065 ] } },
{ "type": "Feature", "properties": { "full_id": "n308055996", "osm_id": "308055996", "osm_type": "node", "wikipedia": null, "opening_hours:visitors": null, "name:en": null, "payment:coins": null, "full_name": null, "contact:twitter": null, "start_date": null, "old_name": null, "payment:lightning_contactless": null, "payment:lightning": null, "currency:XBT": null, "payment:v_pay": null, "layer": null, "addr:unit": null, "emergency": null, "payment:girocard_contactless": null, "payment:unionpay": null, "payment:paypal": null, "payment:maestro": null, "payment:jcb": null, "payment:ec": null, "payment:american_express": null, "payment:alipay": null, "wikidata": null, "operator:type": null, "official_name": null, "healthcare:speciality": null, "beds": null, "description": null, "wheelchair:description": null, "shop": null, "brand:wikipedia": null, "brand:wikidata": null, "brand": null, "branch": null, "addr:suburb": null, "payment:visa": null, "payment:mastercard": null, "payment:ec_cards": null, "wheelchair:description:de": null, "addr:housename": null, "toilets": null, "payment:qr_code": null, "payment:cards": null, "opening_hours:signed": null, "payment:girocard": null, "internet_access": null, "medical_system:western": null, "health_facility:type": null, "toilets:wheelchair": null, "contact:instagram": null, "contact:facebook": null, "payment:debit_cards": null, "payment:credit_cards": null, "addr:floor": null, "drive_through": null, "payment:cash": null, "contact:email": null, "contact:website": null, "owner": null, "contact:phone": null, "contact:fax": null, "name:de": null, "check_date": "2026-04-27", "fax": null, "wheelchair": "no", "check_date:opening_hours": "2026-02-03", "website": "https://www.kurfuerstenapotheke.de/", "phone": null, "operator": null, "opening_hours": "Mo-Fr 08:00-19:00; Sa 08:30-16:00", "name": "Kurfürsten Apotheke", "level": null, "healthcare": "pharmacy", "email": "info@kurfuerstenapotheke.de", "dispensing": "no", "amenity": "pharmacy", "addr:street": "Franz-Joseph-Straße", "addr:postcode": "80801", "addr:housenumber": "48", "addr:country": "DE", "addr:city": "München" }, "geometry": { "type": "Point", "coordinates": [ 11.5751303, 48.1577772 ] } },
{ "type": "Feature", "properties": { "full_id": "n363409839", "osm_id": "363409839", "osm_type": "node", "wikipedia": null, "opening_hours:visitors": null, "name:en": null, "payment:coins": null, "full_name": null, "contact:twitter": null, "start_date": null, "old_name": null, "payment:lightning_contactless": null, "payment:lightning": null, "currency:XBT": null, "payment:v_pay": null, "layer": null, "addr:unit": null, "emergency": null, "payment:girocard_contactless": null, "payment:unionpay": null, "payment:paypal": null, "payment:maestro": null, "payment:jcb": null, "payment:ec": null, "payment:american_express": null, "payment:alipay": null, "wikidata": null, "operator:type": null, "official_name": null, "healthcare:speciality": null, "beds": null, "description": null, "wheelchair:description": "hohe Stufe", "shop": null, "brand:wikipedia": null, "brand:wikidata": null, "brand": null, "branch": null, "addr:suburb": null, "payment:visa": null, "payment:mastercard": null, "payment:ec_cards": null, "wheelchair:description:de": null, "addr:housename": null, "toilets": null, "payment:qr_code": null, "payment:cards": null, "opening_hours:signed": null, "payment:girocard": null, "internet_access": null, "medical_system:western": null, "health_facility:type": null, "toilets:wheelchair": null, "contact:instagram": null, "contact:facebook": null, "payment:debit_cards": null, "payment:credit_cards": null, "addr:floor": null, "drive_through": null, "payment:cash": null, "contact:email": "neureuther-apo@web.de", "contact:website": "https://www.neureuther-apotheke.de", "owner": null, "contact:phone": "+49 89 271 03 66", "contact:fax": null, "name:de": null, "check_date": "2026-04-27", "fax": null, "wheelchair": "no", "check_date:opening_hours": null, "website": null, "phone": null, "operator": "Miriam Großmann", "opening_hours": "Mo-Fr 08:30-18:30; Sa,Su,PH off", "name": "Neureuther-Apotheke", "level": null, "healthcare": "pharmacy", "email": null, "dispensing": null, "amenity": "pharmacy", "addr:street": "Barer Straße", "addr:postcode": "80799", "addr:housenumber": "90", "addr:country": "DE", "addr:city": "München" }, "geometry": { "type": "Point", "coordinates": [ 11.5752545, 48.1538748 ] } },
{ "type": "Feature", "properties": { "full_id": "n12684092956", "osm_id": "12684092956", "osm_type": "node", "wikipedia": null, "opening_hours:visitors": null, "name:en": null, "payment:coins": null, "full_name": "Filialapotheke der Apothekerei Dr. Grintz e.K.", "contact:twitter": null, "start_date": "2025-03-18", "old_name": null, "payment:lightning_contactless": null, "payment:lightning": null, "currency:XBT": null, "payment:v_pay": null, "layer": null, "addr:unit": null, "emergency": null, "payment:girocard_contactless": null, "payment:unionpay": null, "payment:paypal": null, "payment:maestro": null, "payment:jcb": null, "payment:ec": null, "payment:american_express": null, "payment:alipay": null, "wikidata": null, "operator:type": null, "official_name": null, "healthcare:speciality": null, "beds": null, "description": null, "wheelchair:description": null, "shop": null, "brand:wikipedia": null, "brand:wikidata": null, "brand": null, "branch": null, "addr:suburb": null, "payment:visa": null, "payment:mastercard": null, "payment:ec_cards": null, "wheelchair:description:de": null, "addr:housename": null, "toilets": null, "payment:qr_code": null, "payment:cards": null, "opening_hours:signed": null, "payment:girocard": null, "internet_access": null, "medical_system:western": null, "health_facility:type": null, "toilets:wheelchair": null, "contact:instagram": null, "contact:facebook": null, "payment:debit_cards": null, "payment:credit_cards": null, "addr:floor": null, "drive_through": null, "payment:cash": null, "contact:email": "schwabing@apothekerei.de", "contact:website": "https://www.apothekerei.de/schwabing", "owner": null, "contact:phone": "+49 89 30658710", "contact:fax": "+49 89 62824325", "name:de": null, "check_date": "2026-04-27", "fax": null, "wheelchair": null, "check_date:opening_hours": null, "website": null, "phone": null, "operator": null, "opening_hours": "Mo-Fr 09:00-13:00,14:00-18:00; Sa,Su,PH off", "name": "Apothekerei", "level": null, "healthcare": null, "email": null, "dispensing": null, "amenity": "pharmacy", "addr:street": "Nordendstraße", "addr:postcode": "80801", "addr:housenumber": "22", "addr:country": "DE", "addr:city": "München" }, "geometry": { "type": "Point", "coordinates": [ 11.5745727, 48.1566 ] } },
{ "type": "Feature", "properties": { "full_id": "n1378668996", "osm_id": "1378668996", "osm_type": "node", "wikipedia": null, "opening_hours:visitors": null, "name:en": null, "payment:coins": null, "full_name": null, "contact:twitter": null, "start_date": null, "old_name": null, "payment:lightning_contactless": null, "payment:lightning": null, "currency:XBT": null, "payment:v_pay": null, "layer": null, "addr:unit": null, "emergency": null, "payment:girocard_contactless": null, "payment:unionpay": null, "payment:paypal": null, "payment:maestro": null, "payment:jcb": null, "payment:ec": null, "payment:american_express": null, "payment:alipay": null, "wikidata": null, "operator:type": null, "official_name": null, "healthcare:speciality": null, "beds": null, "description": null, "wheelchair:description": "Stufe", "shop": null, "brand:wikipedia": null, "brand:wikidata": null, "brand": null, "branch": null, "addr:suburb": null, "payment:visa": null, "payment:mastercard": null, "payment:ec_cards": null, "wheelchair:description:de": null, "addr:housename": null, "toilets": null, "payment:qr_code": null, "payment:cards": null, "opening_hours:signed": null, "payment:girocard": null, "internet_access": null, "medical_system:western": null, "health_facility:type": null, "toilets:wheelchair": null, "contact:instagram": null, "contact:facebook": null, "payment:debit_cards": null, "payment:credit_cards": null, "addr:floor": null, "drive_through": null, "payment:cash": null, "contact:email": null, "contact:website": "https://apothekeamenglischengarten.de/", "owner": null, "contact:phone": "+49 89 396740", "contact:fax": null, "name:de": null, "check_date": "2025-07-31", "fax": null, "wheelchair": "no", "check_date:opening_hours": null, "website": null, "phone": null, "operator": "Dr. Katalin Tisa Bostedt", "opening_hours": "Mo-Fr 08:30-18:30; Sa 09:00-12:30", "name": "Apotheke am Englischen Garten", "level": null, "healthcare": "pharmacy", "email": null, "dispensing": null, "amenity": "pharmacy", "addr:street": "Ohmstraße", "addr:postcode": "80802", "addr:housenumber": "6", "addr:country": "DE", "addr:city": "München" }, "geometry": { "type": "Point", "coordinates": [ 11.5841915, 48.1539949 ] } },
{ "type": "Feature", "properties": { "full_id": "n366122293", "osm_id": "366122293", "osm_type": "node", "wikipedia": null, "opening_hours:visitors": null, "name:en": null, "payment:coins": null, "full_name": null, "contact:twitter": null, "start_date": null, "old_name": null, "payment:lightning_contactless": null, "payment:lightning": null, "currency:XBT": null, "payment:v_pay": null, "layer": null, "addr:unit": null, "emergency": null, "payment:girocard_contactless": null, "payment:unionpay": null, "payment:paypal": null, "payment:maestro": null, "payment:jcb": null, "payment:ec": null, "payment:american_express": null, "payment:alipay": null, "wikidata": null, "operator:type": null, "official_name": null, "healthcare:speciality": null, "beds": null, "description": null, "wheelchair:description": null, "shop": null, "brand:wikipedia": null, "brand:wikidata": null, "brand": null, "branch": null, "addr:suburb": null, "payment:visa": null, "payment:mastercard": null, "payment:ec_cards": null, "wheelchair:description:de": null, "addr:housename": null, "toilets": null, "payment:qr_code": null, "payment:cards": null, "opening_hours:signed": null, "payment:girocard": null, "internet_access": null, "medical_system:western": null, "health_facility:type": null, "toilets:wheelchair": null, "contact:instagram": null, "contact:facebook": null, "payment:debit_cards": null, "payment:credit_cards": null, "addr:floor": null, "drive_through": null, "payment:cash": null, "contact:email": null, "contact:website": null, "owner": null, "contact:phone": null, "contact:fax": null, "name:de": null, "check_date": "2026-04-24", "fax": null, "wheelchair": "yes", "check_date:opening_hours": null, "website": "https://www.karlstadtapotheke-app.de/", "phone": "+49 89 1292800", "operator": null, "opening_hours": "Mo-Fr 08:00-19:30; Sa 09:00-16:00", "name": "Karlstadt Apotheke", "level": null, "healthcare": "pharmacy", "email": "info@karlstadtapotheke.de", "dispensing": "yes", "amenity": "pharmacy", "addr:street": "Elisabethstraße", "addr:postcode": "80796", "addr:housenumber": "57", "addr:country": "DE", "addr:city": "München" }, "geometry": { "type": "Point", "coordinates": [ 11.563269, 48.1596195 ] } },
{ "type": "Feature", "properties": { "full_id": "n427540547", "osm_id": "427540547", "osm_type": "node", "wikipedia": null, "opening_hours:visitors": null, "name:en": null, "payment:coins": null, "full_name": null, "contact:twitter": null, "start_date": null, "old_name": null, "payment:lightning_contactless": null, "payment:lightning": null, "currency:XBT": null, "payment:v_pay": null, "layer": null, "addr:unit": null, "emergency": null, "payment:girocard_contactless": null, "payment:unionpay": null, "payment:paypal": null, "payment:maestro": null, "payment:jcb": null, "payment:ec": null, "payment:american_express": null, "payment:alipay": null, "wikidata": null, "operator:type": null, "official_name": null, "healthcare:speciality": null, "beds": null, "description": null, "wheelchair:description": null, "shop": null, "brand:wikipedia": null, "brand:wikidata": null, "brand": null, "branch": null, "addr:suburb": null, "payment:visa": null, "payment:mastercard": null, "payment:ec_cards": null, "wheelchair:description:de": null, "addr:housename": null, "toilets": null, "payment:qr_code": null, "payment:cards": null, "opening_hours:signed": null, "payment:girocard": null, "internet_access": null, "medical_system:western": null, "health_facility:type": null, "toilets:wheelchair": null, "contact:instagram": null, "contact:facebook": null, "payment:debit_cards": null, "payment:credit_cards": null, "addr:floor": null, "drive_through": null, "payment:cash": null, "contact:email": null, "contact:website": null, "owner": null, "contact:phone": null, "contact:fax": null, "name:de": null, "check_date": "2026-08-19", "fax": null, "wheelchair": "yes", "check_date:opening_hours": "2024-04-27", "website": "https://www.herzog-apotheke.de/", "phone": "+49 89 3006095", "operator": null, "opening_hours": "Mo-Fr 08:30-19:00; Sa 09:00-14:00", "name": "Herzog Apotheke", "level": null, "healthcare": "pharmacy", "email": null, "dispensing": "yes", "amenity": "pharmacy", "addr:street": "Schleißheimer Straße", "addr:postcode": "80797", "addr:housenumber": "131", "addr:country": null, "addr:city": null }, "geometry": { "type": "Point", "coordinates": [ 11.5638001, 48.1632772 ] } },
{ "type": "Feature", "properties": { "full_id": "n247675872", "osm_id": "247675872", "osm_type": "node", "wikipedia": null, "opening_hours:visitors": null, "name:en": null, "payment:coins": null, "full_name": null, "contact:twitter": null, "start_date": null, "old_name": null, "payment:lightning_contactless": null, "payment:lightning": null, "currency:XBT": null, "payment:v_pay": "yes", "layer": null, "addr:unit": null, "emergency": null, "payment:girocard_contactless": null, "payment:unionpay": null, "payment:paypal": null, "payment:maestro": "yes", "payment:jcb": null, "payment:ec": null, "payment:american_express": null, "payment:alipay": null, "wikidata": null, "operator:type": null, "official_name": null, "healthcare:speciality": null, "beds": null, "description": null, "wheelchair:description": null, "shop": null, "brand:wikipedia": null, "brand:wikidata": null, "brand": null, "branch": null, "addr:suburb": null, "payment:visa": "yes", "payment:mastercard": "yes", "payment:ec_cards": null, "wheelchair:description:de": null, "addr:housename": null, "toilets": null, "payment:qr_code": null, "payment:cards": null, "opening_hours:signed": null, "payment:girocard": null, "internet_access": null, "medical_system:western": null, "health_facility:type": null, "toilets:wheelchair": null, "contact:instagram": null, "contact:facebook": null, "payment:debit_cards": null, "payment:credit_cards": null, "addr:floor": null, "drive_through": null, "payment:cash": null, "contact:email": null, "contact:website": "https://www.spitzwegapotheke.com", "owner": null, "contact:phone": "+49 89 271 69 26", "contact:fax": "+49 89 271 42 30", "name:de": null, "check_date": "2026-08-17", "fax": null, "wheelchair": "limited", "check_date:opening_hours": "2025-08-23", "website": null, "phone": null, "operator": "Christiane Oberlies", "opening_hours": "Mo-Fr 08:30-18:30; Sa 08:30-13:00", "name": "Spitzweg Apotheke", "level": null, "healthcare": "pharmacy", "email": null, "dispensing": "yes", "amenity": "pharmacy", "addr:street": "Hohenzollernstraße", "addr:postcode": "80796", "addr:housenumber": "93", "addr:country": "DE", "addr:city": "München" }, "geometry": { "type": "Point", "coordinates": [ 11.5689171, 48.161091 ] } },
{ "type": "Feature", "properties": { "full_id": "n247675874", "osm_id": "247675874", "osm_type": "node", "wikipedia": null, "opening_hours:visitors": null, "name:en": null, "payment:coins": null, "full_name": null, "contact:twitter": null, "start_date": null, "old_name": null, "payment:lightning_contactless": null, "payment:lightning": null, "currency:XBT": null, "payment:v_pay": "yes", "layer": null, "addr:unit": null, "emergency": null, "payment:girocard_contactless": null, "payment:unionpay": null, "payment:paypal": null, "payment:maestro": "yes", "payment:jcb": null, "payment:ec": null, "payment:american_express": null, "payment:alipay": null, "wikidata": null, "operator:type": null, "official_name": null, "healthcare:speciality": null, "beds": null, "description": null, "wheelchair:description": null, "shop": null, "brand:wikipedia": null, "brand:wikidata": null, "brand": null, "branch": null, "addr:suburb": null, "payment:visa": "yes", "payment:mastercard": "yes", "payment:ec_cards": null, "wheelchair:description:de": null, "addr:housename": null, "toilets": null, "payment:qr_code": null, "payment:cards": null, "opening_hours:signed": null, "payment:girocard": "yes", "internet_access": null, "medical_system:western": null, "health_facility:type": null, "toilets:wheelchair": null, "contact:instagram": null, "contact:facebook": null, "payment:debit_cards": "yes", "payment:credit_cards": null, "addr:floor": null, "drive_through": null, "payment:cash": null, "contact:email": null, "contact:website": "https://www.kilianapotheke-muenchen.de/", "owner": null, "contact:phone": "+49 89 305728", "contact:fax": null, "name:de": null, "check_date": "2026-07-08", "fax": null, "wheelchair": "limited", "check_date:opening_hours": null, "website": null, "phone": null, "operator": "Martina Reischla", "opening_hours": "Mo-Fr 09:00-19:00; Sa 09:00-13:00", "name": "Kilian Apotheke", "level": null, "healthcare": "pharmacy", "email": null, "dispensing": null, "amenity": "pharmacy", "addr:street": "Hohenzollernplatz", "addr:postcode": "80796", "addr:housenumber": "1", "addr:country": "DE", "addr:city": "München" }, "geometry": { "type": "Point", "coordinates": [ 11.5678436, 48.1615311 ] } },
{ "type": "Feature", "properties": { "full_id": "n417637009", "osm_id": "417637009", "osm_type": "node", "wikipedia": null, "opening_hours:visitors": null, "name:en": null, "payment:coins": null, "full_name": null, "contact:twitter": null, "start_date": null, "old_name": null, "payment:lightning_contactless": null, "payment:lightning": null, "currency:XBT": null, "payment:v_pay": null, "layer": null, "addr:unit": null, "emergency": null, "payment:girocard_contactless": null, "payment:unionpay": null, "payment:paypal": null, "payment:maestro": null, "payment:jcb": null, "payment:ec": null, "payment:american_express": null, "payment:alipay": null, "wikidata": null, "operator:type": null, "official_name": null, "healthcare:speciality": null, "beds": null, "description": null, "wheelchair:description": null, "shop": null, "brand:wikipedia": null, "brand:wikidata": null, "brand": null, "branch": null, "addr:suburb": null, "payment:visa": null, "payment:mastercard": null, "payment:ec_cards": null, "wheelchair:description:de": null, "addr:housename": null, "toilets": null, "payment:qr_code": null, "payment:cards": null, "opening_hours:signed": null, "payment:girocard": null, "internet_access": null, "medical_system:western": null, "health_facility:type": null, "toilets:wheelchair": null, "contact:instagram": null, "contact:facebook": null, "payment:debit_cards": null, "payment:credit_cards": null, "addr:floor": null, "drive_through": null, "payment:cash": null, "contact:email": null, "contact:website": "https://straphael-apotheke.de", "owner": null, "contact:phone": "+49 89 271 1150", "contact:fax": "+49 89 272 58 16", "name:de": null, "check_date": "2026-08-17", "fax": null, "wheelchair": "yes", "check_date:opening_hours": null, "website": null, "phone": null, "operator": null, "opening_hours": "Mo-Fr 08:30-19:00; Sa 08:30-13:30", "name": "St. Raphael-Apotheke", "level": null, "healthcare": "pharmacy", "email": null, "dispensing": "yes", "amenity": "pharmacy", "addr:street": "Fallmerayerstraße", "addr:postcode": "80796", "addr:housenumber": "1", "addr:country": "DE", "addr:city": "München" }, "geometry": { "type": "Point", "coordinates": [ 11.572988, 48.1606449 ] } },
{ "type": "Feature", "properties": { "full_id": "n427540542", "osm_id": "427540542", "osm_type": "node", "wikipedia": null, "opening_hours:visitors": null, "name:en": null, "payment:coins": null, "full_name": null, "contact:twitter": null, "start_date": null, "old_name": null, "payment:lightning_contactless": null, "payment:lightning": null, "currency:XBT": null, "payment:v_pay": null, "layer": null, "addr:unit": null, "emergency": null, "payment:girocard_contactless": null, "payment:unionpay": null, "payment:paypal": null, "payment:maestro": null, "payment:jcb": null, "payment:ec": null, "payment:american_express": null, "payment:alipay": null, "wikidata": null, "operator:type": null, "official_name": null, "healthcare:speciality": null, "beds": null, "description": null, "wheelchair:description": null, "shop": null, "brand:wikipedia": null, "brand:wikidata": null, "brand": null, "branch": null, "addr:suburb": null, "payment:visa": null, "payment:mastercard": null, "payment:ec_cards": null, "wheelchair:description:de": null, "addr:housename": null, "toilets": null, "payment:qr_code": null, "payment:cards": null, "opening_hours:signed": null, "payment:girocard": null, "internet_access": null, "medical_system:western": null, "health_facility:type": null, "toilets:wheelchair": null, "contact:instagram": null, "contact:facebook": null, "payment:debit_cards": null, "payment:credit_cards": null, "addr:floor": null, "drive_through": null, "payment:cash": null, "contact:email": null, "contact:website": null, "owner": null, "contact:phone": null, "contact:fax": null, "name:de": null, "check_date": "2026-07-08", "fax": null, "wheelchair": "limited", "check_date:opening_hours": "2025-10-25", "website": null, "phone": null, "operator": null, "opening_hours": "Mo-Fr 08:30-18:30; Sa 08:00-12:30", "name": "St. Sebastian-Apotheke", "level": null, "healthcare": "pharmacy", "email": null, "dispensing": "yes", "amenity": "pharmacy", "addr:street": null, "addr:postcode": null, "addr:housenumber": null, "addr:country": null, "addr:city": null }, "geometry": { "type": "Point", "coordinates": [ 11.5645015, 48.166508 ] } },
{ "type": "Feature", "properties": { "full_id": "n427540591", "osm_id": "427540591", "osm_type": "node", "wikipedia": null, "opening_hours:visitors": null, "name:en": null, "payment:coins": null, "full_name": null, "contact:twitter": null, "start_date": null, "old_name": null, "payment:lightning_contactless": null, "payment:lightning": null, "currency:XBT": null, "payment:v_pay": null, "layer": null, "addr:unit": null, "emergency": null, "payment:girocard_contactless": null, "payment:unionpay": null, "payment:paypal": null, "payment:maestro": null, "payment:jcb": null, "payment:ec": null, "payment:american_express": null, "payment:alipay": null, "wikidata": null, "operator:type": null, "official_name": null, "healthcare:speciality": null, "beds": null, "description": null, "wheelchair:description": null, "shop": null, "brand:wikipedia": null, "brand:wikidata": null, "brand": null, "branch": null, "addr:suburb": null, "payment:visa": null, "payment:mastercard": null, "payment:ec_cards": null, "wheelchair:description:de": null, "addr:housename": null, "toilets": null, "payment:qr_code": null, "payment:cards": null, "opening_hours:signed": null, "payment:girocard": null, "internet_access": null, "medical_system:western": null, "health_facility:type": null, "toilets:wheelchair": null, "contact:instagram": null, "contact:facebook": null, "payment:debit_cards": null, "payment:credit_cards": null, "addr:floor": null, "drive_through": null, "payment:cash": null, "contact:email": null, "contact:website": "https://www.lerchen-apotheke-muenchen.de", "owner": null, "contact:phone": "+49 89 3086 731", "contact:fax": null, "name:de": null, "check_date": "2026-08-24", "fax": null, "wheelchair": "limited", "check_date:opening_hours": null, "website": null, "phone": null, "operator": null, "opening_hours": "Mo-Fr 08:30-18:30; Sa 08:30-13:00", "name": "Lerchenapotheke", "level": null, "healthcare": "pharmacy", "email": null, "dispensing": "yes", "amenity": "pharmacy", "addr:street": null, "addr:postcode": null, "addr:housenumber": null, "addr:country": null, "addr:city": null }, "geometry": { "type": "Point", "coordinates": [ 11.564161, 48.1708729 ] } },
{ "type": "Feature", "properties": { "full_id": "n417672156", "osm_id": "417672156", "osm_type": "node", "wikipedia": null, "opening_hours:visitors": null, "name:en": null, "payment:coins": null, "full_name": null, "contact:twitter": null, "start_date": null, "old_name": null, "payment:lightning_contactless": null, "payment:lightning": null, "currency:XBT": null, "payment:v_pay": null, "layer": null, "addr:unit": null, "emergency": null, "payment:girocard_contactless": null, "payment:unionpay": null, "payment:paypal": null, "payment:maestro": null, "payment:jcb": null, "payment:ec": null, "payment:american_express": null, "payment:alipay": null, "wikidata": null, "operator:type": null, "official_name": null, "healthcare:speciality": null, "beds": null, "description": null, "wheelchair:description": null, "shop": null, "brand:wikipedia": null, "brand:wikidata": null, "brand": null, "branch": null, "addr:suburb": null, "payment:visa": null, "payment:mastercard": null, "payment:ec_cards": null, "wheelchair:description:de": null, "addr:housename": null, "toilets": null, "payment:qr_code": null, "payment:cards": null, "opening_hours:signed": null, "payment:girocard": null, "internet_access": null, "medical_system:western": null, "health_facility:type": null, "toilets:wheelchair": null, "contact:instagram": null, "contact:facebook": null, "payment:debit_cards": null, "payment:credit_cards": null, "addr:floor": null, "drive_through": null, "payment:cash": null, "contact:email": "info@farma-plus-muc.de", "contact:website": "https://www.farma-plus-muc.de/", "owner": null, "contact:phone": "+49 89 296 029", "contact:fax": null, "name:de": null, "check_date": "2026-05-07", "fax": null, "wheelchair": null, "check_date:opening_hours": null, "website": null, "phone": null, "operator": null, "opening_hours": "Mo-Fr 09:00-18:30 ; Sa 09:00-15:00", "name": "farma-plus", "level": null, "healthcare": "pharmacy", "email": null, "dispensing": null, "amenity": "pharmacy", "addr:street": "Hohenzollernstraße", "addr:postcode": "80801", "addr:housenumber": "47", "addr:country": "DE", "addr:city": "München" }, "geometry": { "type": "Point", "coordinates": [ 11.5760451, 48.160162 ] } },
{ "type": "Feature", "properties": { "full_id": "n315972788", "osm_id": "315972788", "osm_type": "node", "wikipedia": null, "opening_hours:visitors": null, "name:en": null, "payment:coins": null, "full_name": null, "contact:twitter": null, "start_date": null, "old_name": null, "payment:lightning_contactless": null, "payment:lightning": null, "currency:XBT": null, "payment:v_pay": null, "layer": null, "addr:unit": null, "emergency": null, "payment:girocard_contactless": null, "payment:unionpay": null, "payment:paypal": null, "payment:maestro": null, "payment:jcb": null, "payment:ec": null, "payment:american_express": null, "payment:alipay": null, "wikidata": null, "operator:type": null, "official_name": null, "healthcare:speciality": null, "beds": null, "description": null, "wheelchair:description": "Stufe", "shop": null, "brand:wikipedia": null, "brand:wikidata": null, "brand": null, "branch": null, "addr:suburb": null, "payment:visa": null, "payment:mastercard": null, "payment:ec_cards": null, "wheelchair:description:de": null, "addr:housename": null, "toilets": null, "payment:qr_code": null, "payment:cards": null, "opening_hours:signed": null, "payment:girocard": null, "internet_access": null, "medical_system:western": null, "health_facility:type": null, "toilets:wheelchair": null, "contact:instagram": null, "contact:facebook": null, "payment:debit_cards": null, "payment:credit_cards": null, "addr:floor": null, "drive_through": null, "payment:cash": null, "contact:email": null, "contact:website": null, "owner": null, "contact:phone": null, "contact:fax": null, "name:de": null, "check_date": "2026-05-10", "fax": null, "wheelchair": "no", "check_date:opening_hours": null, "website": "https://www.mendelscheapotheke.de/", "phone": null, "operator": null, "opening_hours": "Mo-Fr 09:00-18:30, Sa 09:00-13:00", "name": "von Mendelsche Apotheke", "level": null, "healthcare": "pharmacy", "email": null, "dispensing": null, "amenity": "pharmacy", "addr:street": "Leopoldstraße", "addr:postcode": "80802", "addr:housenumber": "58", "addr:country": "DE", "addr:city": "München" }, "geometry": { "type": "Point", "coordinates": [ 11.5857107, 48.1592797 ] } },
{ "type": "Feature", "properties": { "full_id": "n338174988", "osm_id": "338174988", "osm_type": "node", "wikipedia": null, "opening_hours:visitors": null, "name:en": null, "payment:coins": null, "full_name": null, "contact:twitter": null, "start_date": null, "old_name": null, "payment:lightning_contactless": null, "payment:lightning": null, "currency:XBT": null, "payment:v_pay": null, "layer": null, "addr:unit": null, "emergency": null, "payment:girocard_contactless": null, "payment:unionpay": null, "payment:paypal": null, "payment:maestro": null, "payment:jcb": null, "payment:ec": null, "payment:american_express": null, "payment:alipay": null, "wikidata": null, "operator:type": null, "official_name": null, "healthcare:speciality": null, "beds": null, "description": null, "wheelchair:description": null, "shop": null, "brand:wikipedia": null, "brand:wikidata": null, "brand": null, "branch": null, "addr:suburb": null, "payment:visa": null, "payment:mastercard": null, "payment:ec_cards": null, "wheelchair:description:de": null, "addr:housename": null, "toilets": null, "payment:qr_code": null, "payment:cards": null, "opening_hours:signed": null, "payment:girocard": null, "internet_access": null, "medical_system:western": null, "health_facility:type": null, "toilets:wheelchair": null, "contact:instagram": null, "contact:facebook": null, "payment:debit_cards": null, "payment:credit_cards": null, "addr:floor": null, "drive_through": null, "payment:cash": null, "contact:email": null, "contact:website": null, "owner": null, "contact:phone": null, "contact:fax": null, "name:de": null, "check_date": "2026-06-29", "fax": null, "wheelchair": "yes", "check_date:opening_hours": null, "website": null, "phone": "+49 89 33996880", "operator": null, "opening_hours": "Mo-Fr 08:00-20:00; Sa 09:00-14:00", "name": "Feilitzsch-Apotheke", "level": null, "healthcare": "pharmacy", "email": null, "dispensing": null, "amenity": "pharmacy", "addr:street": null, "addr:postcode": null, "addr:housenumber": null, "addr:country": null, "addr:city": null }, "geometry": { "type": "Point", "coordinates": [ 11.5856934, 48.1620681 ] } },
{ "type": "Feature", "properties": { "full_id": "n371328236", "osm_id": "371328236", "osm_type": "node", "wikipedia": null, "opening_hours:visitors": null, "name:en": null, "payment:coins": null, "full_name": null, "contact:twitter": null, "start_date": null, "old_name": null, "payment:lightning_contactless": null, "payment:lightning": null, "currency:XBT": null, "payment:v_pay": null, "layer": null, "addr:unit": null, "emergency": null, "payment:girocard_contactless": null, "payment:unionpay": null, "payment:paypal": null, "payment:maestro": null, "payment:jcb": null, "payment:ec": null, "payment:american_express": null, "payment:alipay": null, "wikidata": null, "operator:type": null, "official_name": null, "healthcare:speciality": null, "beds": null, "description": null, "wheelchair:description": null, "shop": null, "brand:wikipedia": null, "brand:wikidata": null, "brand": null, "branch": null, "addr:suburb": null, "payment:visa": null, "payment:mastercard": null, "payment:ec_cards": null, "wheelchair:description:de": null, "addr:housename": null, "toilets": null, "payment:qr_code": null, "payment:cards": null, "opening_hours:signed": null, "payment:girocard": null, "internet_access": null, "medical_system:western": null, "health_facility:type": null, "toilets:wheelchair": null, "contact:instagram": null, "contact:facebook": null, "payment:debit_cards": null, "payment:credit_cards": null, "addr:floor": null, "drive_through": "no", "payment:cash": null, "contact:email": "hohenzollern.apotheke@web.de", "contact:website": "https://17858.apotheken-website-vorschau.de/", "owner": null, "contact:phone": "+49 89 395 123", "contact:fax": "+49 89 339 560", "name:de": null, "check_date": "2026-05-07", "fax": null, "wheelchair": "yes", "check_date:opening_hours": null, "website": null, "phone": null, "operator": "Vladimir Zoubar", "opening_hours": "Mo-Fr 08:30-18:00; Sa,Su,PH off", "name": "Hohenzollern Apotheke", "level": null, "healthcare": "pharmacy", "email": null, "dispensing": "yes", "amenity": "pharmacy", "addr:street": "Hohenzollernstraße", "addr:postcode": "80801", "addr:housenumber": "38", "addr:country": "DE", "addr:city": "München" }, "geometry": { "type": "Point", "coordinates": [ 11.580881, 48.1599992 ] } },
{ "type": "Feature", "properties": { "full_id": "n387808143", "osm_id": "387808143", "osm_type": "node", "wikipedia": null, "opening_hours:visitors": null, "name:en": null, "payment:coins": null, "full_name": null, "contact:twitter": null, "start_date": null, "old_name": null, "payment:lightning_contactless": null, "payment:lightning": null, "currency:XBT": null, "payment:v_pay": null, "layer": null, "addr:unit": null, "emergency": null, "payment:girocard_contactless": null, "payment:unionpay": null, "payment:paypal": null, "payment:maestro": null, "payment:jcb": null, "payment:ec": null, "payment:american_express": null, "payment:alipay": null, "wikidata": null, "operator:type": null, "official_name": null, "healthcare:speciality": null, "beds": null, "description": null, "wheelchair:description": "stufenlos und geräumig", "shop": null, "brand:wikipedia": null, "brand:wikidata": null, "brand": null, "branch": null, "addr:suburb": null, "payment:visa": null, "payment:mastercard": null, "payment:ec_cards": null, "wheelchair:description:de": null, "addr:housename": null, "toilets": null, "payment:qr_code": null, "payment:cards": null, "opening_hours:signed": null, "payment:girocard": null, "internet_access": null, "medical_system:western": null, "health_facility:type": null, "toilets:wheelchair": null, "contact:instagram": null, "contact:facebook": null, "payment:debit_cards": null, "payment:credit_cards": null, "addr:floor": null, "drive_through": null, "payment:cash": null, "contact:email": null, "contact:website": null, "owner": null, "contact:phone": null, "contact:fax": null, "name:de": null, "check_date": "2026-05-18", "fax": "+49 89 333579", "wheelchair": "yes", "check_date:opening_hours": null, "website": "https://www.kaiserapotheke-muenchen.de/", "phone": "+49 89 344136", "operator": null, "opening_hours": "Mo-Fr 08:00-18:30; Sa 09:00-13:00", "name": "Kaiser Apotheke", "level": null, "healthcare": "pharmacy", "email": "service@kaiserapotheke-muenchen.de", "dispensing": null, "amenity": "pharmacy", "addr:street": "Kaiserstraße", "addr:postcode": "80801", "addr:housenumber": "26", "addr:country": "DE", "addr:city": "München" }, "geometry": { "type": "Point", "coordinates": [ 11.5824329, 48.1610771 ] } },
{ "type": "Feature", "properties": { "full_id": "n282045222", "osm_id": "282045222", "osm_type": "node", "wikipedia": null, "opening_hours:visitors": null, "name:en": null, "payment:coins": "yes", "full_name": null, "contact:twitter": null, "start_date": null, "old_name": null, "payment:lightning_contactless": null, "payment:lightning": null, "currency:XBT": null, "payment:v_pay": null, "layer": null, "addr:unit": null, "emergency": null, "payment:girocard_contactless": null, "payment:unionpay": null, "payment:paypal": null, "payment:maestro": null, "payment:jcb": null, "payment:ec": null, "payment:american_express": null, "payment:alipay": null, "wikidata": null, "operator:type": null, "official_name": null, "healthcare:speciality": null, "beds": null, "description": null, "wheelchair:description": null, "shop": null, "brand:wikipedia": null, "brand:wikidata": null, "brand": null, "branch": null, "addr:suburb": null, "payment:visa": null, "payment:mastercard": null, "payment:ec_cards": null, "wheelchair:description:de": null, "addr:housename": null, "toilets": null, "payment:qr_code": null, "payment:cards": null, "opening_hours:signed": null, "payment:girocard": null, "internet_access": null, "medical_system:western": null, "health_facility:type": null, "toilets:wheelchair": null, "contact:instagram": null, "contact:facebook": null, "payment:debit_cards": "yes", "payment:credit_cards": null, "addr:floor": null, "drive_through": "no", "payment:cash": "yes", "contact:email": "apo.bonnerplatz@t-online.de", "contact:website": "https://www.apotheke-am-bonner-platz-muenchen.de/", "owner": null, "contact:phone": "+49 89 307 17 73", "contact:fax": "+49 89 303 702", "name:de": null, "check_date": "2026-07-22", "fax": null, "wheelchair": "yes", "check_date:opening_hours": "2024-08-31", "website": null, "phone": null, "operator": "Verena Lechner", "opening_hours": "Mo-Fr 08:00-19:30; Sa 08:30-14:00", "name": "Apotheke am Bonner Platz", "level": "0", "healthcare": "pharmacy", "email": null, "dispensing": "yes", "amenity": "pharmacy", "addr:street": "Bonner Platz", "addr:postcode": "80803", "addr:housenumber": "2", "addr:country": "DE", "addr:city": "München" }, "geometry": { "type": "Point", "coordinates": [ 11.5780267, 48.1671569 ] } },
{ "type": "Feature", "properties": { "full_id": "n319439033", "osm_id": "319439033", "osm_type": "node", "wikipedia": null, "opening_hours:visitors": null, "name:en": null, "payment:coins": null, "full_name": null, "contact:twitter": null, "start_date": null, "old_name": null, "payment:lightning_contactless": null, "payment:lightning": null, "currency:XBT": null, "payment:v_pay": null, "layer": null, "addr:unit": null, "emergency": null, "payment:girocard_contactless": null, "payment:unionpay": null, "payment:paypal": null, "payment:maestro": null, "payment:jcb": null, "payment:ec": null, "payment:american_express": null, "payment:alipay": null, "wikidata": null, "operator:type": null, "official_name": null, "healthcare:speciality": null, "beds": null, "description": null, "wheelchair:description": null, "shop": null, "brand:wikipedia": null, "brand:wikidata": null, "brand": null, "branch": null, "addr:suburb": null, "payment:visa": null, "payment:mastercard": null, "payment:ec_cards": null, "wheelchair:description:de": null, "addr:housename": null, "toilets": null, "payment:qr_code": null, "payment:cards": null, "opening_hours:signed": null, "payment:girocard": null, "internet_access": null, "medical_system:western": null, "health_facility:type": null, "toilets:wheelchair": null, "contact:instagram": null, "contact:facebook": null, "payment:debit_cards": null, "payment:credit_cards": null, "addr:floor": null, "drive_through": null, "payment:cash": null, "contact:email": null, "contact:website": "https://www.prinz-eugen-apotheke-muenchen.de/", "owner": null, "contact:phone": "+49 89 300 12 04", "contact:fax": null, "name:de": null, "check_date": "2026-08-30", "fax": null, "wheelchair": "yes", "check_date:opening_hours": null, "website": null, "phone": null, "operator": "Karine Sarkisyan", "opening_hours": "Jan-Dec: Mo-Sa 09:00-13:00; Mo-Fr 14:00-18:30", "name": "Prinz-Eugen-Apotheke", "level": null, "healthcare": "pharmacy", "email": null, "dispensing": null, "amenity": "pharmacy", "addr:street": "Belgradstraße", "addr:postcode": "80804", "addr:housenumber": "80", "addr:country": "DE", "addr:city": "München" }, "geometry": { "type": "Point", "coordinates": [ 11.5739659, 48.1688874 ] } },
{ "type": "Feature", "properties": { "full_id": "n2440164854", "osm_id": "2440164854", "osm_type": "node", "wikipedia": null, "opening_hours:visitors": null, "name:en": null, "payment:coins": null, "full_name": null, "contact:twitter": null, "start_date": null, "old_name": null, "payment:lightning_contactless": null, "payment:lightning": null, "currency:XBT": null, "payment:v_pay": null, "layer": null, "addr:unit": null, "emergency": null, "payment:girocard_contactless": null, "payment:unionpay": null, "payment:paypal": null, "payment:maestro": null, "payment:jcb": null, "payment:ec": null, "payment:american_express": null, "payment:alipay": null, "wikidata": null, "operator:type": null, "official_name": null, "healthcare:speciality": null, "beds": null, "description": null, "wheelchair:description": null, "shop": null, "brand:wikipedia": null, "brand:wikidata": null, "brand": null, "branch": null, "addr:suburb": null, "payment:visa": null, "payment:mastercard": null, "payment:ec_cards": null, "wheelchair:description:de": null, "addr:housename": null, "toilets": null, "payment:qr_code": null, "payment:cards": null, "opening_hours:signed": null, "payment:girocard": null, "internet_access": null, "medical_system:western": null, "health_facility:type": null, "toilets:wheelchair": null, "contact:instagram": null, "contact:facebook": null, "payment:debit_cards": null, "payment:credit_cards": null, "addr:floor": null, "drive_through": null, "payment:cash": null, "contact:email": "apo.oez@saniplus.de", "contact:website": null, "owner": null, "contact:phone": "+49 89 143 80 80", "contact:fax": null, "name:de": null, "check_date": null, "fax": null, "wheelchair": "yes", "check_date:opening_hours": null, "website": null, "phone": null, "operator": "Apothekerin Birgit Lauterbach", "opening_hours": "Mo-Sa 09:00-20:00", "name": "Sani Plus", "level": "0", "healthcare": "pharmacy", "email": null, "dispensing": null, "amenity": "pharmacy", "addr:street": "Riesstraße", "addr:postcode": "80993", "addr:housenumber": "59", "addr:country": "DE", "addr:city": "München" }, "geometry": { "type": "Point", "coordinates": [ 11.5345097, 48.1833365 ] } },
{ "type": "Feature", "properties": { "full_id": "n372886817", "osm_id": "372886817", "osm_type": "node", "wikipedia": null, "opening_hours:visitors": null, "name:en": null, "payment:coins": null, "full_name": null, "contact:twitter": null, "start_date": null, "old_name": null, "payment:lightning_contactless": null, "payment:lightning": null, "currency:XBT": null, "payment:v_pay": null, "layer": null, "addr:unit": null, "emergency": null, "payment:girocard_contactless": null, "payment:unionpay": null, "payment:paypal": null, "payment:maestro": null, "payment:jcb": null, "payment:ec": null, "payment:american_express": null, "payment:alipay": null, "wikidata": null, "operator:type": null, "official_name": null, "healthcare:speciality": null, "beds": null, "description": null, "wheelchair:description": null, "shop": null, "brand:wikipedia": null, "brand:wikidata": null, "brand": null, "branch": null, "addr:suburb": null, "payment:visa": null, "payment:mastercard": null, "payment:ec_cards": null, "wheelchair:description:de": null, "addr:housename": null, "toilets": null, "payment:qr_code": null, "payment:cards": null, "opening_hours:signed": null, "payment:girocard": null, "internet_access": null, "medical_system:western": null, "health_facility:type": null, "toilets:wheelchair": null, "contact:instagram": null, "contact:facebook": null, "payment:debit_cards": null, "payment:credit_cards": null, "addr:floor": null, "drive_through": null, "payment:cash": null, "contact:email": null, "contact:website": "https://www.apoforum-muenchen.de/", "owner": null, "contact:phone": "+49 89 351 90 81", "contact:fax": "+49 89 354 21 39", "name:de": null, "check_date": null, "fax": null, "wheelchair": "yes", "check_date:opening_hours": "2025-10-10", "website": null, "phone": null, "operator": null, "opening_hours": "Mo-Fr 08:30-18:30; Sa 08:30-13:00", "name": "Apotheke am Forum", "level": null, "healthcare": "pharmacy", "email": null, "dispensing": "yes", "amenity": "pharmacy", "addr:street": "Helene-Mayer-Ring", "addr:postcode": "80809", "addr:housenumber": "14", "addr:country": "DE", "addr:city": "München" }, "geometry": { "type": "Point", "coordinates": [ 11.552924, 48.1823939 ] } },
{ "type": "Feature", "properties": { "full_id": "n304009205", "osm_id": "304009205", "osm_type": "node", "wikipedia": null, "opening_hours:visitors": null, "name:en": null, "payment:coins": null, "full_name": null, "contact:twitter": null, "start_date": null, "old_name": null, "payment:lightning_contactless": null, "payment:lightning": null, "currency:XBT": null, "payment:v_pay": null, "layer": null, "addr:unit": null, "emergency": null, "payment:girocard_contactless": null, "payment:unionpay": null, "payment:paypal": null, "payment:maestro": null, "payment:jcb": null, "payment:ec": null, "payment:american_express": null, "payment:alipay": null, "wikidata": null, "operator:type": null, "official_name": null, "healthcare:speciality": null, "beds": null, "description": null, "wheelchair:description": null, "shop": null, "brand:wikipedia": null, "brand:wikidata": null, "brand": null, "branch": null, "addr:suburb": null, "payment:visa": null, "payment:mastercard": null, "payment:ec_cards": null, "wheelchair:description:de": null, "addr:housename": null, "toilets": null, "payment:qr_code": null, "payment:cards": null, "opening_hours:signed": null, "payment:girocard": null, "internet_access": null, "medical_system:western": null, "health_facility:type": null, "toilets:wheelchair": null, "contact:instagram": null, "contact:facebook": null, "payment:debit_cards": null, "payment:credit_cards": null, "addr:floor": null, "drive_through": null, "payment:cash": null, "contact:email": null, "contact:website": null, "owner": null, "contact:phone": null, "contact:fax": null, "name:de": null, "check_date": null, "fax": null, "wheelchair": "yes", "check_date:opening_hours": null, "website": null, "phone": null, "operator": "Athanasios Ourdas", "opening_hours": "Mo,Tu,Th 08:00-13:00,14:00-19:00; We,Fr 08:00-13:00,14:00-18:30; Sa 08:00-13:00", "name": "Lassalle Apotheke", "level": null, "healthcare": "pharmacy", "email": null, "dispensing": null, "amenity": "pharmacy", "addr:street": null, "addr:postcode": null, "addr:housenumber": null, "addr:country": null, "addr:city": null }, "geometry": { "type": "Point", "coordinates": [ 11.5349133, 48.1983459 ] } },
{ "type": "Feature", "properties": { "full_id": "n269050127", "osm_id": "269050127", "osm_type": "node", "wikipedia": null, "opening_hours:visitors": null, "name:en": null, "payment:coins": null, "full_name": null, "contact:twitter": null, "start_date": null, "old_name": null, "payment:lightning_contactless": null, "payment:lightning": null, "currency:XBT": null, "payment:v_pay": null, "layer": null, "addr:unit": null, "emergency": null, "payment:girocard_contactless": null, "payment:unionpay": "yes", "payment:paypal": null, "payment:maestro": "yes", "payment:jcb": null, "payment:ec": null, "payment:american_express": "yes", "payment:alipay": null, "wikidata": null, "operator:type": null, "official_name": null, "healthcare:speciality": null, "beds": null, "description": null, "wheelchair:description": null, "shop": null, "brand:wikipedia": null, "brand:wikidata": null, "brand": null, "branch": null, "addr:suburb": null, "payment:visa": "yes", "payment:mastercard": "yes", "payment:ec_cards": null, "wheelchair:description:de": null, "addr:housename": null, "toilets": null, "payment:qr_code": null, "payment:cards": null, "opening_hours:signed": null, "payment:girocard": "yes", "internet_access": null, "medical_system:western": null, "health_facility:type": null, "toilets:wheelchair": null, "contact:instagram": null, "contact:facebook": null, "payment:debit_cards": null, "payment:credit_cards": null, "addr:floor": null, "drive_through": null, "payment:cash": null, "contact:email": null, "contact:website": "https://www.fitundgesund-apotheke.de", "owner": null, "contact:phone": "+49 89 3568969", "contact:fax": null, "name:de": null, "check_date": "2026-07-03", "fax": null, "wheelchair": "yes", "check_date:opening_hours": "2025-10-16", "website": null, "phone": null, "operator": "Tanja Wiese", "opening_hours": "Mo-Fr 08:30-19:00; Sa 08:30-13:00", "name": "fit & gesund Apotheke", "level": null, "healthcare": "pharmacy", "email": null, "dispensing": null, "amenity": "pharmacy", "addr:street": "Schleißheimer Straße", "addr:postcode": "80809", "addr:housenumber": "354", "addr:country": "DE", "addr:city": "München" }, "geometry": { "type": "Point", "coordinates": [ 11.5667511, 48.1844204 ] } },
{ "type": "Feature", "properties": { "full_id": "n2263191338", "osm_id": "2263191338", "osm_type": "node", "wikipedia": null, "opening_hours:visitors": null, "name:en": null, "payment:coins": null, "full_name": null, "contact:twitter": null, "start_date": null, "old_name": null, "payment:lightning_contactless": null, "payment:lightning": null, "currency:XBT": null, "payment:v_pay": null, "layer": null, "addr:unit": null, "emergency": null, "payment:girocard_contactless": null, "payment:unionpay": null, "payment:paypal": null, "payment:maestro": null, "payment:jcb": null, "payment:ec": null, "payment:american_express": null, "payment:alipay": null, "wikidata": null, "operator:type": null, "official_name": null, "healthcare:speciality": null, "beds": null, "description": null, "wheelchair:description": null, "shop": null, "brand:wikipedia": null, "brand:wikidata": null, "brand": null, "branch": null, "addr:suburb": null, "payment:visa": null, "payment:mastercard": null, "payment:ec_cards": null, "wheelchair:description:de": null, "addr:housename": null, "toilets": null, "payment:qr_code": null, "payment:cards": null, "opening_hours:signed": null, "payment:girocard": null, "internet_access": null, "medical_system:western": null, "health_facility:type": null, "toilets:wheelchair": null, "contact:instagram": null, "contact:facebook": null, "payment:debit_cards": null, "payment:credit_cards": null, "addr:floor": null, "drive_through": null, "payment:cash": null, "contact:email": null, "contact:website": null, "owner": null, "contact:phone": null, "contact:fax": null, "name:de": null, "check_date": "2026-06-14", "fax": "+49 89 35009529", "wheelchair": "limited", "check_date:opening_hours": "2024-10-13", "website": "https://www.riesenfeld-apotheke.de/", "phone": "+49 89 3591675", "operator": null, "opening_hours": "Mo-Fr 08:30-18:30; Sa 08:30-12:30", "name": "Riesenfeld-Apotheke", "level": null, "healthcare": "pharmacy", "email": null, "dispensing": null, "amenity": "pharmacy", "addr:street": "Riesenfeldstraße", "addr:postcode": "80809", "addr:housenumber": "74", "addr:country": null, "addr:city": "München" }, "geometry": { "type": "Point", "coordinates": [ 11.5631605, 48.1836479 ] } },
{ "type": "Feature", "properties": { "full_id": "n238410530", "osm_id": "238410530", "osm_type": "node", "wikipedia": null, "opening_hours:visitors": null, "name:en": null, "payment:coins": null, "full_name": null, "contact:twitter": null, "start_date": null, "old_name": null, "payment:lightning_contactless": null, "payment:lightning": null, "currency:XBT": null, "payment:v_pay": null, "layer": null, "addr:unit": null, "emergency": null, "payment:girocard_contactless": null, "payment:unionpay": null, "payment:paypal": null, "payment:maestro": null, "payment:jcb": null, "payment:ec": null, "payment:american_express": null, "payment:alipay": null, "wikidata": null, "operator:type": null, "official_name": null, "healthcare:speciality": null, "beds": null, "description": null, "wheelchair:description": null, "shop": null, "brand:wikipedia": null, "brand:wikidata": null, "brand": null, "branch": null, "addr:suburb": null, "payment:visa": null, "payment:mastercard": null, "payment:ec_cards": null, "wheelchair:description:de": null, "addr:housename": null, "toilets": null, "payment:qr_code": null, "payment:cards": null, "opening_hours:signed": null, "payment:girocard": null, "internet_access": null, "medical_system:western": null, "health_facility:type": null, "toilets:wheelchair": null, "contact:instagram": null, "contact:facebook": null, "payment:debit_cards": null, "payment:credit_cards": null, "addr:floor": null, "drive_through": null, "payment:cash": null, "contact:email": null, "contact:website": "https://www.walpurgis-apotheke-muenchen.de", "owner": null, "contact:phone": "+49 89 352500", "contact:fax": null, "name:de": null, "check_date": "2026-01-16", "fax": null, "wheelchair": "yes", "check_date:opening_hours": "2026-01-16", "website": null, "phone": null, "operator": null, "opening_hours": "Mo-Fr 08:00-19:00; Sa 08:30-14:00; Su,PH off", "name": "Walpurgis-Apotheke", "level": null, "healthcare": "pharmacy", "email": null, "dispensing": null, "amenity": "pharmacy", "addr:street": "Keferloherstraße", "addr:postcode": "80807", "addr:housenumber": "103", "addr:country": null, "addr:city": "München" }, "geometry": { "type": "Point", "coordinates": [ 11.5732837, 48.1819549 ] } },
{ "type": "Feature", "properties": { "full_id": "n339140598", "osm_id": "339140598", "osm_type": "node", "wikipedia": null, "opening_hours:visitors": null, "name:en": null, "payment:coins": null, "full_name": null, "contact:twitter": null, "start_date": null, "old_name": null, "payment:lightning_contactless": null, "payment:lightning": null, "currency:XBT": null, "payment:v_pay": null, "layer": null, "addr:unit": null, "emergency": null, "payment:girocard_contactless": null, "payment:unionpay": null, "payment:paypal": null, "payment:maestro": null, "payment:jcb": null, "payment:ec": null, "payment:american_express": null, "payment:alipay": null, "wikidata": null, "operator:type": null, "official_name": null, "healthcare:speciality": null, "beds": null, "description": "closed on last Saturday of each month", "wheelchair:description": null, "shop": null, "brand:wikipedia": null, "brand:wikidata": null, "brand": null, "branch": null, "addr:suburb": null, "payment:visa": null, "payment:mastercard": null, "payment:ec_cards": null, "wheelchair:description:de": null, "addr:housename": null, "toilets": null, "payment:qr_code": null, "payment:cards": null, "opening_hours:signed": null, "payment:girocard": null, "internet_access": null, "medical_system:western": null, "health_facility:type": null, "toilets:wheelchair": null, "contact:instagram": null, "contact:facebook": null, "payment:debit_cards": null, "payment:credit_cards": null, "addr:floor": null, "drive_through": null, "payment:cash": null, "contact:email": "st.mauritius_apotheke@online.de", "contact:website": "https://www.meineapotheke.de/shop/st-mauritius-apotheke-muenchen-80804/", "owner": null, "contact:phone": "+49 89 300 14 83", "contact:fax": "+49 89 306 392 47", "name:de": null, "check_date": null, "fax": null, "wheelchair": "yes", "check_date:opening_hours": "2025-01-04", "website": null, "phone": null, "operator": null, "opening_hours": "Sa 09:00-13:00; Mo,Tu,Th,Fr 09:00-18:00; We 09:00-14:00", "name": "St. Mauritius-Apotheke", "level": null, "healthcare": "pharmacy", "email": null, "dispensing": null, "amenity": "pharmacy", "addr:street": "Rümannstraße", "addr:postcode": "80804", "addr:housenumber": "5", "addr:country": "DE", "addr:city": "München" }, "geometry": { "type": "Point", "coordinates": [ 11.5741697, 48.1757795 ] } },
{ "type": "Feature", "properties": { "full_id": "n345849084", "osm_id": "345849084", "osm_type": "node", "wikipedia": null, "opening_hours:visitors": null, "name:en": null, "payment:coins": null, "full_name": null, "contact:twitter": null, "start_date": null, "old_name": null, "payment:lightning_contactless": null, "payment:lightning": null, "currency:XBT": null, "payment:v_pay": null, "layer": null, "addr:unit": null, "emergency": null, "payment:girocard_contactless": null, "payment:unionpay": null, "payment:paypal": null, "payment:maestro": null, "payment:jcb": null, "payment:ec": null, "payment:american_express": null, "payment:alipay": null, "wikidata": null, "operator:type": null, "official_name": null, "healthcare:speciality": null, "beds": null, "description": null, "wheelchair:description": null, "shop": null, "brand:wikipedia": null, "brand:wikidata": null, "brand": null, "branch": null, "addr:suburb": null, "payment:visa": null, "payment:mastercard": null, "payment:ec_cards": null, "wheelchair:description:de": null, "addr:housename": null, "toilets": null, "payment:qr_code": null, "payment:cards": null, "opening_hours:signed": null, "payment:girocard": null, "internet_access": null, "medical_system:western": null, "health_facility:type": null, "toilets:wheelchair": null, "contact:instagram": null, "contact:facebook": null, "payment:debit_cards": null, "payment:credit_cards": null, "addr:floor": null, "drive_through": null, "payment:cash": null, "contact:email": null, "contact:website": null, "owner": null, "contact:phone": null, "contact:fax": null, "name:de": null, "check_date": "2026-05-05", "fax": null, "wheelchair": "yes", "check_date:opening_hours": "2024-01-20", "website": null, "phone": "+49 89 3689732", "operator": null, "opening_hours": "Mo-Fr 08:30-18:30; Sa 08:30-13:00", "name": "Blüten Apotheke", "level": null, "healthcare": "pharmacy", "email": null, "dispensing": null, "amenity": "pharmacy", "addr:street": "Leopoldstraße", "addr:postcode": "80804", "addr:housenumber": "171a", "addr:country": "DE", "addr:city": "München" }, "geometry": { "type": "Point", "coordinates": [ 11.5853722, 48.17369 ] } },
{ "type": "Feature", "properties": { "full_id": "n1148216618", "osm_id": "1148216618", "osm_type": "node", "wikipedia": null, "opening_hours:visitors": null, "name:en": null, "payment:coins": null, "full_name": null, "contact:twitter": null, "start_date": null, "old_name": null, "payment:lightning_contactless": null, "payment:lightning": null, "currency:XBT": null, "payment:v_pay": null, "layer": null, "addr:unit": null, "emergency": null, "payment:girocard_contactless": null, "payment:unionpay": null, "payment:paypal": null, "payment:maestro": null, "payment:jcb": null, "payment:ec": null, "payment:american_express": null, "payment:alipay": null, "wikidata": null, "operator:type": null, "official_name": null, "healthcare:speciality": null, "beds": null, "description": null, "wheelchair:description": null, "shop": null, "brand:wikipedia": null, "brand:wikidata": null, "brand": null, "branch": null, "addr:suburb": null, "payment:visa": null, "payment:mastercard": null, "payment:ec_cards": null, "wheelchair:description:de": null, "addr:housename": null, "toilets": null, "payment:qr_code": null, "payment:cards": null, "opening_hours:signed": null, "payment:girocard": null, "internet_access": null, "medical_system:western": null, "health_facility:type": null, "toilets:wheelchair": null, "contact:instagram": null, "contact:facebook": null, "payment:debit_cards": null, "payment:credit_cards": null, "addr:floor": null, "drive_through": null, "payment:cash": null, "contact:email": null, "contact:website": null, "owner": null, "contact:phone": "+49 89 369595", "contact:fax": null, "name:de": null, "check_date": "2026-05-05", "fax": null, "wheelchair": "yes", "check_date:opening_hours": "2025-08-10", "website": null, "phone": null, "operator": null, "opening_hours": "Mo-Fr 09:00-18:30; Sa 09:00-13:00", "name": "Petuel-Apotheke", "level": null, "healthcare": "pharmacy", "email": null, "dispensing": null, "amenity": "pharmacy", "addr:street": "Leopoldstraße", "addr:postcode": "80804", "addr:housenumber": "191", "addr:country": null, "addr:city": "München" }, "geometry": { "type": "Point", "coordinates": [ 11.5842692, 48.1761723 ] } },
{ "type": "Feature", "properties": { "full_id": "n893397468", "osm_id": "893397468", "osm_type": "node", "wikipedia": null, "opening_hours:visitors": null, "name:en": null, "payment:coins": null, "full_name": null, "contact:twitter": null, "start_date": null, "old_name": null, "payment:lightning_contactless": null, "payment:lightning": null, "currency:XBT": null, "payment:v_pay": null, "layer": null, "addr:unit": null, "emergency": null, "payment:girocard_contactless": null, "payment:unionpay": null, "payment:paypal": null, "payment:maestro": null, "payment:jcb": null, "payment:ec": null, "payment:american_express": null, "payment:alipay": null, "wikidata": null, "operator:type": null, "official_name": null, "healthcare:speciality": null, "beds": null, "description": null, "wheelchair:description": null, "shop": null, "brand:wikipedia": null, "brand:wikidata": null, "brand": null, "branch": null, "addr:suburb": null, "payment:visa": null, "payment:mastercard": null, "payment:ec_cards": null, "wheelchair:description:de": null, "addr:housename": null, "toilets": null, "payment:qr_code": null, "payment:cards": null, "opening_hours:signed": null, "payment:girocard": null, "internet_access": null, "medical_system:western": null, "health_facility:type": null, "toilets:wheelchair": null, "contact:instagram": null, "contact:facebook": null, "payment:debit_cards": null, "payment:credit_cards": null, "addr:floor": null, "drive_through": null, "payment:cash": null, "contact:email": "domagk.apo.mnch@pharma-online.de", "contact:website": "https://www.domagk-apotheke.de", "owner": null, "contact:phone": "+49 89 359 60 69", "contact:fax": "+49 89 359 07 58", "name:de": null, "check_date": null, "fax": null, "wheelchair": "yes", "check_date:opening_hours": null, "website": null, "phone": null, "operator": null, "opening_hours": "Mo-Fr 08:30-18:30; Sa 08:30-13:00; Su off", "name": "Domagk-Apotheke", "level": null, "healthcare": "pharmacy", "email": null, "dispensing": null, "amenity": "pharmacy", "addr:street": "Milbertshofener Straße", "addr:postcode": "80807", "addr:housenumber": "92", "addr:country": "DE", "addr:city": "München" }, "geometry": { "type": "Point", "coordinates": [ 11.579045, 48.183888 ] } },
{ "type": "Feature", "properties": { "full_id": "n450517363", "osm_id": "450517363", "osm_type": "node", "wikipedia": null, "opening_hours:visitors": null, "name:en": null, "payment:coins": null, "full_name": null, "contact:twitter": null, "start_date": null, "old_name": null, "payment:lightning_contactless": null, "payment:lightning": null, "currency:XBT": null, "payment:v_pay": "yes", "layer": null, "addr:unit": null, "emergency": null, "payment:girocard_contactless": null, "payment:unionpay": null, "payment:paypal": null, "payment:maestro": "yes", "payment:jcb": null, "payment:ec": null, "payment:american_express": null, "payment:alipay": null, "wikidata": null, "operator:type": null, "official_name": null, "healthcare:speciality": null, "beds": null, "description": null, "wheelchair:description": null, "shop": null, "brand:wikipedia": null, "brand:wikidata": null, "brand": null, "branch": null, "addr:suburb": null, "payment:visa": "yes", "payment:mastercard": "yes", "payment:ec_cards": null, "wheelchair:description:de": null, "addr:housename": null, "toilets": null, "payment:qr_code": null, "payment:cards": null, "opening_hours:signed": null, "payment:girocard": null, "internet_access": null, "medical_system:western": null, "health_facility:type": null, "toilets:wheelchair": null, "contact:instagram": null, "contact:facebook": null, "payment:debit_cards": null, "payment:credit_cards": null, "addr:floor": null, "drive_through": null, "payment:cash": "yes", "contact:email": null, "contact:website": null, "owner": null, "contact:phone": null, "contact:fax": null, "name:de": null, "check_date": "2026-05-24", "fax": "+49 89 3508715", "wheelchair": "yes", "check_date:opening_hours": "2026-05-24", "website": "https://www.apotheke-muenchen-milbertshofen.de/", "phone": "+49 89 35663164", "operator": "Apothekerin Eva Fröhlich-Sporer e.K.", "opening_hours": "Mo-Fr 08:00-19:00", "name": "Delphin Apotheke", "level": null, "healthcare": "pharmacy", "email": "delphinapotheke-muenchen@t-online.de", "dispensing": "yes", "amenity": "pharmacy", "addr:street": "Illungshofstraße", "addr:postcode": "80807", "addr:housenumber": "21", "addr:country": "DE", "addr:city": "München" }, "geometry": { "type": "Point", "coordinates": [ 11.5729594, 48.1865805 ] } },
{ "type": "Feature", "properties": { "full_id": "n1191155302", "osm_id": "1191155302", "osm_type": "node", "wikipedia": null, "opening_hours:visitors": null, "name:en": null, "payment:coins": null, "full_name": null, "contact:twitter": null, "start_date": null, "old_name": null, "payment:lightning_contactless": null, "payment:lightning": null, "currency:XBT": null, "payment:v_pay": null, "layer": null, "addr:unit": null, "emergency": null, "payment:girocard_contactless": null, "payment:unionpay": null, "payment:paypal": null, "payment:maestro": null, "payment:jcb": null, "payment:ec": null, "payment:american_express": null, "payment:alipay": null, "wikidata": null, "operator:type": null, "official_name": null, "healthcare:speciality": null, "beds": null, "description": null, "wheelchair:description": null, "shop": null, "brand:wikipedia": null, "brand:wikidata": null, "brand": null, "branch": null, "addr:suburb": null, "payment:visa": null, "payment:mastercard": null, "payment:ec_cards": null, "wheelchair:description:de": null, "addr:housename": null, "toilets": null, "payment:qr_code": null, "payment:cards": null, "opening_hours:signed": null, "payment:girocard": null, "internet_access": null, "medical_system:western": null, "health_facility:type": null, "toilets:wheelchair": null, "contact:instagram": null, "contact:facebook": null, "payment:debit_cards": null, "payment:credit_cards": null, "addr:floor": null, "drive_through": null, "payment:cash": null, "contact:email": null, "contact:website": "https://www.minerva-apotheke-muenchen.de", "owner": null, "contact:phone": "+49 89 3569270", "contact:fax": null, "name:de": null, "check_date": "2025-10-16", "fax": null, "wheelchair": "yes", "check_date:opening_hours": "2025-10-16", "website": null, "phone": null, "operator": null, "opening_hours": "Mo-Fr 08:30-18:30; Sa 08:30-13:00", "name": "Pharmifyy Apotheke", "level": null, "healthcare": "pharmacy", "email": null, "dispensing": null, "amenity": "pharmacy", "addr:street": "Oberhofer Platz", "addr:postcode": "80807", "addr:housenumber": "4", "addr:country": null, "addr:city": "München" }, "geometry": { "type": "Point", "coordinates": [ 11.5765664, 48.1862764 ] } },
{ "type": "Feature", "properties": { "full_id": "n5213055030", "osm_id": "5213055030", "osm_type": "node", "wikipedia": null, "opening_hours:visitors": null, "name:en": null, "payment:coins": null, "full_name": null, "contact:twitter": null, "start_date": null, "old_name": null, "payment:lightning_contactless": null, "payment:lightning": null, "currency:XBT": null, "payment:v_pay": null, "layer": null, "addr:unit": null, "emergency": null, "payment:girocard_contactless": null, "payment:unionpay": null, "payment:paypal": null, "payment:maestro": null, "payment:jcb": null, "payment:ec": null, "payment:american_express": null, "payment:alipay": null, "wikidata": null, "operator:type": null, "official_name": null, "healthcare:speciality": null, "beds": null, "description": null, "wheelchair:description": null, "shop": null, "brand:wikipedia": null, "brand:wikidata": null, "brand": null, "branch": null, "addr:suburb": null, "payment:visa": null, "payment:mastercard": null, "payment:ec_cards": null, "wheelchair:description:de": null, "addr:housename": null, "toilets": null, "payment:qr_code": null, "payment:cards": null, "opening_hours:signed": null, "payment:girocard": null, "internet_access": null, "medical_system:western": null, "health_facility:type": null, "toilets:wheelchair": null, "contact:instagram": null, "contact:facebook": null, "payment:debit_cards": null, "payment:credit_cards": null, "addr:floor": null, "drive_through": null, "payment:cash": null, "contact:email": null, "contact:website": null, "owner": null, "contact:phone": null, "contact:fax": null, "name:de": null, "check_date": "2024-10-26", "fax": "+49 89 3165728", "wheelchair": null, "check_date:opening_hours": "2024-10-26", "website": null, "phone": "+49 89 3116242", "operator": "Soghra Amirina", "opening_hours": "Mo-Fr 08:30-18:00", "name": "Apostel Apotheke", "level": null, "healthcare": "pharmacy", "email": "apotheke.apostel@gmail.com", "dispensing": "yes", "amenity": "pharmacy", "addr:street": "Ingolstädter Straße", "addr:postcode": "80939", "addr:housenumber": "109", "addr:country": "DE", "addr:city": "München" }, "geometry": { "type": "Point", "coordinates": [ 11.5839042, 48.1962036 ] } },
{ "type": "Feature", "properties": { "full_id": "n291898706", "osm_id": "291898706", "osm_type": "node", "wikipedia": null, "opening_hours:visitors": "09:00-17:00", "name:en": "Dr. Geisenhofer Women's Clinic", "payment:coins": null, "full_name": null, "contact:twitter": null, "start_date": null, "old_name": null, "payment:lightning_contactless": null, "payment:lightning": null, "currency:XBT": null, "payment:v_pay": null, "layer": null, "addr:unit": null, "emergency": "no", "payment:girocard_contactless": null, "payment:unionpay": null, "payment:paypal": null, "payment:maestro": null, "payment:jcb": null, "payment:ec": null, "payment:american_express": null, "payment:alipay": null, "wikidata": null, "operator:type": "private", "official_name": null, "healthcare:speciality": "gynaecology", "beds": "82", "description": null, "wheelchair:description": null, "shop": null, "brand:wikipedia": null, "brand:wikidata": null, "brand": null, "branch": null, "addr:suburb": null, "payment:visa": null, "payment:mastercard": null, "payment:ec_cards": null, "wheelchair:description:de": null, "addr:housename": null, "toilets": null, "payment:qr_code": null, "payment:cards": null, "opening_hours:signed": null, "payment:girocard": null, "internet_access": null, "medical_system:western": null, "health_facility:type": null, "toilets:wheelchair": null, "contact:instagram": null, "contact:facebook": null, "payment:debit_cards": null, "payment:credit_cards": null, "addr:floor": null, "drive_through": null, "payment:cash": null, "contact:email": null, "contact:website": null, "owner": null, "contact:phone": null, "contact:fax": null, "name:de": "Frauenklinik Dr. Geisenhofer", "check_date": null, "fax": null, "wheelchair": "no", "check_date:opening_hours": null, "website": "https://geisenhoferklinik.de/", "phone": "+49 89 38310", "operator": "Frauenklinik Dr. Geisenhofer GmbH", "opening_hours": null, "name": "Frauenklinik Dr. Geisenhofer", "level": null, "healthcare": "hospital", "email": null, "dispensing": null, "amenity": "hospital", "addr:street": "Hirschauer Straße", "addr:postcode": "80538", "addr:housenumber": "6", "addr:country": "DE", "addr:city": "München" }, "geometry": { "type": "Point", "coordinates": [ 11.5960485, 48.1515148 ] } },
{ "type": "Feature", "properties": { "full_id": "n1405097373", "osm_id": "1405097373", "osm_type": "node", "wikipedia": null, "opening_hours:visitors": null, "name:en": null, "payment:coins": null, "full_name": null, "contact:twitter": null, "start_date": null, "old_name": null, "payment:lightning_contactless": null, "payment:lightning": null, "currency:XBT": null, "payment:v_pay": null, "layer": null, "addr:unit": null, "emergency": null, "payment:girocard_contactless": null, "payment:unionpay": null, "payment:paypal": null, "payment:maestro": null, "payment:jcb": null, "payment:ec": null, "payment:american_express": null, "payment:alipay": null, "wikidata": null, "operator:type": null, "official_name": null, "healthcare:speciality": null, "beds": null, "description": null, "wheelchair:description": null, "shop": null, "brand:wikipedia": null, "brand:wikidata": null, "brand": null, "branch": null, "addr:suburb": null, "payment:visa": null, "payment:mastercard": null, "payment:ec_cards": null, "wheelchair:description:de": null, "addr:housename": null, "toilets": null, "payment:qr_code": null, "payment:cards": null, "opening_hours:signed": null, "payment:girocard": null, "internet_access": null, "medical_system:western": null, "health_facility:type": null, "toilets:wheelchair": null, "contact:instagram": null, "contact:facebook": null, "payment:debit_cards": null, "payment:credit_cards": null, "addr:floor": null, "drive_through": null, "payment:cash": null, "contact:email": null, "contact:website": null, "owner": null, "contact:phone": null, "contact:fax": null, "name:de": null, "check_date": "2023-06-10", "fax": null, "wheelchair": "limited", "check_date:opening_hours": "2023-05-18", "website": null, "phone": null, "operator": "Apotheke am Kufsteiner Platz OHG", "opening_hours": "Mo-Fr 08:15-18:30; Sa 08:15-13:00", "name": "Apotheke am Kufsteiner Platz", "level": null, "healthcare": "pharmacy", "email": null, "dispensing": null, "amenity": "pharmacy", "addr:street": null, "addr:postcode": null, "addr:housenumber": null, "addr:country": null, "addr:city": null }, "geometry": { "type": "Point", "coordinates": [ 11.6018382, 48.1496886 ] } },
{ "type": "Feature", "properties": { "full_id": "n344498800", "osm_id": "344498800", "osm_type": "node", "wikipedia": null, "opening_hours:visitors": null, "name:en": null, "payment:coins": null, "full_name": null, "contact:twitter": null, "start_date": null, "old_name": null, "payment:lightning_contactless": null, "payment:lightning": null, "currency:XBT": null, "payment:v_pay": null, "layer": null, "addr:unit": null, "emergency": null, "payment:girocard_contactless": null, "payment:unionpay": null, "payment:paypal": null, "payment:maestro": null, "payment:jcb": null, "payment:ec": null, "payment:american_express": null, "payment:alipay": null, "wikidata": null, "operator:type": null, "official_name": null, "healthcare:speciality": null, "beds": null, "description": null, "wheelchair:description": null, "shop": null, "brand:wikipedia": null, "brand:wikidata": null, "brand": null, "branch": null, "addr:suburb": null, "payment:visa": null, "payment:mastercard": null, "payment:ec_cards": null, "wheelchair:description:de": null, "addr:housename": null, "toilets": null, "payment:qr_code": null, "payment:cards": null, "opening_hours:signed": null, "payment:girocard": null, "internet_access": null, "medical_system:western": null, "health_facility:type": null, "toilets:wheelchair": null, "contact:instagram": null, "contact:facebook": null, "payment:debit_cards": null, "payment:credit_cards": null, "addr:floor": null, "drive_through": null, "payment:cash": null, "contact:email": null, "contact:website": null, "owner": null, "contact:phone": null, "contact:fax": null, "name:de": null, "check_date": "2026-01-25", "fax": null, "wheelchair": "yes", "check_date:opening_hours": "2026-01-25", "website": "https://arnika-apo.de", "phone": "+49 89 9983730", "operator": null, "opening_hours": "Mo-Fr 08:00-19:00; Sa 08:00-13:00", "name": "Arnika-Apotheke", "level": null, "healthcare": "pharmacy", "email": null, "dispensing": "yes", "amenity": "pharmacy", "addr:street": "Oberföhringer Straße", "addr:postcode": "81679", "addr:housenumber": "2", "addr:country": null, "addr:city": "München" }, "geometry": { "type": "Point", "coordinates": [ 11.6089853, 48.1511081 ] } },
{ "type": "Feature", "properties": { "full_id": "n838507451", "osm_id": "838507451", "osm_type": "node", "wikipedia": null, "opening_hours:visitors": null, "name:en": null, "payment:coins": null, "full_name": null, "contact:twitter": null, "start_date": null, "old_name": null, "payment:lightning_contactless": null, "payment:lightning": null, "currency:XBT": null, "payment:v_pay": null, "layer": null, "addr:unit": null, "emergency": null, "payment:girocard_contactless": null, "payment:unionpay": null, "payment:paypal": null, "payment:maestro": null, "payment:jcb": null, "payment:ec": null, "payment:american_express": null, "payment:alipay": null, "wikidata": null, "operator:type": null, "official_name": null, "healthcare:speciality": null, "beds": null, "description": null, "wheelchair:description": "Stufe deutlich höher als 7 cm", "shop": null, "brand:wikipedia": null, "brand:wikidata": null, "brand": null, "branch": null, "addr:suburb": null, "payment:visa": null, "payment:mastercard": null, "payment:ec_cards": null, "wheelchair:description:de": null, "addr:housename": null, "toilets": null, "payment:qr_code": null, "payment:cards": null, "opening_hours:signed": null, "payment:girocard": null, "internet_access": null, "medical_system:western": null, "health_facility:type": null, "toilets:wheelchair": null, "contact:instagram": null, "contact:facebook": null, "payment:debit_cards": null, "payment:credit_cards": null, "addr:floor": null, "drive_through": null, "payment:cash": null, "contact:email": null, "contact:website": null, "owner": null, "contact:phone": null, "contact:fax": null, "name:de": null, "check_date": "2026-07-12", "fax": null, "wheelchair": "no", "check_date:opening_hours": "2024-01-02", "website": "https://www.gesundes-schwabing.de/apo/Apotheken/St-Ursula-Apotheke", "phone": "+4989395215", "operator": null, "opening_hours": "Mo-Fr 09:00-19:00, Sa 09:00-14:00", "name": "St. Ursula Apotheke", "level": null, "healthcare": "pharmacy", "email": null, "dispensing": "yes", "amenity": "pharmacy", "addr:street": "Münchner Freiheit", "addr:postcode": "80802", "addr:housenumber": "8", "addr:country": "DE", "addr:city": "München" }, "geometry": { "type": "Point", "coordinates": [ 11.5871604, 48.1624005 ] } },
{ "type": "Feature", "properties": { "full_id": "n383909160", "osm_id": "383909160", "osm_type": "node", "wikipedia": null, "opening_hours:visitors": null, "name:en": null, "payment:coins": null, "full_name": null, "contact:twitter": null, "start_date": null, "old_name": null, "payment:lightning_contactless": null, "payment:lightning": null, "currency:XBT": null, "payment:v_pay": null, "layer": null, "addr:unit": null, "emergency": null, "payment:girocard_contactless": null, "payment:unionpay": null, "payment:paypal": null, "payment:maestro": null, "payment:jcb": null, "payment:ec": null, "payment:american_express": null, "payment:alipay": null, "wikidata": null, "operator:type": null, "official_name": null, "healthcare:speciality": null, "beds": null, "description": null, "wheelchair:description": null, "shop": null, "brand:wikipedia": null, "brand:wikidata": null, "brand": null, "branch": null, "addr:suburb": null, "payment:visa": null, "payment:mastercard": null, "payment:ec_cards": null, "wheelchair:description:de": null, "addr:housename": null, "toilets": null, "payment:qr_code": null, "payment:cards": null, "opening_hours:signed": null, "payment:girocard": null, "internet_access": null, "medical_system:western": null, "health_facility:type": null, "toilets:wheelchair": null, "contact:instagram": null, "contact:facebook": null, "payment:debit_cards": null, "payment:credit_cards": null, "addr:floor": null, "drive_through": null, "payment:cash": null, "contact:email": null, "contact:website": null, "owner": null, "contact:phone": "+49 89 369885", "contact:fax": null, "name:de": null, "check_date": null, "fax": null, "wheelchair": "no", "check_date:opening_hours": "2025-10-22", "website": "https://www.ungerer-bad-apotheke.de/", "phone": null, "operator": null, "opening_hours": "Mo-Fr 08:30-19:00; Sa 08:30-13:00", "name": "Ungerer-Bad-Apotheke", "level": null, "healthcare": "pharmacy", "email": "mail@ungerer-bad-apotheke.de", "dispensing": "yes", "amenity": "pharmacy", "addr:street": "Ungererstraße", "addr:postcode": "80805", "addr:housenumber": "90", "addr:country": "DE", "addr:city": "München" }, "geometry": { "type": "Point", "coordinates": [ 11.5935999, 48.1693881 ] } },
{ "type": "Feature", "properties": { "full_id": "n324583541", "osm_id": "324583541", "osm_type": "node", "wikipedia": null, "opening_hours:visitors": null, "name:en": null, "payment:coins": null, "full_name": null, "contact:twitter": null, "start_date": null, "old_name": null, "payment:lightning_contactless": null, "payment:lightning": null, "currency:XBT": null, "payment:v_pay": null, "layer": null, "addr:unit": null, "emergency": null, "payment:girocard_contactless": null, "payment:unionpay": null, "payment:paypal": null, "payment:maestro": null, "payment:jcb": null, "payment:ec": null, "payment:american_express": null, "payment:alipay": null, "wikidata": null, "operator:type": null, "official_name": null, "healthcare:speciality": null, "beds": null, "description": null, "wheelchair:description": null, "shop": null, "brand:wikipedia": null, "brand:wikidata": null, "brand": null, "branch": null, "addr:suburb": null, "payment:visa": null, "payment:mastercard": null, "payment:ec_cards": null, "wheelchair:description:de": null, "addr:housename": null, "toilets": null, "payment:qr_code": null, "payment:cards": null, "opening_hours:signed": null, "payment:girocard": null, "internet_access": null, "medical_system:western": null, "health_facility:type": null, "toilets:wheelchair": null, "contact:instagram": null, "contact:facebook": null, "payment:debit_cards": null, "payment:credit_cards": null, "addr:floor": null, "drive_through": null, "payment:cash": null, "contact:email": null, "contact:website": null, "owner": null, "contact:phone": null, "contact:fax": null, "name:de": null, "check_date": null, "fax": null, "wheelchair": "yes", "check_date:opening_hours": "2024-08-20", "website": null, "phone": null, "operator": null, "opening_hours": "Mo-Fr 08:30-18:30; Sa 08:30-12:30", "name": "Arabella-Apotheke", "level": null, "healthcare": "pharmacy", "email": null, "dispensing": null, "amenity": "pharmacy", "addr:street": null, "addr:postcode": null, "addr:housenumber": null, "addr:country": null, "addr:city": null }, "geometry": { "type": "Point", "coordinates": [ 11.6184719, 48.1513345 ] } },
{ "type": "Feature", "properties": { "full_id": "n528998447", "osm_id": "528998447", "osm_type": "node", "wikipedia": null, "opening_hours:visitors": null, "name:en": null, "payment:coins": null, "full_name": null, "contact:twitter": null, "start_date": null, "old_name": null, "payment:lightning_contactless": null, "payment:lightning": null, "currency:XBT": null, "payment:v_pay": null, "layer": null, "addr:unit": null, "emergency": null, "payment:girocard_contactless": null, "payment:unionpay": null, "payment:paypal": null, "payment:maestro": null, "payment:jcb": null, "payment:ec": null, "payment:american_express": null, "payment:alipay": null, "wikidata": null, "operator:type": null, "official_name": null, "healthcare:speciality": null, "beds": null, "description": null, "wheelchair:description": null, "shop": null, "brand:wikipedia": null, "brand:wikidata": null, "brand": null, "branch": null, "addr:suburb": null, "payment:visa": null, "payment:mastercard": null, "payment:ec_cards": null, "wheelchair:description:de": null, "addr:housename": null, "toilets": null, "payment:qr_code": null, "payment:cards": null, "opening_hours:signed": null, "payment:girocard": null, "internet_access": null, "medical_system:western": null, "health_facility:type": null, "toilets:wheelchair": null, "contact:instagram": null, "contact:facebook": null, "payment:debit_cards": null, "payment:credit_cards": null, "addr:floor": null, "drive_through": null, "payment:cash": null, "contact:email": null, "contact:website": null, "owner": null, "contact:phone": null, "contact:fax": null, "name:de": null, "check_date": null, "fax": null, "wheelchair": "yes", "check_date:opening_hours": "2022-06-25", "website": "https://bogenhausen.marys-apotheke.de/", "phone": "+49 89 4520 9991", "operator": null, "opening_hours": "Mo-Fr 09:00-19:00; Sa 09:00-15:00", "name": "Mary's Apotheke", "level": null, "healthcare": "pharmacy", "email": null, "dispensing": null, "amenity": "pharmacy", "addr:street": null, "addr:postcode": null, "addr:housenumber": null, "addr:country": null, "addr:city": null }, "geometry": { "type": "Point", "coordinates": [ 11.6177073, 48.1485021 ] } },
{ "type": "Feature", "properties": { "full_id": "n1285286391", "osm_id": "1285286391", "osm_type": "node", "wikipedia": "de:Arabella Klinik", "opening_hours:visitors": null, "name:en": null, "payment:coins": null, "full_name": null, "contact:twitter": null, "start_date": null, "old_name": null, "payment:lightning_contactless": null, "payment:lightning": null, "currency:XBT": null, "payment:v_pay": null, "layer": null, "addr:unit": null, "emergency": "no", "payment:girocard_contactless": null, "payment:unionpay": null, "payment:paypal": null, "payment:maestro": null, "payment:jcb": null, "payment:ec": null, "payment:american_express": null, "payment:alipay": null, "wikidata": "Q106291752", "operator:type": "private", "official_name": null, "healthcare:speciality": "anaesthetics;ophthalmology;surgery;trauma;plastic_surgery;otolaryngology;dental_oral_maxillo_facial_surgery", "beds": "60", "description": null, "wheelchair:description": null, "shop": null, "brand:wikipedia": null, "brand:wikidata": null, "brand": null, "branch": null, "addr:suburb": null, "payment:visa": null, "payment:mastercard": null, "payment:ec_cards": null, "wheelchair:description:de": null, "addr:housename": null, "toilets": null, "payment:qr_code": null, "payment:cards": null, "opening_hours:signed": null, "payment:girocard": null, "internet_access": null, "medical_system:western": null, "health_facility:type": null, "toilets:wheelchair": null, "contact:instagram": null, "contact:facebook": null, "payment:debit_cards": null, "payment:credit_cards": null, "addr:floor": null, "drive_through": null, "payment:cash": null, "contact:email": null, "contact:website": null, "owner": null, "contact:phone": null, "contact:fax": null, "name:de": null, "check_date": null, "fax": null, "wheelchair": "limited", "check_date:opening_hours": null, "website": "https://arabellaklinik.de/", "phone": "+49 89 92 20 92 0", "operator": "Arabella Klinik GmbH", "opening_hours": null, "name": "Arabella-Klinik", "level": "19", "healthcare": "hospital", "email": null, "dispensing": null, "amenity": "hospital", "addr:street": "Arabellastraße", "addr:postcode": "81925", "addr:housenumber": "5", "addr:country": "DE", "addr:city": "München" }, "geometry": { "type": "Point", "coordinates": [ 11.618485, 48.1505955 ] } },
{ "type": "Feature", "properties": { "full_id": "n312395089", "osm_id": "312395089", "osm_type": "node", "wikipedia": null, "opening_hours:visitors": null, "name:en": null, "payment:coins": null, "full_name": null, "contact:twitter": null, "start_date": null, "old_name": null, "payment:lightning_contactless": null, "payment:lightning": null, "currency:XBT": null, "payment:v_pay": null, "layer": null, "addr:unit": null, "emergency": null, "payment:girocard_contactless": null, "payment:unionpay": null, "payment:paypal": null, "payment:maestro": null, "payment:jcb": null, "payment:ec": null, "payment:american_express": null, "payment:alipay": null, "wikidata": null, "operator:type": null, "official_name": null, "healthcare:speciality": null, "beds": null, "description": null, "wheelchair:description": null, "shop": null, "brand:wikipedia": null, "brand:wikidata": null, "brand": null, "branch": null, "addr:suburb": null, "payment:visa": null, "payment:mastercard": null, "payment:ec_cards": null, "wheelchair:description:de": null, "addr:housename": null, "toilets": null, "payment:qr_code": null, "payment:cards": null, "opening_hours:signed": null, "payment:girocard": null, "internet_access": null, "medical_system:western": null, "health_facility:type": null, "toilets:wheelchair": null, "contact:instagram": null, "contact:facebook": null, "payment:debit_cards": null, "payment:credit_cards": null, "addr:floor": null, "drive_through": null, "payment:cash": null, "contact:email": null, "contact:website": null, "owner": null, "contact:phone": null, "contact:fax": null, "name:de": null, "check_date": null, "fax": null, "wheelchair": "yes", "check_date:opening_hours": "2024-04-06", "website": null, "phone": null, "operator": null, "opening_hours": "Mo-Fr 08:30-18:30; Sa 08:30-12:30", "name": "Elektra-Apotheke", "level": null, "healthcare": "pharmacy", "email": null, "dispensing": null, "amenity": "pharmacy", "addr:street": null, "addr:postcode": null, "addr:housenumber": null, "addr:country": null, "addr:city": null }, "geometry": { "type": "Point", "coordinates": [ 11.6203776, 48.1513683 ] } },
{ "type": "Feature", "properties": { "full_id": "n314456249", "osm_id": "314456249", "osm_type": "node", "wikipedia": null, "opening_hours:visitors": null, "name:en": null, "payment:coins": null, "full_name": null, "contact:twitter": null, "start_date": null, "old_name": null, "payment:lightning_contactless": null, "payment:lightning": null, "currency:XBT": null, "payment:v_pay": null, "layer": null, "addr:unit": null, "emergency": null, "payment:girocard_contactless": null, "payment:unionpay": null, "payment:paypal": null, "payment:maestro": null, "payment:jcb": null, "payment:ec": null, "payment:american_express": null, "payment:alipay": null, "wikidata": null, "operator:type": null, "official_name": null, "healthcare:speciality": null, "beds": null, "description": null, "wheelchair:description": null, "shop": null, "brand:wikipedia": null, "brand:wikidata": null, "brand": null, "branch": null, "addr:suburb": null, "payment:visa": null, "payment:mastercard": null, "payment:ec_cards": null, "wheelchair:description:de": null, "addr:housename": null, "toilets": null, "payment:qr_code": null, "payment:cards": null, "opening_hours:signed": null, "payment:girocard": null, "internet_access": null, "medical_system:western": null, "health_facility:type": null, "toilets:wheelchair": null, "contact:instagram": null, "contact:facebook": null, "payment:debit_cards": null, "payment:credit_cards": null, "addr:floor": null, "drive_through": null, "payment:cash": null, "contact:email": null, "contact:website": null, "owner": null, "contact:phone": null, "contact:fax": null, "name:de": null, "check_date": null, "fax": null, "wheelchair": "limited", "check_date:opening_hours": "2023-03-31", "website": null, "phone": null, "operator": null, "opening_hours": "Mo-Fr 08:30-18:30; Sa 08:30-13:00", "name": "Cosima-Apotheke", "level": null, "healthcare": "pharmacy", "email": null, "dispensing": null, "amenity": "pharmacy", "addr:street": null, "addr:postcode": null, "addr:housenumber": null, "addr:country": null, "addr:city": null }, "geometry": { "type": "Point", "coordinates": [ 11.6303317, 48.1550227 ] } },
{ "type": "Feature", "properties": { "full_id": "n331343649", "osm_id": "331343649", "osm_type": "node", "wikipedia": null, "opening_hours:visitors": null, "name:en": null, "payment:coins": null, "full_name": null, "contact:twitter": null, "start_date": null, "old_name": null, "payment:lightning_contactless": null, "payment:lightning": null, "currency:XBT": null, "payment:v_pay": null, "layer": null, "addr:unit": null, "emergency": null, "payment:girocard_contactless": null, "payment:unionpay": null, "payment:paypal": null, "payment:maestro": null, "payment:jcb": null, "payment:ec": null, "payment:american_express": null, "payment:alipay": null, "wikidata": null, "operator:type": null, "official_name": null, "healthcare:speciality": null, "beds": null, "description": null, "wheelchair:description": null, "shop": null, "brand:wikipedia": null, "brand:wikidata": null, "brand": null, "branch": null, "addr:suburb": null, "payment:visa": null, "payment:mastercard": null, "payment:ec_cards": null, "wheelchair:description:de": null, "addr:housename": null, "toilets": null, "payment:qr_code": null, "payment:cards": null, "opening_hours:signed": null, "payment:girocard": null, "internet_access": null, "medical_system:western": null, "health_facility:type": null, "toilets:wheelchair": null, "contact:instagram": null, "contact:facebook": null, "payment:debit_cards": null, "payment:credit_cards": null, "addr:floor": null, "drive_through": null, "payment:cash": null, "contact:email": null, "contact:website": null, "owner": null, "contact:phone": null, "contact:fax": null, "name:de": null, "check_date": null, "fax": "+49 89 95 92 78 50", "wheelchair": "no", "check_date:opening_hours": "2024-02-29", "website": "https://www.apotheke-st-emmeram.de/", "phone": "+49 89 95 24 30", "operator": "Fr. Dr. M. Völk", "opening_hours": "closed \"Bis auf Weiteres geschlossen.\"", "name": "St. Emmeram Apotheke", "level": null, "healthcare": "pharmacy", "email": "apotheke_st.emmeram@yahoo.de", "dispensing": null, "amenity": "pharmacy", "addr:street": "Oberföhringer Straße", "addr:postcode": "81925", "addr:housenumber": "168b", "addr:country": "DE", "addr:city": "München" }, "geometry": { "type": "Point", "coordinates": [ 11.6242178, 48.1672214 ] } },
{ "type": "Feature", "properties": { "full_id": "n7656859326", "osm_id": "7656859326", "osm_type": "node", "wikipedia": null, "opening_hours:visitors": null, "name:en": null, "payment:coins": null, "full_name": null, "contact:twitter": null, "start_date": null, "old_name": null, "payment:lightning_contactless": null, "payment:lightning": null, "currency:XBT": null, "payment:v_pay": null, "layer": null, "addr:unit": null, "emergency": null, "payment:girocard_contactless": null, "payment:unionpay": null, "payment:paypal": null, "payment:maestro": null, "payment:jcb": null, "payment:ec": null, "payment:american_express": null, "payment:alipay": null, "wikidata": null, "operator:type": null, "official_name": null, "healthcare:speciality": null, "beds": null, "description": null, "wheelchair:description": null, "shop": null, "brand:wikipedia": null, "brand:wikidata": null, "brand": null, "branch": null, "addr:suburb": null, "payment:visa": null, "payment:mastercard": null, "payment:ec_cards": null, "wheelchair:description:de": null, "addr:housename": null, "toilets": null, "payment:qr_code": null, "payment:cards": null, "opening_hours:signed": null, "payment:girocard": null, "internet_access": null, "medical_system:western": null, "health_facility:type": null, "toilets:wheelchair": null, "contact:instagram": null, "contact:facebook": null, "payment:debit_cards": null, "payment:credit_cards": null, "addr:floor": null, "drive_through": null, "payment:cash": null, "contact:email": null, "contact:website": null, "owner": null, "contact:phone": null, "contact:fax": null, "name:de": null, "check_date": null, "fax": null, "wheelchair": "yes", "check_date:opening_hours": "2025-05-28", "website": null, "phone": null, "operator": null, "opening_hours": "Mo-Fr 08:00-19:00; Sa 08:00-16:00", "name": "Eugen Apotheke", "level": null, "healthcare": "pharmacy", "email": null, "dispensing": "yes", "amenity": "pharmacy", "addr:street": null, "addr:postcode": null, "addr:housenumber": null, "addr:country": null, "addr:city": null }, "geometry": { "type": "Point", "coordinates": [ 11.6296624, 48.1633221 ] } },
{ "type": "Feature", "properties": { "full_id": "n313621955", "osm_id": "313621955", "osm_type": "node", "wikipedia": null, "opening_hours:visitors": null, "name:en": null, "payment:coins": null, "full_name": null, "contact:twitter": null, "start_date": null, "old_name": null, "payment:lightning_contactless": null, "payment:lightning": null, "currency:XBT": null, "payment:v_pay": null, "layer": null, "addr:unit": null, "emergency": null, "payment:girocard_contactless": null, "payment:unionpay": null, "payment:paypal": null, "payment:maestro": null, "payment:jcb": null, "payment:ec": null, "payment:american_express": null, "payment:alipay": null, "wikidata": null, "operator:type": null, "official_name": null, "healthcare:speciality": null, "beds": null, "description": null, "wheelchair:description": null, "shop": null, "brand:wikipedia": null, "brand:wikidata": null, "brand": null, "branch": null, "addr:suburb": null, "payment:visa": null, "payment:mastercard": null, "payment:ec_cards": null, "wheelchair:description:de": null, "addr:housename": null, "toilets": null, "payment:qr_code": null, "payment:cards": null, "opening_hours:signed": null, "payment:girocard": null, "internet_access": null, "medical_system:western": null, "health_facility:type": null, "toilets:wheelchair": null, "contact:instagram": null, "contact:facebook": null, "payment:debit_cards": null, "payment:credit_cards": null, "addr:floor": null, "drive_through": null, "payment:cash": null, "contact:email": null, "contact:website": null, "owner": null, "contact:phone": null, "contact:fax": null, "name:de": null, "check_date": null, "fax": null, "wheelchair": "yes", "check_date:opening_hours": "2024-04-01", "website": null, "phone": null, "operator": null, "opening_hours": "Mo-Fr 09:00-18:30; Sa 08:30-13:00", "name": "Centaurus Apotheke", "level": null, "healthcare": "pharmacy", "email": null, "dispensing": "yes", "amenity": "pharmacy", "addr:street": null, "addr:postcode": null, "addr:housenumber": null, "addr:country": null, "addr:city": null }, "geometry": { "type": "Point", "coordinates": [ 11.6347935, 48.1685678 ] } },
{ "type": "Feature", "properties": { "full_id": "n345843656", "osm_id": "345843656", "osm_type": "node", "wikipedia": null, "opening_hours:visitors": null, "name:en": null, "payment:coins": null, "full_name": null, "contact:twitter": null, "start_date": null, "old_name": null, "payment:lightning_contactless": null, "payment:lightning": null, "currency:XBT": null, "payment:v_pay": null, "layer": null, "addr:unit": null, "emergency": null, "payment:girocard_contactless": null, "payment:unionpay": null, "payment:paypal": null, "payment:maestro": null, "payment:jcb": null, "payment:ec": null, "payment:american_express": null, "payment:alipay": null, "wikidata": null, "operator:type": null, "official_name": null, "healthcare:speciality": null, "beds": null, "description": null, "wheelchair:description": null, "shop": null, "brand:wikipedia": null, "brand:wikidata": null, "brand": null, "branch": null, "addr:suburb": null, "payment:visa": "yes", "payment:mastercard": "yes", "payment:ec_cards": null, "wheelchair:description:de": null, "addr:housename": null, "toilets": null, "payment:qr_code": null, "payment:cards": null, "opening_hours:signed": null, "payment:girocard": "yes", "internet_access": null, "medical_system:western": null, "health_facility:type": null, "toilets:wheelchair": null, "contact:instagram": null, "contact:facebook": null, "payment:debit_cards": null, "payment:credit_cards": null, "addr:floor": null, "drive_through": "no", "payment:cash": "yes", "contact:email": "info@apotheke-berlinerstr.de", "contact:website": "https://www.apotheke-muenchen-schwabing.de/", "owner": null, "contact:phone": "+49 89 3618 251", "contact:fax": "+49 89 3619 2330", "name:de": null, "check_date": null, "fax": null, "wheelchair": "yes", "check_date:opening_hours": "2026-05-14", "website": null, "phone": null, "operator": "Brigitte Schneider", "opening_hours": "Mo-Fr 08:00-19:00; Sa 08:00-13:00; PH off", "name": "Apotheke an der Berliner Straße", "level": null, "healthcare": "pharmacy", "email": null, "dispensing": "yes", "amenity": "pharmacy", "addr:street": "Ungererstraße", "addr:postcode": "80805", "addr:housenumber": "75", "addr:country": "DE", "addr:city": "München" }, "geometry": { "type": "Point", "coordinates": [ 11.5949797, 48.1732215 ] } },
{ "type": "Feature", "properties": { "full_id": "n370758635", "osm_id": "370758635", "osm_type": "node", "wikipedia": null, "opening_hours:visitors": null, "name:en": null, "payment:coins": null, "full_name": null, "contact:twitter": null, "start_date": null, "old_name": null, "payment:lightning_contactless": null, "payment:lightning": null, "currency:XBT": null, "payment:v_pay": null, "layer": null, "addr:unit": null, "emergency": null, "payment:girocard_contactless": null, "payment:unionpay": null, "payment:paypal": null, "payment:maestro": null, "payment:jcb": null, "payment:ec": null, "payment:american_express": null, "payment:alipay": null, "wikidata": null, "operator:type": null, "official_name": null, "healthcare:speciality": null, "beds": null, "description": null, "wheelchair:description": null, "shop": null, "brand:wikipedia": null, "brand:wikidata": null, "brand": null, "branch": null, "addr:suburb": null, "payment:visa": null, "payment:mastercard": null, "payment:ec_cards": null, "wheelchair:description:de": null, "addr:housename": null, "toilets": null, "payment:qr_code": null, "payment:cards": null, "opening_hours:signed": null, "payment:girocard": null, "internet_access": null, "medical_system:western": null, "health_facility:type": null, "toilets:wheelchair": null, "contact:instagram": null, "contact:facebook": null, "payment:debit_cards": null, "payment:credit_cards": null, "addr:floor": null, "drive_through": null, "payment:cash": null, "contact:email": null, "contact:website": "https://www.bienenapotheke-parkstadt.de/apotheke", "owner": null, "contact:phone": null, "contact:fax": null, "name:de": null, "check_date": null, "fax": null, "wheelchair": "yes", "check_date:opening_hours": null, "website": null, "phone": null, "operator": null, "opening_hours": "Mo-Fr 09:00-19:00; Sa 09:00-14:00; Su,PH off", "name": "Bienen Apotheke", "level": null, "healthcare": "pharmacy", "email": null, "dispensing": null, "amenity": "pharmacy", "addr:street": "Alfred-Arndt-Straße", "addr:postcode": "80807", "addr:housenumber": "1", "addr:country": "DE", "addr:city": "München" }, "geometry": { "type": "Point", "coordinates": [ 11.5940245, 48.1826499 ] } },
{ "type": "Feature", "properties": { "full_id": "n312384639", "osm_id": "312384639", "osm_type": "node", "wikipedia": null, "opening_hours:visitors": null, "name:en": null, "payment:coins": null, "full_name": null, "contact:twitter": null, "start_date": null, "old_name": null, "payment:lightning_contactless": null, "payment:lightning": null, "currency:XBT": null, "payment:v_pay": null, "layer": null, "addr:unit": null, "emergency": null, "payment:girocard_contactless": null, "payment:unionpay": null, "payment:paypal": null, "payment:maestro": null, "payment:jcb": null, "payment:ec": null, "payment:american_express": null, "payment:alipay": null, "wikidata": null, "operator:type": null, "official_name": null, "healthcare:speciality": null, "beds": null, "description": null, "wheelchair:description": null, "shop": null, "brand:wikipedia": null, "brand:wikidata": null, "brand": null, "branch": null, "addr:suburb": null, "payment:visa": null, "payment:mastercard": null, "payment:ec_cards": null, "wheelchair:description:de": null, "addr:housename": null, "toilets": null, "payment:qr_code": null, "payment:cards": null, "opening_hours:signed": null, "payment:girocard": null, "internet_access": null, "medical_system:western": null, "health_facility:type": null, "toilets:wheelchair": null, "contact:instagram": null, "contact:facebook": null, "payment:debit_cards": null, "payment:credit_cards": null, "addr:floor": null, "drive_through": null, "payment:cash": null, "contact:email": null, "contact:website": "https://apothekemaxvorstadt.de/", "owner": null, "contact:phone": "+49 89 52031954", "contact:fax": null, "name:de": null, "check_date": null, "fax": null, "wheelchair": "yes", "check_date:opening_hours": "2026-05-09", "website": null, "phone": null, "operator": "Hagn / Dr. Landshamer OHG", "opening_hours": "Mo-Fr 08:30-19:00; Sa 09:00-18:00; Su,PH off", "name": "Apotheke Schwabing Nord", "level": null, "healthcare": "pharmacy", "email": null, "dispensing": null, "amenity": "pharmacy", "addr:street": "Ungererstraße", "addr:postcode": "80805", "addr:housenumber": "175", "addr:country": "DE", "addr:city": "München" }, "geometry": { "type": "Point", "coordinates": [ 11.6019866, 48.1783895 ] } },
{ "type": "Feature", "properties": { "full_id": "n521964612", "osm_id": "521964612", "osm_type": "node", "wikipedia": null, "opening_hours:visitors": null, "name:en": null, "payment:coins": null, "full_name": null, "contact:twitter": null, "start_date": null, "old_name": null, "payment:lightning_contactless": null, "payment:lightning": null, "currency:XBT": null, "payment:v_pay": null, "layer": null, "addr:unit": null, "emergency": null, "payment:girocard_contactless": null, "payment:unionpay": null, "payment:paypal": null, "payment:maestro": null, "payment:jcb": null, "payment:ec": null, "payment:american_express": null, "payment:alipay": null, "wikidata": null, "operator:type": null, "official_name": null, "healthcare:speciality": null, "beds": null, "description": null, "wheelchair:description": null, "shop": null, "brand:wikipedia": null, "brand:wikidata": null, "brand": null, "branch": null, "addr:suburb": null, "payment:visa": null, "payment:mastercard": null, "payment:ec_cards": null, "wheelchair:description:de": null, "addr:housename": null, "toilets": null, "payment:qr_code": null, "payment:cards": null, "opening_hours:signed": null, "payment:girocard": null, "internet_access": null, "medical_system:western": null, "health_facility:type": null, "toilets:wheelchair": null, "contact:instagram": null, "contact:facebook": null, "payment:debit_cards": null, "payment:credit_cards": null, "addr:floor": null, "drive_through": null, "payment:cash": null, "contact:email": null, "contact:website": null, "owner": null, "contact:phone": null, "contact:fax": null, "name:de": null, "check_date": null, "fax": null, "wheelchair": null, "check_date:opening_hours": null, "website": null, "phone": null, "operator": null, "opening_hours": "Mo-Fr 09:00-19:00; Sa 09:00-18:00", "name": "Domos Apotheke", "level": null, "healthcare": "pharmacy", "email": null, "dispensing": null, "amenity": "pharmacy", "addr:street": "Margot-Kalinke-Straße", "addr:postcode": "80939", "addr:housenumber": "4", "addr:country": "DE", "addr:city": "München" }, "geometry": { "type": "Point", "coordinates": [ 11.5977, 48.1943111 ] } },
{ "type": "Feature", "properties": { "full_id": "n313621953", "osm_id": "313621953", "osm_type": "node", "wikipedia": null, "opening_hours:visitors": null, "name:en": null, "payment:coins": null, "full_name": null, "contact:twitter": null, "start_date": null, "old_name": null, "payment:lightning_contactless": null, "payment:lightning": null, "currency:XBT": null, "payment:v_pay": null, "layer": null, "addr:unit": null, "emergency": null, "payment:girocard_contactless": null, "payment:unionpay": null, "payment:paypal": null, "payment:maestro": null, "payment:jcb": null, "payment:ec": null, "payment:american_express": null, "payment:alipay": null, "wikidata": null, "operator:type": null, "official_name": null, "healthcare:speciality": null, "beds": null, "description": null, "wheelchair:description": null, "shop": null, "brand:wikipedia": null, "brand:wikidata": null, "brand": null, "branch": null, "addr:suburb": null, "payment:visa": null, "payment:mastercard": null, "payment:ec_cards": null, "wheelchair:description:de": null, "addr:housename": null, "toilets": null, "payment:qr_code": null, "payment:cards": null, "opening_hours:signed": null, "payment:girocard": null, "internet_access": null, "medical_system:western": null, "health_facility:type": null, "toilets:wheelchair": null, "contact:instagram": null, "contact:facebook": null, "payment:debit_cards": "yes", "payment:credit_cards": "yes", "addr:floor": null, "drive_through": null, "payment:cash": "yes", "contact:email": null, "contact:website": null, "owner": null, "contact:phone": null, "contact:fax": null, "name:de": null, "check_date": "2025-09-07", "fax": null, "wheelchair": "yes", "check_date:opening_hours": "2025-09-07", "website": null, "phone": null, "operator": null, "opening_hours": "Mo-Fr 08:30-18:30; Sa 08:30-12:30", "name": "Pharao Apotheke", "level": null, "healthcare": "pharmacy", "email": null, "dispensing": "yes", "amenity": "pharmacy", "addr:street": null, "addr:postcode": null, "addr:housenumber": null, "addr:country": null, "addr:city": null }, "geometry": { "type": "Point", "coordinates": [ 11.6359145, 48.1733165 ] } },
{ "type": "Feature", "properties": { "full_id": "n700889363", "osm_id": "700889363", "osm_type": "node", "wikipedia": null, "opening_hours:visitors": null, "name:en": null, "payment:coins": null, "full_name": null, "contact:twitter": null, "start_date": null, "old_name": null, "payment:lightning_contactless": null, "payment:lightning": null, "currency:XBT": null, "payment:v_pay": null, "layer": null, "addr:unit": null, "emergency": null, "payment:girocard_contactless": null, "payment:unionpay": null, "payment:paypal": null, "payment:maestro": null, "payment:jcb": null, "payment:ec": null, "payment:american_express": null, "payment:alipay": null, "wikidata": null, "operator:type": null, "official_name": null, "healthcare:speciality": null, "beds": null, "description": null, "wheelchair:description": null, "shop": null, "brand:wikipedia": null, "brand:wikidata": null, "brand": null, "branch": null, "addr:suburb": null, "payment:visa": null, "payment:mastercard": null, "payment:ec_cards": null, "wheelchair:description:de": null, "addr:housename": null, "toilets": null, "payment:qr_code": null, "payment:cards": null, "opening_hours:signed": null, "payment:girocard": null, "internet_access": null, "medical_system:western": null, "health_facility:type": null, "toilets:wheelchair": null, "contact:instagram": null, "contact:facebook": null, "payment:debit_cards": null, "payment:credit_cards": null, "addr:floor": null, "drive_through": null, "payment:cash": null, "contact:email": null, "contact:website": null, "owner": null, "contact:phone": null, "contact:fax": null, "name:de": null, "check_date": null, "fax": null, "wheelchair": "limited", "check_date:opening_hours": "2026-04-22", "website": null, "phone": null, "operator": null, "opening_hours": "Mo-Fr 08:00-18:30, Sa 08:00-12:00", "name": "Freimann-Apotheke", "level": null, "healthcare": "pharmacy", "email": null, "dispensing": null, "amenity": "pharmacy", "addr:street": "Georg-Wopfner-Straße", "addr:postcode": "80939", "addr:housenumber": "60", "addr:country": "DE", "addr:city": "München" }, "geometry": { "type": "Point", "coordinates": [ 11.6147544, 48.1930026 ] } },
{ "type": "Feature", "properties": { "full_id": "n303288626", "osm_id": "303288626", "osm_type": "node", "wikipedia": null, "opening_hours:visitors": null, "name:en": null, "payment:coins": null, "full_name": null, "contact:twitter": null, "start_date": null, "old_name": null, "payment:lightning_contactless": null, "payment:lightning": null, "currency:XBT": null, "payment:v_pay": null, "layer": null, "addr:unit": null, "emergency": null, "payment:girocard_contactless": null, "payment:unionpay": null, "payment:paypal": null, "payment:maestro": null, "payment:jcb": null, "payment:ec": null, "payment:american_express": null, "payment:alipay": null, "wikidata": null, "operator:type": null, "official_name": null, "healthcare:speciality": null, "beds": null, "description": null, "wheelchair:description": null, "shop": null, "brand:wikipedia": null, "brand:wikidata": null, "brand": null, "branch": null, "addr:suburb": null, "payment:visa": null, "payment:mastercard": null, "payment:ec_cards": null, "wheelchair:description:de": null, "addr:housename": null, "toilets": null, "payment:qr_code": null, "payment:cards": null, "opening_hours:signed": null, "payment:girocard": null, "internet_access": null, "medical_system:western": null, "health_facility:type": null, "toilets:wheelchair": null, "contact:instagram": null, "contact:facebook": null, "payment:debit_cards": null, "payment:credit_cards": null, "addr:floor": null, "drive_through": null, "payment:cash": null, "contact:email": null, "contact:website": null, "owner": null, "contact:phone": null, "contact:fax": null, "name:de": null, "check_date": null, "fax": null, "wheelchair": "yes", "check_date:opening_hours": null, "website": "https://www.viktoriaapotheke.com/", "phone": "+49 89 3513878", "operator": null, "opening_hours": "Mo,Tu,Th 08:30-18:30; We,Fr 08:30-18:00; Sa 08:30-13:00", "name": "Viktoria-Apotheke", "level": null, "healthcare": "pharmacy", "email": "info@viktoriaapotheke.com", "dispensing": null, "amenity": "pharmacy", "addr:street": "Lerchenauer Straße", "addr:postcode": "80935", "addr:housenumber": "214", "addr:country": null, "addr:city": "München" }, "geometry": { "type": "Point", "coordinates": [ 11.5447763, 48.19856 ] } },
{ "type": "Feature", "properties": { "full_id": "n258189091", "osm_id": "258189091", "osm_type": "node", "wikipedia": null, "opening_hours:visitors": null, "name:en": null, "payment:coins": null, "full_name": null, "contact:twitter": null, "start_date": null, "old_name": null, "payment:lightning_contactless": null, "payment:lightning": null, "currency:XBT": null, "payment:v_pay": null, "layer": null, "addr:unit": null, "emergency": null, "payment:girocard_contactless": null, "payment:unionpay": null, "payment:paypal": null, "payment:maestro": null, "payment:jcb": null, "payment:ec": null, "payment:american_express": null, "payment:alipay": null, "wikidata": null, "operator:type": null, "official_name": null, "healthcare:speciality": null, "beds": null, "description": null, "wheelchair:description": null, "shop": null, "brand:wikipedia": null, "brand:wikidata": null, "brand": null, "branch": null, "addr:suburb": null, "payment:visa": null, "payment:mastercard": null, "payment:ec_cards": null, "wheelchair:description:de": null, "addr:housename": null, "toilets": null, "payment:qr_code": null, "payment:cards": null, "opening_hours:signed": null, "payment:girocard": null, "internet_access": null, "medical_system:western": null, "health_facility:type": null, "toilets:wheelchair": null, "contact:instagram": null, "contact:facebook": null, "payment:debit_cards": null, "payment:credit_cards": null, "addr:floor": null, "drive_through": null, "payment:cash": null, "contact:email": null, "contact:website": null, "owner": null, "contact:phone": null, "contact:fax": null, "name:de": null, "check_date": null, "fax": "+49 89 3138846", "wheelchair": "yes", "check_date:opening_hours": null, "website": null, "phone": "+49 89 3136626", "operator": null, "opening_hours": "Mo, Tu, Th, Fr 08:30-18:30; We 08:30-18:00; Sa 08:30-12:30", "name": "Gundermann-Apotheke", "level": null, "healthcare": "pharmacy", "email": null, "dispensing": "yes", "amenity": "pharmacy", "addr:street": "Eberwurzstraße", "addr:postcode": "80935", "addr:housenumber": "81", "addr:country": null, "addr:city": "München" }, "geometry": { "type": "Point", "coordinates": [ 11.5530994, 48.2039901 ] } },
{ "type": "Feature", "properties": { "full_id": "n258189061", "osm_id": "258189061", "osm_type": "node", "wikipedia": null, "opening_hours:visitors": null, "name:en": null, "payment:coins": null, "full_name": null, "contact:twitter": null, "start_date": null, "old_name": null, "payment:lightning_contactless": null, "payment:lightning": null, "currency:XBT": null, "payment:v_pay": null, "layer": null, "addr:unit": null, "emergency": null, "payment:girocard_contactless": null, "payment:unionpay": null, "payment:paypal": null, "payment:maestro": null, "payment:jcb": null, "payment:ec": null, "payment:american_express": null, "payment:alipay": null, "wikidata": null, "operator:type": null, "official_name": null, "healthcare:speciality": null, "beds": null, "description": null, "wheelchair:description": null, "shop": null, "brand:wikipedia": null, "brand:wikidata": null, "brand": null, "branch": null, "addr:suburb": "Feldmoching-Hasenbergl", "payment:visa": null, "payment:mastercard": null, "payment:ec_cards": null, "wheelchair:description:de": null, "addr:housename": null, "toilets": null, "payment:qr_code": null, "payment:cards": null, "opening_hours:signed": null, "payment:girocard": null, "internet_access": null, "medical_system:western": null, "health_facility:type": null, "toilets:wheelchair": null, "contact:instagram": null, "contact:facebook": null, "payment:debit_cards": null, "payment:credit_cards": null, "addr:floor": null, "drive_through": null, "payment:cash": null, "contact:email": null, "contact:website": null, "owner": null, "contact:phone": null, "contact:fax": null, "name:de": null, "check_date": null, "fax": null, "wheelchair": "yes", "check_date:opening_hours": null, "website": "https://www.lilien-apotheke.de", "phone": "+49 89 3123900", "operator": null, "opening_hours": "Mo-Fr 08:00-18:30; Sa 08:00-12:30", "name": "Lilienapotheke", "level": null, "healthcare": "pharmacy", "email": null, "dispensing": "yes", "amenity": "pharmacy", "addr:street": "Ittlingerstraße", "addr:postcode": "80933", "addr:housenumber": "53", "addr:country": "DE", "addr:city": "München" }, "geometry": { "type": "Point", "coordinates": [ 11.5560008, 48.2124296 ] } },
{ "type": "Feature", "properties": { "full_id": "n2989750460", "osm_id": "2989750460", "osm_type": "node", "wikipedia": null, "opening_hours:visitors": null, "name:en": null, "payment:coins": null, "full_name": null, "contact:twitter": null, "start_date": null, "old_name": null, "payment:lightning_contactless": null, "payment:lightning": null, "currency:XBT": null, "payment:v_pay": null, "layer": null, "addr:unit": null, "emergency": null, "payment:girocard_contactless": null, "payment:unionpay": null, "payment:paypal": null, "payment:maestro": null, "payment:jcb": null, "payment:ec": null, "payment:american_express": null, "payment:alipay": null, "wikidata": null, "operator:type": null, "official_name": null, "healthcare:speciality": null, "beds": null, "description": null, "wheelchair:description": null, "shop": null, "brand:wikipedia": null, "brand:wikidata": null, "brand": null, "branch": null, "addr:suburb": "Feldmoching-Hasenbergl", "payment:visa": null, "payment:mastercard": null, "payment:ec_cards": null, "wheelchair:description:de": null, "addr:housename": null, "toilets": null, "payment:qr_code": null, "payment:cards": null, "opening_hours:signed": null, "payment:girocard": null, "internet_access": null, "medical_system:western": null, "health_facility:type": null, "toilets:wheelchair": null, "contact:instagram": null, "contact:facebook": null, "payment:debit_cards": null, "payment:credit_cards": null, "addr:floor": null, "drive_through": null, "payment:cash": null, "contact:email": null, "contact:website": null, "owner": null, "contact:phone": null, "contact:fax": null, "name:de": null, "check_date": null, "fax": null, "wheelchair": "yes", "check_date:opening_hours": null, "website": "https://hasenapotheke.de", "phone": "+49893132365", "operator": null, "opening_hours": "Mo-Fr 08:30-18:30; Sa 08:30-12:30", "name": "Hasen-Apotheke", "level": null, "healthcare": "pharmacy", "email": null, "dispensing": null, "amenity": "pharmacy", "addr:street": "Blodigstraße", "addr:postcode": "80933", "addr:housenumber": "4", "addr:country": "DE", "addr:city": "München" }, "geometry": { "type": "Point", "coordinates": [ 11.5573349, 48.2142647 ] } },
{ "type": "Feature", "properties": { "full_id": "n313465729", "osm_id": "313465729", "osm_type": "node", "wikipedia": null, "opening_hours:visitors": null, "name:en": null, "payment:coins": null, "full_name": null, "contact:twitter": null, "start_date": null, "old_name": null, "payment:lightning_contactless": null, "payment:lightning": null, "currency:XBT": null, "payment:v_pay": null, "layer": null, "addr:unit": null, "emergency": null, "payment:girocard_contactless": null, "payment:unionpay": null, "payment:paypal": null, "payment:maestro": null, "payment:jcb": null, "payment:ec": null, "payment:american_express": null, "payment:alipay": null, "wikidata": null, "operator:type": null, "official_name": null, "healthcare:speciality": null, "beds": null, "description": null, "wheelchair:description": null, "shop": null, "brand:wikipedia": null, "brand:wikidata": null, "brand": null, "branch": null, "addr:suburb": "Feldmoching-Hasenbergl", "payment:visa": null, "payment:mastercard": null, "payment:ec_cards": null, "wheelchair:description:de": null, "addr:housename": null, "toilets": null, "payment:qr_code": null, "payment:cards": null, "opening_hours:signed": null, "payment:girocard": null, "internet_access": null, "medical_system:western": null, "health_facility:type": null, "toilets:wheelchair": null, "contact:instagram": null, "contact:facebook": null, "payment:debit_cards": null, "payment:credit_cards": null, "addr:floor": null, "drive_through": "no", "payment:cash": null, "contact:email": null, "contact:website": "https://www.kant-apotheke-muenchen.de", "owner": null, "contact:phone": "+49 89 31409630", "contact:fax": null, "name:de": null, "check_date": null, "fax": null, "wheelchair": "yes", "check_date:opening_hours": null, "website": null, "phone": null, "operator": null, "opening_hours": "Mo-Fr 08:00-18:30; Sa 08:00-13:00", "name": "Kant Apotheke", "level": null, "healthcare": "pharmacy", "email": null, "dispensing": "yes", "amenity": "pharmacy", "addr:street": "Aschenbrennerstraße", "addr:postcode": "80933", "addr:housenumber": "8", "addr:country": "DE", "addr:city": "München" }, "geometry": { "type": "Point", "coordinates": [ 11.5581135, 48.2199386 ] } },
{ "type": "Feature", "properties": { "full_id": "n258170356", "osm_id": "258170356", "osm_type": "node", "wikipedia": null, "opening_hours:visitors": null, "name:en": null, "payment:coins": null, "full_name": null, "contact:twitter": null, "start_date": null, "old_name": null, "payment:lightning_contactless": null, "payment:lightning": null, "currency:XBT": null, "payment:v_pay": null, "layer": null, "addr:unit": null, "emergency": null, "payment:girocard_contactless": null, "payment:unionpay": null, "payment:paypal": null, "payment:maestro": null, "payment:jcb": null, "payment:ec": null, "payment:american_express": null, "payment:alipay": null, "wikidata": null, "operator:type": null, "official_name": null, "healthcare:speciality": null, "beds": null, "description": null, "wheelchair:description": null, "shop": null, "brand:wikipedia": null, "brand:wikidata": null, "brand": null, "branch": null, "addr:suburb": null, "payment:visa": null, "payment:mastercard": null, "payment:ec_cards": null, "wheelchair:description:de": null, "addr:housename": null, "toilets": null, "payment:qr_code": null, "payment:cards": null, "opening_hours:signed": null, "payment:girocard": null, "internet_access": null, "medical_system:western": null, "health_facility:type": null, "toilets:wheelchair": null, "contact:instagram": null, "contact:facebook": null, "payment:debit_cards": null, "payment:credit_cards": null, "addr:floor": null, "drive_through": null, "payment:cash": null, "contact:email": null, "contact:website": null, "owner": null, "contact:phone": null, "contact:fax": null, "name:de": null, "check_date": null, "fax": null, "wheelchair": null, "check_date:opening_hours": null, "website": null, "phone": null, "operator": null, "opening_hours": null, "name": "Apotheke am Hart", "level": null, "healthcare": "pharmacy", "email": null, "dispensing": "yes", "amenity": "pharmacy", "addr:street": "Weyprechtstraße", "addr:postcode": null, "addr:housenumber": "80", "addr:country": null, "addr:city": null }, "geometry": { "type": "Point", "coordinates": [ 11.5720061, 48.2048216 ] } },
{ "type": "Feature", "properties": { "full_id": "n1324405584", "osm_id": "1324405584", "osm_type": "node", "wikipedia": null, "opening_hours:visitors": null, "name:en": null, "payment:coins": null, "full_name": null, "contact:twitter": null, "start_date": null, "old_name": null, "payment:lightning_contactless": null, "payment:lightning": null, "currency:XBT": null, "payment:v_pay": null, "layer": null, "addr:unit": null, "emergency": null, "payment:girocard_contactless": null, "payment:unionpay": null, "payment:paypal": null, "payment:maestro": null, "payment:jcb": null, "payment:ec": null, "payment:american_express": null, "payment:alipay": null, "wikidata": null, "operator:type": null, "official_name": null, "healthcare:speciality": null, "beds": null, "description": null, "wheelchair:description": null, "shop": null, "brand:wikipedia": null, "brand:wikidata": null, "brand": null, "branch": null, "addr:suburb": null, "payment:visa": null, "payment:mastercard": null, "payment:ec_cards": null, "wheelchair:description:de": null, "addr:housename": null, "toilets": null, "payment:qr_code": null, "payment:cards": null, "opening_hours:signed": null, "payment:girocard": null, "internet_access": null, "medical_system:western": null, "health_facility:type": null, "toilets:wheelchair": null, "contact:instagram": null, "contact:facebook": null, "payment:debit_cards": null, "payment:credit_cards": null, "addr:floor": null, "drive_through": null, "payment:cash": null, "contact:email": null, "contact:website": null, "owner": null, "contact:phone": null, "contact:fax": null, "name:de": null, "check_date": "2026-07-03", "fax": null, "wheelchair": "yes", "check_date:opening_hours": null, "website": null, "phone": null, "operator": null, "opening_hours": "Mo-Fr 08:30-18:30; Sa 08:30-13:00", "name": "Harthof Apotheke", "level": null, "healthcare": "pharmacy", "email": null, "dispensing": null, "amenity": "pharmacy", "addr:street": null, "addr:postcode": null, "addr:housenumber": null, "addr:country": null, "addr:city": null }, "geometry": { "type": "Point", "coordinates": [ 11.563982, 48.2069952 ] } },
{ "type": "Feature", "properties": { "full_id": "n389457971", "osm_id": "389457971", "osm_type": "node", "wikipedia": null, "opening_hours:visitors": null, "name:en": null, "payment:coins": null, "full_name": null, "contact:twitter": null, "start_date": null, "old_name": null, "payment:lightning_contactless": null, "payment:lightning": null, "currency:XBT": null, "payment:v_pay": null, "layer": null, "addr:unit": null, "emergency": null, "payment:girocard_contactless": null, "payment:unionpay": null, "payment:paypal": null, "payment:maestro": null, "payment:jcb": null, "payment:ec": null, "payment:american_express": null, "payment:alipay": null, "wikidata": null, "operator:type": null, "official_name": null, "healthcare:speciality": null, "beds": null, "description": null, "wheelchair:description": null, "shop": null, "brand:wikipedia": null, "brand:wikidata": null, "brand": null, "branch": null, "addr:suburb": null, "payment:visa": null, "payment:mastercard": null, "payment:ec_cards": null, "wheelchair:description:de": null, "addr:housename": null, "toilets": null, "payment:qr_code": null, "payment:cards": null, "opening_hours:signed": null, "payment:girocard": null, "internet_access": null, "medical_system:western": null, "health_facility:type": null, "toilets:wheelchair": null, "contact:instagram": null, "contact:facebook": null, "payment:debit_cards": null, "payment:credit_cards": null, "addr:floor": null, "drive_through": null, "payment:cash": null, "contact:email": null, "contact:website": null, "owner": null, "contact:phone": null, "contact:fax": null, "name:de": null, "check_date": null, "fax": null, "wheelchair": "yes", "check_date:opening_hours": null, "website": "https://www.baum-und-harthof-apotheken.de/", "phone": null, "operator": null, "opening_hours": "Mo-Fr 08:00-20:00; Sa 08:00-16:00; PH off", "name": "Baum-Apotheke", "level": null, "healthcare": "pharmacy", "email": null, "dispensing": "no", "amenity": "pharmacy", "addr:street": null, "addr:postcode": null, "addr:housenumber": null, "addr:country": null, "addr:city": null }, "geometry": { "type": "Point", "coordinates": [ 11.5678863, 48.2096458 ] } },
{ "type": "Feature", "properties": { "full_id": "n905586680", "osm_id": "905586680", "osm_type": "node", "wikipedia": null, "opening_hours:visitors": null, "name:en": null, "payment:coins": null, "full_name": null, "contact:twitter": null, "start_date": null, "old_name": null, "payment:lightning_contactless": null, "payment:lightning": null, "currency:XBT": null, "payment:v_pay": null, "layer": null, "addr:unit": null, "emergency": null, "payment:girocard_contactless": null, "payment:unionpay": null, "payment:paypal": null, "payment:maestro": null, "payment:jcb": null, "payment:ec": null, "payment:american_express": null, "payment:alipay": null, "wikidata": null, "operator:type": null, "official_name": null, "healthcare:speciality": null, "beds": null, "description": null, "wheelchair:description": null, "shop": null, "brand:wikipedia": null, "brand:wikidata": null, "brand": null, "branch": null, "addr:suburb": null, "payment:visa": null, "payment:mastercard": null, "payment:ec_cards": null, "wheelchair:description:de": null, "addr:housename": null, "toilets": null, "payment:qr_code": null, "payment:cards": null, "opening_hours:signed": null, "payment:girocard": null, "internet_access": null, "medical_system:western": null, "health_facility:type": null, "toilets:wheelchair": null, "contact:instagram": null, "contact:facebook": null, "payment:debit_cards": null, "payment:credit_cards": null, "addr:floor": null, "drive_through": null, "payment:cash": null, "contact:email": null, "contact:website": null, "owner": null, "contact:phone": null, "contact:fax": null, "name:de": null, "check_date": null, "fax": null, "wheelchair": null, "check_date:opening_hours": null, "website": null, "phone": null, "operator": null, "opening_hours": "Mo-Fr 08:30-18:30", "name": "Efeu Apotheke", "level": null, "healthcare": "pharmacy", "email": null, "dispensing": "yes", "amenity": "pharmacy", "addr:street": "Ingolstädter Straße", "addr:postcode": "80939", "addr:housenumber": "166", "addr:country": null, "addr:city": "München" }, "geometry": { "type": "Point", "coordinates": [ 11.5863458, 48.2023583 ] } },
{ "type": "Feature", "properties": { "full_id": "n258170403", "osm_id": "258170403", "osm_type": "node", "wikipedia": null, "opening_hours:visitors": null, "name:en": null, "payment:coins": null, "full_name": null, "contact:twitter": null, "start_date": null, "old_name": null, "payment:lightning_contactless": null, "payment:lightning": null, "currency:XBT": null, "payment:v_pay": null, "layer": null, "addr:unit": null, "emergency": null, "payment:girocard_contactless": null, "payment:unionpay": null, "payment:paypal": null, "payment:maestro": null, "payment:jcb": null, "payment:ec": null, "payment:american_express": null, "payment:alipay": null, "wikidata": null, "operator:type": null, "official_name": null, "healthcare:speciality": null, "beds": null, "description": null, "wheelchair:description": null, "shop": null, "brand:wikipedia": null, "brand:wikidata": null, "brand": null, "branch": null, "addr:suburb": null, "payment:visa": null, "payment:mastercard": null, "payment:ec_cards": null, "wheelchair:description:de": null, "addr:housename": null, "toilets": null, "payment:qr_code": null, "payment:cards": null, "opening_hours:signed": null, "payment:girocard": null, "internet_access": null, "medical_system:western": null, "health_facility:type": null, "toilets:wheelchair": null, "contact:instagram": null, "contact:facebook": null, "payment:debit_cards": null, "payment:credit_cards": null, "addr:floor": null, "drive_through": null, "payment:cash": null, "contact:email": "muenchen-mira@domos-apotheke.de", "contact:website": null, "owner": null, "contact:phone": "+49 89 780 728 330", "contact:fax": "+49 89 780 728 333", "name:de": null, "check_date": null, "fax": null, "wheelchair": "yes", "check_date:opening_hours": null, "website": null, "phone": null, "operator": "Gitta Chucholowius", "opening_hours": "Mo-Fr 09:00-19:00; Sa 09:00-18:00", "name": "Domos", "level": "0", "healthcare": "pharmacy", "email": null, "dispensing": null, "amenity": "pharmacy", "addr:street": "Schleißheimer Straße", "addr:postcode": "80933", "addr:housenumber": "504", "addr:country": "DE", "addr:city": "München" }, "geometry": { "type": "Point", "coordinates": [ 11.5636112, 48.212194 ] } },
{ "type": "Feature", "properties": { "full_id": "n1598962239", "osm_id": "1598962239", "osm_type": "node", "wikipedia": null, "opening_hours:visitors": null, "name:en": null, "payment:coins": null, "full_name": null, "contact:twitter": null, "start_date": null, "old_name": null, "payment:lightning_contactless": null, "payment:lightning": null, "currency:XBT": null, "payment:v_pay": null, "layer": null, "addr:unit": null, "emergency": "no", "payment:girocard_contactless": null, "payment:unionpay": null, "payment:paypal": null, "payment:maestro": null, "payment:jcb": null, "payment:ec": null, "payment:american_express": null, "payment:alipay": null, "wikidata": null, "operator:type": null, "official_name": null, "healthcare:speciality": null, "beds": null, "description": null, "wheelchair:description": null, "shop": null, "brand:wikipedia": null, "brand:wikidata": null, "brand": null, "branch": null, "addr:suburb": null, "payment:visa": null, "payment:mastercard": null, "payment:ec_cards": null, "wheelchair:description:de": null, "addr:housename": null, "toilets": null, "payment:qr_code": null, "payment:cards": null, "opening_hours:signed": null, "payment:girocard": null, "internet_access": null, "medical_system:western": null, "health_facility:type": null, "toilets:wheelchair": null, "contact:instagram": null, "contact:facebook": null, "payment:debit_cards": null, "payment:credit_cards": null, "addr:floor": null, "drive_through": null, "payment:cash": null, "contact:email": null, "contact:website": null, "owner": null, "contact:phone": null, "contact:fax": null, "name:de": null, "check_date": null, "fax": null, "wheelchair": null, "check_date:opening_hours": null, "website": "https://klinik-mednord.de/", "phone": null, "operator": "Klinik mednord Dr. Pfützenreuter", "opening_hours": null, "name": "Klinik mednord", "level": null, "healthcare": "hospital", "email": null, "dispensing": null, "amenity": "hospital", "addr:street": null, "addr:postcode": null, "addr:housenumber": null, "addr:country": null, "addr:city": null }, "geometry": { "type": "Point", "coordinates": [ 11.5872598, 48.2018974 ] } },
{ "type": "Feature", "properties": { "full_id": "n1598964034", "osm_id": "1598964034", "osm_type": "node", "wikipedia": null, "opening_hours:visitors": null, "name:en": "Clinic for Neurosurgery, Plastic and Aesthetic Surgery, Surgery, and Orthopedics", "payment:coins": null, "full_name": null, "contact:twitter": null, "start_date": null, "old_name": null, "payment:lightning_contactless": null, "payment:lightning": null, "currency:XBT": null, "payment:v_pay": null, "layer": null, "addr:unit": null, "emergency": "no", "payment:girocard_contactless": null, "payment:unionpay": null, "payment:paypal": null, "payment:maestro": null, "payment:jcb": null, "payment:ec": null, "payment:american_express": null, "payment:alipay": null, "wikidata": null, "operator:type": null, "official_name": null, "healthcare:speciality": null, "beds": null, "description": null, "wheelchair:description": null, "shop": null, "brand:wikipedia": null, "brand:wikidata": null, "brand": null, "branch": null, "addr:suburb": null, "payment:visa": null, "payment:mastercard": null, "payment:ec_cards": null, "wheelchair:description:de": null, "addr:housename": null, "toilets": null, "payment:qr_code": null, "payment:cards": null, "opening_hours:signed": null, "payment:girocard": null, "internet_access": null, "medical_system:western": null, "health_facility:type": null, "toilets:wheelchair": null, "contact:instagram": null, "contact:facebook": null, "payment:debit_cards": null, "payment:credit_cards": null, "addr:floor": null, "drive_through": null, "payment:cash": null, "contact:email": null, "contact:website": null, "owner": null, "contact:phone": null, "contact:fax": null, "name:de": null, "check_date": null, "fax": null, "wheelchair": null, "check_date:opening_hours": null, "website": null, "phone": null, "operator": "Klinik mednord Dr. Pfützenreuter", "opening_hours": null, "name": "Belegklinikfür Neurochirurgie, plastisch-ästhetische Chirurgie,Chirurgie und Orthopädie", "level": null, "healthcare": "hospital", "email": null, "dispensing": null, "amenity": "hospital", "addr:street": null, "addr:postcode": null, "addr:housenumber": null, "addr:country": null, "addr:city": null }, "geometry": { "type": "Point", "coordinates": [ 11.5872518, 48.2018439 ] } },
{ "type": "Feature", "properties": { "full_id": "n261823346", "osm_id": "261823346", "osm_type": "node", "wikipedia": null, "opening_hours:visitors": null, "name:en": null, "payment:coins": null, "full_name": null, "contact:twitter": null, "start_date": null, "old_name": null, "payment:lightning_contactless": null, "payment:lightning": null, "currency:XBT": null, "payment:v_pay": null, "layer": null, "addr:unit": null, "emergency": null, "payment:girocard_contactless": null, "payment:unionpay": null, "payment:paypal": null, "payment:maestro": null, "payment:jcb": null, "payment:ec": null, "payment:american_express": null, "payment:alipay": null, "wikidata": null, "operator:type": null, "official_name": null, "healthcare:speciality": null, "beds": null, "description": null, "wheelchair:description": null, "shop": null, "brand:wikipedia": null, "brand:wikidata": null, "brand": null, "branch": null, "addr:suburb": null, "payment:visa": null, "payment:mastercard": null, "payment:ec_cards": null, "wheelchair:description:de": null, "addr:housename": null, "toilets": null, "payment:qr_code": null, "payment:cards": null, "opening_hours:signed": null, "payment:girocard": null, "internet_access": null, "medical_system:western": null, "health_facility:type": null, "toilets:wheelchair": null, "contact:instagram": null, "contact:facebook": null, "payment:debit_cards": null, "payment:credit_cards": null, "addr:floor": null, "drive_through": null, "payment:cash": null, "contact:email": null, "contact:website": null, "owner": null, "contact:phone": null, "contact:fax": null, "name:de": null, "check_date": null, "fax": null, "wheelchair": "yes", "check_date:opening_hours": "2025-08-23", "website": null, "phone": null, "operator": null, "opening_hours": "Mo-Fr 08:15-18:00", "name": "Heide-Markt-Apotheke", "level": null, "healthcare": "pharmacy", "email": null, "dispensing": null, "amenity": "pharmacy", "addr:street": null, "addr:postcode": null, "addr:housenumber": null, "addr:country": null, "addr:city": null }, "geometry": { "type": "Point", "coordinates": [ 11.6066047, 48.201827 ] } },
{ "type": "Feature", "properties": { "full_id": "n289400347", "osm_id": "289400347", "osm_type": "node", "wikipedia": null, "opening_hours:visitors": null, "name:en": null, "payment:coins": null, "full_name": null, "contact:twitter": null, "start_date": null, "old_name": null, "payment:lightning_contactless": null, "payment:lightning": null, "currency:XBT": null, "payment:v_pay": null, "layer": null, "addr:unit": null, "emergency": null, "payment:girocard_contactless": null, "payment:unionpay": null, "payment:paypal": null, "payment:maestro": null, "payment:jcb": null, "payment:ec": null, "payment:american_express": null, "payment:alipay": null, "wikidata": null, "operator:type": null, "official_name": null, "healthcare:speciality": null, "beds": null, "description": null, "wheelchair:description": null, "shop": null, "brand:wikipedia": null, "brand:wikidata": null, "brand": null, "branch": null, "addr:suburb": null, "payment:visa": null, "payment:mastercard": null, "payment:ec_cards": null, "wheelchair:description:de": null, "addr:housename": null, "toilets": null, "payment:qr_code": null, "payment:cards": null, "opening_hours:signed": null, "payment:girocard": null, "internet_access": null, "medical_system:western": null, "health_facility:type": null, "toilets:wheelchair": null, "contact:instagram": null, "contact:facebook": null, "payment:debit_cards": null, "payment:credit_cards": null, "addr:floor": null, "drive_through": null, "payment:cash": null, "contact:email": null, "contact:website": null, "owner": null, "contact:phone": null, "contact:fax": null, "name:de": null, "check_date": null, "fax": null, "wheelchair": "yes", "check_date:opening_hours": "2024-05-10", "website": null, "phone": null, "operator": null, "opening_hours": "Mo-Fr 08:00-18:30; Sa 08:30-13:00", "name": "Atrium Apotheke", "level": null, "healthcare": "pharmacy", "email": null, "dispensing": null, "amenity": "pharmacy", "addr:street": null, "addr:postcode": null, "addr:housenumber": null, "addr:country": null, "addr:city": null }, "geometry": { "type": "Point", "coordinates": [ 11.6406721, 48.1461933 ] } },
{ "type": "Feature", "properties": { "full_id": "n295095058", "osm_id": "295095058", "osm_type": "node", "wikipedia": null, "opening_hours:visitors": null, "name:en": null, "payment:coins": null, "full_name": null, "contact:twitter": null, "start_date": null, "old_name": null, "payment:lightning_contactless": null, "payment:lightning": null, "currency:XBT": null, "payment:v_pay": null, "layer": null, "addr:unit": null, "emergency": null, "payment:girocard_contactless": null, "payment:unionpay": null, "payment:paypal": null, "payment:maestro": null, "payment:jcb": null, "payment:ec": null, "payment:american_express": null, "payment:alipay": null, "wikidata": null, "operator:type": null, "official_name": null, "healthcare:speciality": null, "beds": null, "description": null, "wheelchair:description": null, "shop": null, "brand:wikipedia": null, "brand:wikidata": null, "brand": null, "branch": null, "addr:suburb": null, "payment:visa": null, "payment:mastercard": null, "payment:ec_cards": null, "wheelchair:description:de": null, "addr:housename": null, "toilets": null, "payment:qr_code": null, "payment:cards": null, "opening_hours:signed": null, "payment:girocard": null, "internet_access": null, "medical_system:western": null, "health_facility:type": null, "toilets:wheelchair": "no", "contact:instagram": null, "contact:facebook": null, "payment:debit_cards": null, "payment:credit_cards": null, "addr:floor": null, "drive_through": null, "payment:cash": null, "contact:email": null, "contact:website": null, "owner": null, "contact:phone": null, "contact:fax": null, "name:de": null, "check_date": null, "fax": null, "wheelchair": "yes", "check_date:opening_hours": "2023-03-06", "website": null, "phone": null, "operator": null, "opening_hours": "Mo-Fr 08:30-18:30; Sa 08:30-13:00", "name": "Quellen-Apotheke", "level": null, "healthcare": "pharmacy", "email": null, "dispensing": null, "amenity": "pharmacy", "addr:street": null, "addr:postcode": null, "addr:housenumber": null, "addr:country": null, "addr:city": null }, "geometry": { "type": "Point", "coordinates": [ 11.6403849, 48.1467157 ] } },
{ "type": "Feature", "properties": { "full_id": "n2627559085", "osm_id": "2627559085", "osm_type": "node", "wikipedia": null, "opening_hours:visitors": null, "name:en": null, "payment:coins": null, "full_name": null, "contact:twitter": null, "start_date": null, "old_name": null, "payment:lightning_contactless": null, "payment:lightning": null, "currency:XBT": null, "payment:v_pay": null, "layer": null, "addr:unit": null, "emergency": null, "payment:girocard_contactless": null, "payment:unionpay": null, "payment:paypal": null, "payment:maestro": null, "payment:jcb": null, "payment:ec": null, "payment:american_express": null, "payment:alipay": null, "wikidata": null, "operator:type": null, "official_name": null, "healthcare:speciality": null, "beds": null, "description": null, "wheelchair:description": null, "shop": null, "brand:wikipedia": null, "brand:wikidata": null, "brand": null, "branch": null, "addr:suburb": null, "payment:visa": null, "payment:mastercard": null, "payment:ec_cards": null, "wheelchair:description:de": null, "addr:housename": null, "toilets": null, "payment:qr_code": null, "payment:cards": null, "opening_hours:signed": null, "payment:girocard": null, "internet_access": null, "medical_system:western": null, "health_facility:type": null, "toilets:wheelchair": null, "contact:instagram": null, "contact:facebook": null, "payment:debit_cards": null, "payment:credit_cards": null, "addr:floor": null, "drive_through": null, "payment:cash": null, "contact:email": null, "contact:website": null, "owner": null, "contact:phone": null, "contact:fax": null, "name:de": null, "check_date": null, "fax": null, "wheelchair": "yes", "check_date:opening_hours": "2024-03-31", "website": null, "phone": null, "operator": null, "opening_hours": "Mo-Fr 08:30-18:30; Sa 08:30-14:00; Su off", "name": "Fidelio Apotheke", "level": null, "healthcare": "pharmacy", "email": null, "dispensing": null, "amenity": "pharmacy", "addr:street": "Freischützstraße", "addr:postcode": "81927", "addr:housenumber": "15", "addr:country": null, "addr:city": "München" }, "geometry": { "type": "Point", "coordinates": [ 11.6415204, 48.1580888 ] } },
{ "type": "Feature", "properties": { "full_id": "n249311656", "osm_id": "249311656", "osm_type": "node", "wikipedia": null, "opening_hours:visitors": null, "name:en": null, "payment:coins": null, "full_name": null, "contact:twitter": null, "start_date": null, "old_name": null, "payment:lightning_contactless": null, "payment:lightning": null, "currency:XBT": null, "payment:v_pay": null, "layer": null, "addr:unit": null, "emergency": null, "payment:girocard_contactless": null, "payment:unionpay": null, "payment:paypal": null, "payment:maestro": "yes", "payment:jcb": null, "payment:ec": null, "payment:american_express": null, "payment:alipay": null, "wikidata": null, "operator:type": null, "official_name": null, "healthcare:speciality": null, "beds": null, "description": null, "wheelchair:description": null, "shop": null, "brand:wikipedia": null, "brand:wikidata": null, "brand": null, "branch": null, "addr:suburb": null, "payment:visa": null, "payment:mastercard": null, "payment:ec_cards": null, "wheelchair:description:de": null, "addr:housename": null, "toilets": null, "payment:qr_code": null, "payment:cards": null, "opening_hours:signed": null, "payment:girocard": null, "internet_access": null, "medical_system:western": null, "health_facility:type": null, "toilets:wheelchair": null, "contact:instagram": null, "contact:facebook": null, "payment:debit_cards": null, "payment:credit_cards": null, "addr:floor": null, "drive_through": "no", "payment:cash": "yes", "contact:email": null, "contact:website": null, "owner": null, "contact:phone": null, "contact:fax": null, "name:de": null, "check_date": null, "fax": null, "wheelchair": "no", "check_date:opening_hours": "2026-02-21", "website": null, "phone": "+49 89 956075", "operator": "Ulrike Echtler", "opening_hours": "Sa 08:00-12:30; Mo-Th 08:00-18:30; Fr 08:00-18:00", "name": "Freischütz-Apotheke", "level": "0", "healthcare": "pharmacy", "email": null, "dispensing": null, "amenity": "pharmacy", "addr:street": "Freischützstraße", "addr:postcode": "81927", "addr:housenumber": "55", "addr:country": null, "addr:city": "München" }, "geometry": { "type": "Point", "coordinates": [ 11.644419, 48.1651118 ] } },
{ "type": "Feature", "properties": { "full_id": "n339295865", "osm_id": "339295865", "osm_type": "node", "wikipedia": null, "opening_hours:visitors": null, "name:en": null, "payment:coins": null, "full_name": null, "contact:twitter": null, "start_date": null, "old_name": null, "payment:lightning_contactless": null, "payment:lightning": null, "currency:XBT": null, "payment:v_pay": null, "layer": null, "addr:unit": null, "emergency": null, "payment:girocard_contactless": null, "payment:unionpay": null, "payment:paypal": null, "payment:maestro": null, "payment:jcb": null, "payment:ec": null, "payment:american_express": null, "payment:alipay": null, "wikidata": null, "operator:type": null, "official_name": null, "healthcare:speciality": null, "beds": null, "description": null, "wheelchair:description": null, "shop": null, "brand:wikipedia": null, "brand:wikidata": null, "brand": null, "branch": null, "addr:suburb": null, "payment:visa": null, "payment:mastercard": null, "payment:ec_cards": null, "wheelchair:description:de": null, "addr:housename": null, "toilets": null, "payment:qr_code": null, "payment:cards": null, "opening_hours:signed": null, "payment:girocard": null, "internet_access": null, "medical_system:western": null, "health_facility:type": null, "toilets:wheelchair": null, "contact:instagram": null, "contact:facebook": null, "payment:debit_cards": null, "payment:credit_cards": null, "addr:floor": null, "drive_through": null, "payment:cash": null, "contact:email": null, "contact:website": null, "owner": null, "contact:phone": null, "contact:fax": null, "name:de": null, "check_date": null, "fax": null, "wheelchair": "yes", "check_date:opening_hours": "2026-02-21", "website": null, "phone": null, "operator": null, "opening_hours": "Mo-Fr 09:00-18:30", "name": "Wolfgang-Amadeus-Apotheke", "level": null, "healthcare": "pharmacy", "email": null, "dispensing": "yes", "amenity": "pharmacy", "addr:street": null, "addr:postcode": null, "addr:housenumber": null, "addr:country": null, "addr:city": null }, "geometry": { "type": "Point", "coordinates": [ 11.6445861, 48.168058 ] } }
]
}
