{"type":"FeatureCollection","features":[{"type":"Feature","properties":{},"geometry":{"type":"MultiPolygon","coordinates":[[[[11.6047715,48.1265269],[11.604435,48.1263045],[11.6044652,48.1262844],[11.6048002,48.1264953],[11.6061724,48.1274093],[11.606373,48.1275415],[11.607636,48.1283886],[11.6080112,48.1286602],[11.6082861,48.1288893],[11.6082699,48.1289006],[11.6082555,48.1289106],[11.6080084,48.1287477],[11.6076485,48.1285077],[11.6062876,48.1275994],[11.6060842,48.127468],[11.6047196,48.1265612],[11.6047715,48.1265269]],[[11.6061143,48.1274477],[11.6061428,48.1274285],[11.6062027,48.1274682],[11.6061742,48.1274873],[11.6061143,48.1274477]],[[11.6062415,48.127541],[11.6062683,48.1275234],[11.6063274,48.1275635],[11.6063141,48.1275723],[11.6063006,48.1275811],[11.6062415,48.127541]]],[[[11.6041222,48.1259207],[11.604696,48.126228],[11.6048897,48.1263446],[11.6063304,48.1273061],[11.6065331,48.1274331],[11.6067908,48.1276029],[11.6074071,48.1280218],[11.6076926,48.1282563],[11.6076444,48.1282878],[11.6073079,48.1280622],[11.6067069,48.1276609],[11.6064471,48.1274894],[11.6062517,48.127358],[11.6047973,48.1263919],[11.6040731,48.1259591],[11.6041222,48.1259207]],[[11.606276,48.1273418],[11.6063045,48.1273227],[11.6063642,48.1273623],[11.6063357,48.1273814],[11.606276,48.1273418]],[[11.6064112,48.1274327],[11.6064399,48.1274137],[11.6064989,48.1274534],[11.6064846,48.1274629],[11.6064703,48.1274724],[11.6064112,48.1274327]],[[11.6064328,48.1273906],[11.6064139,48.1274031],[11.606433,48.1274161],[11.606452,48.1274037],[11.6064328,48.1273906]]],[[[11.6041297,48.1271025],[11.6043354,48.1272334],[11.6045233,48.1273591],[11.6053793,48.1279332],[11.6055665,48.1280576],[11.6061426,48.1284399],[11.6060563,48.1284956],[11.6054816,48.1281121],[11.6052943,48.1279878],[11.6044393,48.1274138],[11.6042513,48.1272863],[11.6040584,48.1271463],[11.6041297,48.1271025]],[[11.6054718,48.128041],[11.605453,48.1280535],[11.6055124,48.1280932],[11.6055306,48.1280809],[11.605491,48.128054],[11.6054718,48.128041]],[[11.6053873,48.128006],[11.6053283,48.1279663],[11.6053487,48.1279525],[11.6054079,48.1279924],[11.6053873,48.128006]],[[11.6043685,48.1272885],[11.6043396,48.1273075],[11.6042808,48.1272675],[11.6043098,48.1272485],[11.6043685,48.1272885]],[[11.6044042,48.1273576],[11.6044418,48.1273329],[11.604501,48.127373],[11.604464,48.1273975],[11.6044042,48.1273576]]],[[[11.6062302,48.1283814],[11.6056587,48.1279976],[11.6054674,48.1278734],[11.6046068,48.1273023],[11.6044176,48.1271774],[11.604212,48.1270445],[11.6043101,48.1269785],[11.6045195,48.1271136],[11.6047056,48.1272391],[11.6055619,48.1278134],[11.6057439,48.1279404],[11.6063186,48.1283224],[11.6062302,48.1283814]],[[11.6044553,48.1271532],[11.6044839,48.1271342],[11.6045431,48.1271741],[11.6045142,48.1271931],[11.6044553,48.1271532]],[[11.6054916,48.1278584],[11.6055203,48.1278392],[11.60558,48.1278789],[11.6055514,48.1278981],[11.6054916,48.1278584]],[[11.6056229,48.1279412],[11.6056817,48.1279814],[11.6056918,48.1279748],[11.605709,48.1279637],[11.6056481,48.1279242],[11.6056229,48.1279412]],[[11.6045767,48.1272445],[11.6046166,48.1272185],[11.6046753,48.1272582],[11.6046356,48.1272844],[11.6045767,48.1272445]]],[[[11.6077079,48.1290617],[11.6064487,48.1282374],[11.6064036,48.1282674],[11.605827,48.1278867],[11.6056388,48.1277601],[11.6047801,48.1271885],[11.6043873,48.1269274],[11.6044492,48.1268887],[11.6042034,48.1267272],[11.6042426,48.1267011],[11.6048809,48.1271237],[11.605736,48.1276973],[11.6059256,48.1278231],[11.6077484,48.1290334],[11.6077079,48.1290617]],[[11.6056729,48.1277382],[11.6057014,48.127719],[11.605761,48.1277585],[11.6057325,48.1277777],[11.6056729,48.1277382]],[[11.6047622,48.1271231],[11.6047911,48.1271041],[11.6048499,48.1271442],[11.604821,48.1271631],[11.6047622,48.1271231]],[[11.6058024,48.1278245],[11.6058302,48.1278059],[11.6058899,48.1278455],[11.6058754,48.1278553],[11.6058621,48.1278642],[11.6058024,48.1278245]]],[[[11.6078466,48.1289938],[11.6069248,48.1283852],[11.6060107,48.1277768],[11.6058142,48.1276462],[11.6049547,48.1270745],[11.6043205,48.1266506],[11.6044154,48.1265852],[11.6050551,48.1270085],[11.605914,48.1275808],[11.6061119,48.1277106],[11.60701,48.1283132],[11.607489,48.128652],[11.6079015,48.1289637],[11.6078466,48.1289938]],[[11.6049978,48.1270471],[11.6050267,48.1270282],[11.604968,48.1269883],[11.6049391,48.1270072],[11.6049978,48.1270471]],[[11.6058506,48.1276219],[11.6058791,48.1276028],[11.6059387,48.1276423],[11.6059103,48.1276614],[11.6058506,48.1276219]],[[11.60598,48.1277097],[11.606009,48.1276906],[11.6060679,48.1277306],[11.6060389,48.1277496],[11.60598,48.1277097]]],[[[11.5957452,48.1186486],[11.5956666,48.1183245],[11.5956313,48.1181792],[11.5954961,48.1175929],[11.595567,48.1175853],[11.5957253,48.1181693],[11.5957619,48.1183133],[11.595876,48.1187615],[11.5959449,48.1190738],[11.5960077,48.119452],[11.5959658,48.1194555],[11.5959272,48.1194587],[11.5958479,48.1190895],[11.5958023,48.118883],[11.5957735,48.1187725],[11.5957452,48.1186486]],[[11.5956602,48.1181767],[11.5956819,48.1181743],[11.5957044,48.1181718],[11.595731,48.1182798],[11.5957095,48.1182822],[11.5956868,48.1182847],[11.5956602,48.1181767]],[[11.5958086,48.1187683],[11.5958301,48.1187661],[11.5958516,48.1187639],[11.595827,48.1186584],[11.5958047,48.1186607],[11.5957841,48.1186628],[11.5958086,48.1187683]]],[[[11.463595,48.1491979],[11.4627837,48.1494471],[11.4623418,48.149577],[11.4620494,48.1496633],[11.4618078,48.1497368],[11.461785,48.1497443],[11.4613763,48.1498685],[11.461199,48.1499196],[11.4602578,48.1502041],[11.4600361,48.1502702],[11.4600028,48.150221],[11.4602128,48.1501442],[11.4605796,48.1500247],[11.4611486,48.1498463],[11.4613264,48.1497915],[11.4617359,48.1496701],[11.4617569,48.1496632],[11.462293,48.1495032],[11.4627354,48.1493768],[11.4636868,48.149108],[11.4637024,48.1491345],[11.4635793,48.1491719],[11.463595,48.1491979]],[[11.4613753,48.1498321],[11.4613999,48.1498246],[11.4613888,48.1498084],[11.4613642,48.149816],[11.4613753,48.1498321]],[[11.4615051,48.1497633],[11.4615276,48.1497974],[11.4617507,48.1497316],[11.4617336,48.149706],[11.4617274,48.1496968],[11.4615051,48.1497633]],[[11.462307,48.1495249],[11.4623178,48.1495413],[11.4623286,48.1495577],[11.4620452,48.149641],[11.4620235,48.1496081],[11.462307,48.1495249]],[[11.4611853,48.1498997],[11.4613022,48.1498645],[11.46128,48.1498316],[11.461163,48.1498668],[11.461174,48.1498833],[11.4611853,48.1498997]]],[[[11.4628902,48.1494938],[11.4623857,48.1496405],[11.4618066,48.1498137],[11.4614187,48.1499297],[11.4612425,48.1499826],[11.4609517,48.1500703],[11.4603166,48.1502685],[11.4603341,48.1502949],[11.4602605,48.150317],[11.4602912,48.15036],[11.4610028,48.150146],[11.4612943,48.1500588],[11.46147,48.1500054],[11.4618568,48.1498886],[11.4624362,48.1497159],[11.4627765,48.1496168],[11.4628788,48.1495855],[11.4628536,48.1495479],[11.4629144,48.1495287],[11.4628902,48.1494938]],[[11.4614687,48.1499719],[11.4614935,48.1499643],[11.4614824,48.1499481],[11.4614575,48.1499557],[11.4614687,48.1499719]],[[11.4615982,48.1499029],[11.4616206,48.1499363],[11.4618439,48.1498693],[11.4618386,48.1498614],[11.4618272,48.1498445],[11.4618217,48.1498362],[11.4615982,48.1499029]],[[11.4624003,48.1496632],[11.4624111,48.1496797],[11.4624219,48.1496962],[11.4621381,48.1497789],[11.4621166,48.149746],[11.4624003,48.1496632]],[[11.461281,48.1500392],[11.4613935,48.1500052],[11.4613714,48.1499723],[11.4612587,48.1500064],[11.46127,48.1500231],[11.461281,48.1500392]]],[[[11.4629241,48.149651],[11.4624769,48.1497788],[11.4618992,48.1499523],[11.4615107,48.1500692],[11.461331,48.1501235],[11.4610451,48.1502086],[11.4603435,48.1504251],[11.4603934,48.1504954],[11.4610979,48.1502868],[11.4613834,48.1502009],[11.4615655,48.1501476],[11.4619516,48.1500307],[11.4625285,48.1498558],[11.4629651,48.1497138],[11.4629241,48.149651]],[[11.461562,48.1501115],[11.4615868,48.1501039],[11.4615756,48.1500876],[11.4615507,48.1500953],[11.461562,48.1501115]],[[11.4622103,48.1498876],[11.4622328,48.1499203],[11.4625143,48.1498342],[11.4625031,48.1498179],[11.4624919,48.1498016],[11.4622103,48.1498876]],[[11.4616917,48.1500425],[11.4617132,48.1500746],[11.4619375,48.1500096],[11.4619324,48.150002],[11.4619211,48.149985],[11.461916,48.1499774],[11.4616917,48.1500425]],[[11.4613685,48.1501788],[11.4614854,48.1501436],[11.4614633,48.1501107],[11.4613462,48.150146],[11.4613572,48.1501622],[11.4613685,48.1501788]]],[[[11.4649318,48.1491224],[11.4649468,48.149146],[11.4638514,48.1495513],[11.4628904,48.1499006],[11.4628033,48.1499326],[11.4626186,48.149991],[11.4620435,48.1501677],[11.4616595,48.1502844],[11.4614775,48.1503402],[11.4600069,48.1507853],[11.4599542,48.1507066],[11.4614275,48.150265],[11.4616078,48.1502106],[11.4619947,48.1500947],[11.4625722,48.1499215],[11.4628453,48.1498389],[11.4633375,48.1496768],[11.4638273,48.1495161],[11.4649318,48.1491224]],[[11.4616551,48.1502505],[11.4616798,48.150243],[11.4616686,48.1502268],[11.4616439,48.1502343],[11.4616551,48.1502505]],[[11.461785,48.1501815],[11.4618074,48.1502151],[11.4620305,48.1501482],[11.462025,48.1501401],[11.4620138,48.1501233],[11.4620076,48.150114],[11.461785,48.1501815]],[[11.4623239,48.1500585],[11.4623016,48.1500257],[11.4625837,48.1499404],[11.4625948,48.1499568],[11.4626059,48.1499732],[11.4623239,48.1500585]],[[11.4614638,48.1503195],[11.4615797,48.1502844],[11.4615571,48.1502515],[11.4614418,48.1502865],[11.4614528,48.150303],[11.4614638,48.1503195]]],[[[11.5643259,48.140073],[11.5647392,48.1399406],[11.5649387,48.1398726],[11.5651433,48.1398024],[11.5653129,48.1397363],[11.5653589,48.1397174],[11.5655189,48.1396417],[11.5656693,48.1395616],[11.5658885,48.1394367],[11.5661009,48.1393146],[11.5662692,48.1392207],[11.5664203,48.1391484],[11.5666099,48.1390701],[11.5666025,48.139056],[11.5665892,48.1390337],[11.5663481,48.1391119],[11.566089,48.1392113],[11.5658528,48.1393179],[11.5657855,48.1393557],[11.5655578,48.1394728],[11.5654015,48.1395512],[11.5652422,48.1396332],[11.5650722,48.1397214],[11.5647519,48.1398583],[11.564291,48.1400301],[11.5643259,48.140073]],[[11.5655668,48.1394968],[11.5654506,48.1395639],[11.5654614,48.1395723],[11.5654789,48.1395857],[11.5654971,48.1395997],[11.5655039,48.139605],[11.5656201,48.1395378],[11.565606,48.139527],[11.565584,48.13951],[11.5655668,48.1394968]]],[[[11.5958441,48.1118515],[11.5959493,48.1115804],[11.5960554,48.1113301],[11.5960932,48.1112417],[11.5961732,48.1110669],[11.5962846,48.1108196],[11.5964045,48.1105731],[11.5966657,48.1100468],[11.5967358,48.1100617],[11.5965017,48.1105927],[11.5963903,48.1108417],[11.5962826,48.1110886],[11.596166,48.1113528],[11.5960534,48.1115981],[11.5959294,48.1118701],[11.5958441,48.1118515]],[[11.5963877,48.1106847],[11.5964234,48.1106917],[11.5964681,48.1105952],[11.5964499,48.1105914],[11.5964325,48.1105878],[11.5963877,48.1106847]],[[11.5961273,48.111341],[11.5960928,48.111334],[11.5961315,48.1112492],[11.596166,48.1112562],[11.5961273,48.111341]],[[11.5963116,48.110829],[11.596358,48.1108383],[11.5963206,48.1109216],[11.5962741,48.1109123],[11.5963116,48.110829]]],[[[11.5956224,48.1119401],[11.5958538,48.111414],[11.5958259,48.1113397],[11.5958412,48.111305],[11.595848,48.1112895],[11.5959925,48.1109611],[11.5961226,48.1106654],[11.5961556,48.1106718],[11.5961655,48.1106493],[11.5961928,48.1105873],[11.5962204,48.1105244],[11.5962378,48.1105278],[11.5962783,48.1104357],[11.5964065,48.1101443],[11.596413,48.1101295],[11.5964719,48.1101411],[11.5962028,48.1107528],[11.5961014,48.1109832],[11.5956759,48.1119506],[11.5956224,48.1119401]],[[11.5960393,48.1108939],[11.5960878,48.1109037],[11.5961395,48.1107901],[11.5961146,48.110785],[11.596091,48.1107802],[11.5960393,48.1108939]]],[[[11.4590515,48.2124953],[11.4590185,48.2124896],[11.4589855,48.212484],[11.4589914,48.2124687],[11.4596146,48.2108548],[11.4596899,48.2106598],[11.45971,48.2106078],[11.4598363,48.2106295],[11.4598157,48.2106829],[11.4597408,48.2108766],[11.4591174,48.2124911],[11.4591118,48.2125056],[11.4590817,48.2125005],[11.4590515,48.2124953]],[[11.459646,48.2108604],[11.4596748,48.2108652],[11.4597073,48.2108708],[11.459743,48.2107773],[11.4596817,48.2107669],[11.459646,48.2108604]]],[[[11.4676882,48.1906684],[11.4679081,48.1901082],[11.4679599,48.1899765],[11.4680159,48.1898339],[11.468434,48.188769],[11.4685289,48.1887855],[11.4681103,48.1898516],[11.4680546,48.1899935],[11.4680031,48.1901246],[11.4677831,48.190685],[11.4676882,48.1906684]],[[11.4679744,48.1900156],[11.4679348,48.1901125],[11.4679553,48.1901162],[11.4679756,48.1901199],[11.4680152,48.190023],[11.4679744,48.1900156]],[[11.468052,48.1899312],[11.4680865,48.189847],[11.4680663,48.1898433],[11.4680459,48.1898396],[11.4680114,48.1899239],[11.468052,48.1899312]]],[[[11.4722568,48.1788897],[11.472398,48.1785511],[11.4726407,48.1779533],[11.4726971,48.1778104],[11.4728584,48.1774019],[11.4729866,48.1770669],[11.4729388,48.177059],[11.4728926,48.1770518],[11.4727628,48.1773859],[11.4726019,48.1777943],[11.4725459,48.1779381],[11.4721965,48.1788773],[11.4722568,48.1788897]],[[11.4727916,48.1773908],[11.4728084,48.1773935],[11.4728255,48.1773964],[11.4727995,48.1774655],[11.4727656,48.1774598],[11.4727916,48.1773908]],[[11.4725767,48.1779433],[11.4725944,48.1779462],[11.4726123,48.1779491],[11.4726383,48.1778783],[11.4726027,48.1778725],[11.4725767,48.1779433]]],[[[11.4781388,48.1640654],[11.4781928,48.1639243],[11.4784009,48.163357],[11.4783129,48.1633454],[11.4780933,48.1639072],[11.4780378,48.1640485],[11.4779042,48.1643913],[11.4778475,48.1645326],[11.4775959,48.1651578],[11.4776877,48.1651742],[11.4779452,48.1645495],[11.4780033,48.1644076],[11.4781388,48.1640654]],[[11.4778724,48.1645369],[11.4778936,48.1645406],[11.4779137,48.1645441],[11.4779477,48.164456],[11.4779063,48.1644488],[11.4778724,48.1645369]],[[11.4781201,48.1639118],[11.4781409,48.1639154],[11.4781602,48.1639186],[11.4781279,48.1640038],[11.4780878,48.163997],[11.4781201,48.1639118]]],[[[11.6179623,48.1347102],[11.6164999,48.1344802],[11.6162786,48.1344436],[11.6159339,48.1343787],[11.6156229,48.1343098],[11.6154274,48.1342616],[11.6152542,48.1342152],[11.6152936,48.1341504],[11.6154707,48.1341988],[11.6156571,48.1342463],[11.6159644,48.134316],[11.6163063,48.1343859],[11.6165224,48.134423],[11.6179776,48.1346649],[11.6179623,48.1347102]],[[11.6156327,48.1342908],[11.6156404,48.1342773],[11.6156468,48.1342647],[11.6157735,48.1342944],[11.61576,48.1343206],[11.6156327,48.1342908]],[[11.6161579,48.1344027],[11.6161683,48.1343782],[11.6162983,48.1344027],[11.6162923,48.1344151],[11.6162866,48.1344269],[11.6161579,48.1344027]]],[[[11.6616405,48.1263702],[11.6617884,48.1263382],[11.6634306,48.1259832],[11.6635874,48.1259491],[11.6637808,48.1259071],[11.6648647,48.1256733],[11.6648925,48.1257305],[11.6638087,48.1259643],[11.6636142,48.1260062],[11.663459,48.1260403],[11.661815,48.1263957],[11.6616683,48.1264274],[11.6616405,48.1263702]],[[11.6635478,48.1260047],[11.6635341,48.1259769],[11.663438,48.125998],[11.6634448,48.1260118],[11.6634518,48.1260258],[11.6635478,48.1260047]],[[11.6636704,48.1259471],[11.6636835,48.1259743],[11.6637788,48.1259539],[11.6637747,48.1259454],[11.6637696,48.1259347],[11.6637657,48.1259267],[11.6636704,48.1259471]],[[11.6617952,48.1263537],[11.6617976,48.1263581],[11.6618054,48.1263749],[11.6618089,48.1263815],[11.6616918,48.1264072],[11.6616781,48.1263795],[11.6617952,48.1263537]]],[[[11.4437308,48.1487846],[11.443916,48.1489482],[11.4439572,48.1489824],[11.4440835,48.1490889],[11.4443396,48.1492884],[11.4444421,48.1493616],[11.4446304,48.1494961],[11.4447776,48.1495951],[11.4449176,48.1496846],[11.4448301,48.1497452],[11.4446828,48.149652],[11.444518,48.1495406],[11.4443481,48.149418],[11.4442353,48.1493366],[11.4440683,48.149206],[11.4439615,48.1491217],[11.4438583,48.1490352],[11.4438293,48.1490112],[11.4437398,48.1489375],[11.4436316,48.1488388],[11.4435425,48.1487535],[11.4434243,48.1486357],[11.4433063,48.1485171],[11.4431678,48.1483671],[11.4430762,48.1482653],[11.4430543,48.1482382],[11.4431013,48.1482201],[11.4431521,48.1482001],[11.4431754,48.1482269],[11.4432415,48.1482977],[11.443413,48.1484759],[11.4435704,48.1486312],[11.4436671,48.1487221],[11.4437308,48.1487846]],[[11.4439079,48.1490087],[11.4438943,48.1490159],[11.443841,48.1489718],[11.4438695,48.1489565],[11.4439229,48.1490006],[11.4439079,48.1490087]]],[[[11.5413647,48.2145235],[11.5412767,48.2145257],[11.5412449,48.2139474],[11.5412366,48.2137848],[11.541231,48.2136484],[11.5411715,48.2126505],[11.5412575,48.2126483],[11.5413155,48.2136462],[11.5413247,48.2137843],[11.5413329,48.2139452],[11.5413647,48.2145235]],[[11.5412646,48.2138486],[11.5413024,48.2138477],[11.5413075,48.2139458],[11.5412888,48.2139463],[11.5412698,48.2139468],[11.5412646,48.2138486]],[[11.5412559,48.213656],[11.5412662,48.2136557],[11.5412862,48.2136552],[11.5412961,48.2136549],[11.5413021,48.213753],[11.5412619,48.2137541],[11.5412559,48.213656]]],[[[11.5069533,48.1808878],[11.5067852,48.1807366],[11.5067674,48.1807452],[11.5066786,48.1806627],[11.5066892,48.1806571],[11.5066993,48.1806517],[11.5066912,48.1806442],[11.5066605,48.1806173],[11.5066378,48.1806288],[11.5065478,48.1805462],[11.5065606,48.1805397],[11.5065728,48.1805336],[11.506548,48.180511],[11.5065656,48.1805022],[11.50611,48.180071],[11.5059549,48.1799274],[11.505811,48.1797935],[11.5055793,48.1795777],[11.5053574,48.1793746],[11.5050531,48.1790945],[11.504547,48.1786268],[11.5041961,48.1783005],[11.5041282,48.1783336],[11.5044716,48.1786584],[11.5049679,48.179124],[11.5053528,48.1794831],[11.5056305,48.1797418],[11.5057287,48.1798326],[11.5058724,48.1799659],[11.5060268,48.1801081],[11.506127,48.1802008],[11.5062285,48.1802939],[11.5063513,48.1804069],[11.5064997,48.1805435],[11.5065925,48.1806282],[11.5066258,48.1806591],[11.5069071,48.180911],[11.5069147,48.180907],[11.5069318,48.1808984],[11.5069481,48.1808902],[11.5069533,48.1808878]],[[11.5058461,48.1798596],[11.5058242,48.1798701],[11.5057651,48.1798156],[11.5057764,48.1798102],[11.505787,48.1798051],[11.5058461,48.1798596]],[[11.5058505,48.179895],[11.5059091,48.1799493],[11.5059197,48.1799442],[11.5059309,48.1799388],[11.5058723,48.1798846],[11.5058505,48.179895]]],[[[11.5067289,48.1808854],[11.5067108,48.1808942],[11.5066953,48.1809018],[11.5066502,48.1809245],[11.5063572,48.1806444],[11.50633,48.1806197],[11.5063069,48.1805987],[11.5062275,48.1805379],[11.5062418,48.180531],[11.5062573,48.1805235],[11.5062723,48.1805163],[11.5060732,48.1803334],[11.5060488,48.1803455],[11.5060338,48.1803323],[11.5060181,48.1803176],[11.5060108,48.1803114],[11.5060373,48.1802983],[11.5060027,48.1802672],[11.5059771,48.1802799],[11.5059526,48.1802574],[11.5057213,48.180038],[11.5055792,48.1799035],[11.5040077,48.178394],[11.5040477,48.1783754],[11.5056474,48.1798727],[11.5057906,48.1800071],[11.5060251,48.1802204],[11.5063436,48.1805101],[11.506416,48.1805766],[11.5064369,48.1805953],[11.5064242,48.1806018],[11.506442,48.180619],[11.5064171,48.1806318],[11.5063987,48.1806406],[11.5065029,48.1807375],[11.5065395,48.1807202],[11.5067289,48.1808854]],[[11.5056926,48.1799706],[11.5057147,48.1799605],[11.5057717,48.1800155],[11.5057604,48.1800205],[11.5057494,48.1800254],[11.5056926,48.1799706]],[[11.5056656,48.1799463],[11.5056875,48.179936],[11.5056291,48.1798809],[11.5056177,48.179886],[11.5056068,48.179891],[11.5056656,48.1799463]]],[[[11.5320549,48.132722],[11.5326018,48.1323509],[11.5326286,48.1323674],[11.5326556,48.1323851],[11.5321229,48.1327644],[11.5320196,48.1328409],[11.5312741,48.1333543],[11.5306765,48.1337487],[11.530618,48.1337082],[11.5312067,48.1333039],[11.5319491,48.132795],[11.5320549,48.132722]],[[11.5319739,48.1328026],[11.5319879,48.1328116],[11.5320019,48.1328207],[11.5320601,48.1327803],[11.5320321,48.1327623],[11.5319739,48.1328026]],[[11.5312182,48.133323],[11.5312323,48.1333321],[11.5312456,48.1333406],[11.5311673,48.1333948],[11.5311404,48.1333772],[11.5312182,48.133323]]],[[[11.5364439,48.1069691],[11.5364403,48.1074113],[11.5364349,48.1075595],[11.5363954,48.1088584],[11.5363519,48.1088581],[11.5363094,48.1088578],[11.5363499,48.1075584],[11.5363563,48.1074112],[11.5363651,48.106969],[11.5364439,48.1069691]],[[11.5363691,48.1075528],[11.5363897,48.107553],[11.5364108,48.1075532],[11.5364127,48.1074583],[11.536371,48.1074579],[11.5363691,48.1075528]]],[[[11.5661681,48.1333065],[11.5660969,48.1332851],[11.5661062,48.1332692],[11.566178,48.1332887],[11.5662001,48.133247],[11.5661277,48.1332272],[11.5661375,48.1332096],[11.5662099,48.1332311],[11.5662154,48.1332328],[11.5663486,48.1332726],[11.5667129,48.1333728],[11.566764,48.1333868],[11.5668679,48.1334154],[11.5669691,48.1334432],[11.566979,48.1334459],[11.5670614,48.1334686],[11.5670814,48.1334741],[11.5671928,48.1335047],[11.567292,48.1335304],[11.5672968,48.1335317],[11.5676687,48.1336259],[11.5676508,48.1336575],[11.5676246,48.1336506],[11.5676193,48.1336596],[11.5676139,48.1336686],[11.5676401,48.1336755],[11.5676251,48.1337028],[11.567248,48.1336074],[11.5671416,48.1335798],[11.5670373,48.1335511],[11.5670152,48.133545],[11.5669349,48.1335228],[11.5668225,48.1334916],[11.5666916,48.1334553],[11.5663074,48.133348],[11.5661743,48.1333083],[11.5661681,48.1333065]],[[11.5669231,48.1335008],[11.5669276,48.1334929],[11.566936,48.1334784],[11.5669496,48.1334548],[11.5668775,48.1334363],[11.5668728,48.1334444],[11.5668589,48.1334686],[11.566851,48.1334823],[11.5669231,48.1335008]],[[11.5668329,48.1334417],[11.5668418,48.1334263],[11.5667704,48.1334077],[11.5667658,48.1334156],[11.5667614,48.1334231],[11.5668329,48.1334417]],[[11.5670685,48.1335433],[11.56714,48.133562],[11.5671446,48.1335541],[11.567167,48.1335161],[11.5670954,48.1334974],[11.5670902,48.1335063],[11.5670824,48.1335196],[11.5670685,48.1335433]],[[11.5671611,48.133567],[11.5672326,48.1335857],[11.5672368,48.1335785],[11.5672465,48.133562],[11.5672545,48.1335484],[11.5672596,48.1335397],[11.567188,48.1335211],[11.5671611,48.133567]]],[[[11.5650006,48.1757605],[11.5656505,48.1757267],[11.5660498,48.1757059],[11.5666205,48.1756762],[11.5666566,48.1756743],[11.5666515,48.1756301],[11.5666465,48.1755881],[11.5666097,48.1755901],[11.5660408,48.1756197],[11.5656406,48.1756405],[11.5649905,48.1756744],[11.5650006,48.1757605]],[[11.5659233,48.1756944],[11.566048,48.1756884],[11.5660466,48.1756751],[11.5660441,48.1756524],[11.5660428,48.1756395],[11.5659181,48.1756454],[11.5659233,48.1756944]],[[11.5657625,48.1756542],[11.5656428,48.1756604],[11.5656444,48.1756738],[11.565647,48.1756964],[11.5656485,48.1757092],[11.5657682,48.1757029],[11.5657625,48.1756542]]],[[[11.5773467,48.1668521],[11.5779545,48.1667776],[11.5783333,48.1667312],[11.5786008,48.1666989],[11.5789349,48.1666575],[11.5789091,48.1665637],[11.5786088,48.1666002],[11.5783068,48.1666375],[11.5779288,48.1666839],[11.5773209,48.1667584],[11.5773467,48.1668521]],[[11.5783263,48.166707],[11.5783219,48.166691],[11.5783169,48.1666734],[11.5783129,48.166659],[11.5781811,48.1666754],[11.5781945,48.1667234],[11.5783263,48.166707]],[[11.5780802,48.1667381],[11.5779484,48.1667541],[11.5779438,48.1667387],[11.5779391,48.1667213],[11.577935,48.166705],[11.5780668,48.166689],[11.5780802,48.1667381]]],[[[11.565866,48.1395617],[11.5659417,48.1395013],[11.5661458,48.1393721],[11.5663167,48.1392729],[11.5664149,48.1392206],[11.5666464,48.1391188],[11.5666357,48.1391044],[11.566629,48.1390947],[11.5664482,48.1391705],[11.566298,48.1392428],[11.5661312,48.1393344],[11.5656993,48.1395789],[11.5655471,48.1396594],[11.5654021,48.1397305],[11.5653376,48.1397595],[11.5651663,48.1398264],[11.5647625,48.1399658],[11.5643467,48.1400978],[11.5643637,48.140115],[11.5654717,48.1397774],[11.565627,48.1396925],[11.5657572,48.1396212],[11.565866,48.1395617]],[[11.5657008,48.1396016],[11.56559,48.1396645],[11.5656,48.1396723],[11.5656177,48.1396862],[11.5656235,48.1396908],[11.5657343,48.1396279],[11.5657265,48.1396218],[11.5657088,48.1396079],[11.5657008,48.1396016]]],[[[11.5642701,48.1400055],[11.5647277,48.1398344],[11.5650463,48.1396983],[11.5651457,48.1396486],[11.5652223,48.1396074],[11.5653591,48.1395372],[11.5655214,48.1394527],[11.5658264,48.1392953],[11.566069,48.1391853],[11.5663259,48.139087],[11.5665726,48.1390071],[11.5665689,48.139002],[11.5665628,48.1389954],[11.5661775,48.139089],[11.5659115,48.1391778],[11.5656587,48.1392721],[11.5655038,48.139348],[11.5654387,48.1393886],[11.5654286,48.139395],[11.5653085,48.1394641],[11.5652284,48.1395042],[11.5651489,48.139547],[11.565039,48.1396521],[11.5647185,48.1398046],[11.5642584,48.139993],[11.5642701,48.1400055]],[[11.565431,48.139398],[11.5653145,48.1394689],[11.5653221,48.1394744],[11.5653422,48.1394891],[11.5653526,48.1394968],[11.5654691,48.1394258],[11.5654582,48.1394179],[11.56544,48.1394046],[11.565431,48.139398]]],[[[11.5486955,48.1131068],[11.548855,48.1131027],[11.5488532,48.1129786],[11.5488429,48.1128475],[11.5488225,48.1126333],[11.5487867,48.1123998],[11.5487566,48.1122757],[11.5487171,48.1121409],[11.5486785,48.1120394],[11.5486171,48.1120495],[11.5485854,48.1120551],[11.5485199,48.112065],[11.5485595,48.11217],[11.5485997,48.1122941],[11.5486225,48.1124103],[11.5486555,48.1126422],[11.5486811,48.1128591],[11.5486922,48.1129866],[11.5486955,48.1131068]],[[11.5487384,48.112855],[11.5487624,48.1128533],[11.548786,48.1128516],[11.5487721,48.1127662],[11.5487245,48.1127697],[11.5487384,48.112855]],[[11.5487142,48.1126761],[11.5487116,48.1126472],[11.5487537,48.1126455],[11.5487563,48.1126745],[11.5487142,48.1126761]],[[11.5486906,48.1124926],[11.5487383,48.1124891],[11.5487244,48.1124037],[11.5487156,48.1124043],[11.5486896,48.1124062],[11.5486767,48.1124071],[11.5486906,48.1124926]]],[[[11.5386383,48.142736],[11.5382337,48.1427582],[11.5379704,48.1427712],[11.5376945,48.1427847],[11.5372195,48.1427964],[11.5364396,48.1427909],[11.5361218,48.1427887],[11.5358129,48.1427847],[11.5358134,48.1427648],[11.5358138,48.1427459],[11.5358142,48.1427295],[11.5361237,48.142733],[11.5364414,48.1427379],[11.537214,48.1427439],[11.537693,48.1427446],[11.5378773,48.14274],[11.538228,48.1427287],[11.5386378,48.1427066],[11.5386381,48.1427213],[11.5386383,48.142736]],[[11.5361267,48.1427745],[11.536127,48.1427627],[11.5361273,48.1427499],[11.5361589,48.1427503],[11.5361585,48.1427634],[11.5361583,48.1427749],[11.5361267,48.1427745]],[[11.5362113,48.142775],[11.5364341,48.1427774],[11.5364344,48.1427665],[11.5364347,48.1427555],[11.5362119,48.1427525],[11.5362111,48.1427644],[11.5362113,48.142775]]],[[[11.5386384,48.1426003],[11.5384383,48.1426099],[11.5382591,48.1426144],[11.5378947,48.142623],[11.5376716,48.1426272],[11.5372252,48.1426301],[11.5365227,48.1426114],[11.5364441,48.1426095],[11.5361094,48.1426018],[11.5358216,48.1425961],[11.5358218,48.1425772],[11.535822,48.1425579],[11.5358222,48.1425369],[11.5361094,48.14254],[11.5364462,48.1425463],[11.5365312,48.1425485],[11.5372279,48.1425669],[11.5378876,48.1425761],[11.5380708,48.1425773],[11.538257,48.1425772],[11.5384364,48.1425741],[11.5386378,48.1425673],[11.5386381,48.1425838],[11.5386384,48.1426003]],[[11.5364053,48.1425919],[11.5364057,48.1425774],[11.5364062,48.1425605],[11.5362188,48.142558],[11.5362183,48.1425765],[11.5362179,48.1425894],[11.5364053,48.1425919]],[[11.5361188,48.1425909],[11.536119,48.142557],[11.5361652,48.1425571],[11.5361651,48.1425756],[11.536165,48.1425911],[11.5361188,48.1425909]]],[[[11.5499878,48.1419044],[11.5488454,48.1419884],[11.5486581,48.1420021],[11.5484045,48.1420206],[11.5481575,48.1420386],[11.5471869,48.1421144],[11.5471774,48.1420261],[11.5481452,48.1419533],[11.5483934,48.1419349],[11.5486415,48.1419163],[11.5488332,48.1419028],[11.5493617,48.1418665],[11.5499841,48.141851],[11.5499878,48.1419044]]],[[[11.6348981,48.1338205],[11.6335555,48.1339449],[11.6333418,48.1339649],[11.6330184,48.133994],[11.6321071,48.1340767],[11.6321224,48.1341456],[11.6330325,48.1340551],[11.6333537,48.1340236],[11.6335677,48.1340013],[11.6349063,48.1338664],[11.6348981,48.1338205]],[[11.6334529,48.1339731],[11.6335594,48.1339628],[11.6335614,48.1339717],[11.6335633,48.1339806],[11.6334567,48.1339909],[11.6334529,48.1339731]],[[11.6330237,48.1340163],[11.6330256,48.1340252],[11.6330276,48.1340341],[11.6331341,48.1340239],[11.6331302,48.134006],[11.6330237,48.1340163]]],[[[11.5733638,48.1375971],[11.5733742,48.1376178],[11.5733784,48.1376278],[11.5752007,48.1372421],[11.5752161,48.1372745],[11.5752725,48.1372626],[11.5752629,48.1372425],[11.5752573,48.1372307],[11.5753702,48.1372068],[11.575388,48.1372444],[11.5754009,48.1372417],[11.5754055,48.1372513],[11.5753919,48.1372542],[11.5754062,48.1372843],[11.5754106,48.1372935],[11.5754566,48.1372837],[11.5754522,48.1372746],[11.5754493,48.1372685],[11.5756761,48.1372205],[11.5756649,48.1371969],[11.575423,48.1372481],[11.575418,48.1372375],[11.5754375,48.1372334],[11.5754253,48.1372077],[11.5754195,48.1371956],[11.5756407,48.1371488],[11.5756532,48.1371749],[11.5756597,48.1371886],[11.5757029,48.1371795],[11.5757071,48.1371883],[11.5756693,48.1371963],[11.5756808,48.1372206],[11.5757531,48.1372053],[11.5757189,48.1371332],[11.5757426,48.1371282],[11.5757477,48.137139],[11.575754,48.1371522],[11.5757877,48.1371451],[11.5757767,48.1371219],[11.5759701,48.137081],[11.5759547,48.1370487],[11.5757425,48.1370936],[11.5756858,48.1371056],[11.5753776,48.1371708],[11.5752133,48.1372056],[11.5733638,48.1375971]]],[[[11.5733115,48.1375853],[11.573318,48.137602],[11.5733398,48.1376458],[11.5749999,48.1372998],[11.575076,48.1372839],[11.575094,48.1372802],[11.5751099,48.1373142],[11.5751522,48.1373054],[11.575143,48.1372856],[11.5751411,48.1372817],[11.5751857,48.1372724],[11.5752127,48.1373299],[11.5752483,48.1373225],[11.5752393,48.1373031],[11.5752335,48.1372908],[11.5754107,48.1372538],[11.5754224,48.1372788],[11.5754556,48.1372719],[11.5754451,48.1372494],[11.5754361,48.1372302],[11.5754735,48.1372224],[11.5754571,48.1371875],[11.5757199,48.1371328],[11.5757318,48.1371583],[11.5757382,48.137172],[11.5756645,48.1371874],[11.5756799,48.1372202],[11.5757946,48.1371963],[11.5757682,48.1371398],[11.5758279,48.1371273],[11.5758324,48.1371369],[11.5758383,48.1371495],[11.5758729,48.1371423],[11.5758552,48.1371045],[11.5759229,48.1370904],[11.5759018,48.1370454],[11.575818,48.1370629],[11.5757205,48.1370832],[11.5754171,48.1371465],[11.5751723,48.1371975],[11.5750814,48.1372164],[11.5733115,48.1375853]],[[11.5752207,48.1372646],[11.5752151,48.137253],[11.5752092,48.1372407],[11.5754188,48.1371959],[11.5754227,48.1372039],[11.5753905,48.1372107],[11.5753981,48.1372267],[11.5752207,48.1372646]]],[[[11.5733504,48.1375685],[11.5751046,48.1371998],[11.5752089,48.1371779],[11.5753001,48.1371587],[11.5755987,48.137096],[11.5756927,48.1370762],[11.5759467,48.1370228],[11.5759246,48.136976],[11.5756853,48.1370263],[11.5756707,48.1369953],[11.5756421,48.1370013],[11.5756482,48.137014],[11.5756561,48.137031],[11.5755863,48.1370456],[11.5755723,48.1370159],[11.5755523,48.1370201],[11.5755583,48.1370329],[11.5755664,48.13705],[11.5753526,48.1370949],[11.575359,48.1371084],[11.5753011,48.1371206],[11.5752803,48.1370767],[11.5752711,48.1370571],[11.5752369,48.1370643],[11.5752675,48.1371291],[11.5752096,48.1371413],[11.5752051,48.1371317],[11.5751944,48.1371091],[11.5751883,48.1370961],[11.5751579,48.1371025],[11.5751734,48.1371354],[11.5751007,48.1371507],[11.5750913,48.1371308],[11.575085,48.1371176],[11.5750478,48.1371254],[11.5750625,48.1371566],[11.5733281,48.1375212],[11.5733346,48.137535],[11.5733504,48.1375685]]],[[[11.5732978,48.1375621],[11.5732908,48.1375473],[11.5732829,48.1375305],[11.5750306,48.1371641],[11.5750119,48.1371244],[11.5750434,48.1371178],[11.5750469,48.1371253],[11.5750618,48.1371569],[11.5751476,48.1371389],[11.5751392,48.1371211],[11.5751333,48.1371084],[11.5752105,48.1370922],[11.5752165,48.1371049],[11.5752244,48.1371216],[11.5753846,48.137088],[11.5753705,48.1370582],[11.5753666,48.1370498],[11.575405,48.1370417],[11.5754091,48.1370503],[11.5754233,48.1370805],[11.5756434,48.1370343],[11.5756288,48.1370032],[11.5756244,48.136994],[11.5756603,48.1369865],[11.5756787,48.1370256],[11.5758743,48.1369846],[11.5758903,48.1370186],[11.5756754,48.1370636],[11.5754187,48.1371175],[11.5752009,48.1371631],[11.5750612,48.1371924],[11.5745978,48.1372896],[11.5732978,48.1375621]]],[[[11.4335631,48.1624755],[11.4334942,48.1624185],[11.4327754,48.1628119],[11.4326248,48.1628949],[11.4320531,48.1632069],[11.4313098,48.1636142],[11.4313787,48.1636682],[11.4321218,48.1632614],[11.4326965,48.16295],[11.4328461,48.1628677],[11.4335631,48.1624755]],[[11.4327944,48.1628275],[11.432728,48.1628645],[11.4327557,48.1628867],[11.4328222,48.1628496],[11.4328075,48.1628379],[11.4327944,48.1628275]],[[11.4321027,48.1632461],[11.4321761,48.1632051],[11.4321462,48.1631813],[11.4320728,48.1632224],[11.432087,48.1632338],[11.4321027,48.1632461]]],[[[11.559306,48.1414584],[11.5595895,48.1413952],[11.5600183,48.1412996],[11.5608228,48.1411203],[11.5611367,48.1410504],[11.5611256,48.1410281],[11.5611173,48.1410116],[11.5611069,48.1409908],[11.5607914,48.1410611],[11.5599892,48.1412399],[11.5595598,48.1413356],[11.5592775,48.1413985],[11.5582587,48.1416255],[11.5582885,48.1416851],[11.559306,48.1414584]],[[11.5596327,48.1413685],[11.5597476,48.1413427],[11.5597316,48.141311],[11.5596167,48.1413368],[11.5596206,48.1413445],[11.5596297,48.1413627],[11.5596327,48.1413685]],[[11.5598512,48.1413195],[11.5599674,48.1412939],[11.559964,48.141287],[11.5599551,48.1412691],[11.5599515,48.1412618],[11.5598353,48.1412873],[11.5598512,48.1413195]],[[11.5608342,48.1411024],[11.5609169,48.1410833],[11.560903,48.1410563],[11.5608202,48.1410753],[11.560824,48.1410826],[11.5608311,48.1410964],[11.5608342,48.1411024]]],[[[11.608157,48.1839272],[11.6080772,48.1839664],[11.6079289,48.1838432],[11.607791,48.1837151],[11.6076193,48.1835543],[11.6074847,48.1834286],[11.6072833,48.1832271],[11.6071466,48.1830777],[11.6072359,48.1830372],[11.6077223,48.183509],[11.6078881,48.1836685],[11.608157,48.1839272]],[[11.6077324,48.1836237],[11.6077761,48.1836033],[11.6077111,48.1835417],[11.6077001,48.1835468],[11.6076802,48.1835561],[11.6076675,48.1835621],[11.6077324,48.1836237]],[[11.6078766,48.1837427],[11.6078985,48.1837323],[11.6078826,48.1837176],[11.6078608,48.1837282],[11.6078766,48.1837427]]],[[[11.6329831,48.0933189],[11.6329581,48.0933209],[11.6326354,48.0933464],[11.6322769,48.0933746],[11.6320422,48.093393],[11.6315697,48.0934301],[11.631207,48.0934574],[11.6311457,48.093462],[11.6307423,48.0934934],[11.6304866,48.0935136],[11.6302042,48.0935359],[11.630181,48.0935378],[11.6301792,48.0935278],[11.6301824,48.0935275],[11.6301783,48.093505],[11.6300552,48.0935149],[11.6300591,48.093536],[11.629958,48.0935433],[11.6299545,48.0935193],[11.6299522,48.0935195],[11.6299501,48.0935069],[11.6301954,48.0934829],[11.6304764,48.0934581],[11.6307314,48.0934355],[11.6311352,48.0934051],[11.6311961,48.0934004],[11.6315622,48.093372],[11.6320339,48.0933407],[11.6322675,48.0933253],[11.6326339,48.0933012],[11.6329508,48.0932798],[11.6329774,48.093278],[11.6329831,48.0933189]]],[[[11.5556548,48.1207532],[11.5552807,48.1209202],[11.5548649,48.1211058],[11.5545809,48.1212358],[11.5535316,48.1217361],[11.5524072,48.1222716],[11.5524299,48.1222932],[11.553015,48.1220122],[11.5530199,48.1220165],[11.5531166,48.1219701],[11.5531121,48.121966],[11.5535541,48.1217555],[11.5542574,48.1214202],[11.5542614,48.121424],[11.5543112,48.1213999],[11.5543074,48.1213964],[11.5546,48.1212569],[11.5550114,48.1210707],[11.5554239,48.1208861],[11.5554371,48.1208983],[11.5555099,48.120865],[11.5555003,48.1208541],[11.5556767,48.1207764],[11.5556693,48.1207682],[11.5556548,48.1207532]]],[[[11.5043442,48.144485],[11.5042202,48.1444977],[11.5024522,48.1446783],[11.5023947,48.1446842],[11.501556,48.1447709],[11.5015334,48.1446802],[11.502375,48.1445978],[11.502432,48.1445923],[11.5042007,48.1444118],[11.5043246,48.1443992],[11.5043442,48.144485]],[[11.5038163,48.1444647],[11.50398,48.144448],[11.5039937,48.1445073],[11.50383,48.1445241],[11.5038183,48.1444736],[11.5038163,48.1444647]],[[11.5023781,48.1446116],[11.5025419,48.1445948],[11.5025555,48.1446541],[11.5023918,48.1446709],[11.5023883,48.144656],[11.5023849,48.144641],[11.5023816,48.1446268],[11.5023781,48.1446116]]],[[[11.490091,48.1246887],[11.4900847,48.1247854],[11.4901172,48.1247864],[11.490126,48.1246905],[11.4901264,48.1246873],[11.4901308,48.1246489],[11.4901654,48.124349],[11.4901666,48.1243392],[11.490097,48.1243356],[11.4900959,48.1243449],[11.4900568,48.1246835],[11.4900564,48.124687],[11.490091,48.1246887]],[[11.4900726,48.1245724],[11.4900902,48.1245732],[11.4901155,48.1245744],[11.4901318,48.1245752],[11.4901356,48.1245389],[11.4900764,48.1245361],[11.4900756,48.1245441],[11.4900726,48.1245724]]],[[[11.3891185,48.1341448],[11.3891407,48.1341225],[11.3890541,48.1340838],[11.3888801,48.1340062],[11.3870465,48.1331876],[11.3868187,48.1330859],[11.3867832,48.1330701],[11.3867599,48.1330937],[11.3867544,48.1330993],[11.3867905,48.1331152],[11.3870064,48.1332107],[11.3870287,48.1332206],[11.3882985,48.1337821],[11.3882858,48.1337945],[11.3883552,48.1338264],[11.3883689,48.1338132],[11.388468,48.1338568],[11.3884589,48.133866],[11.3888461,48.1340375],[11.3890219,48.1341153],[11.3890477,48.1341267],[11.3890568,48.1341175],[11.3891185,48.1341448]]],[[[11.3891915,48.1340297],[11.3891642,48.1340556],[11.3889271,48.1339498],[11.3880008,48.1335362],[11.3867967,48.1329987],[11.3867854,48.1329936],[11.3868142,48.1329686],[11.3868172,48.132964],[11.3868277,48.1329687],[11.3878189,48.133412],[11.3878268,48.1334059],[11.3879091,48.1334435],[11.3879043,48.1334496],[11.3880306,48.1335068],[11.3882672,48.1336127],[11.3882736,48.1336064],[11.3883462,48.1336388],[11.3883371,48.1336479],[11.3885642,48.1337495],[11.3885989,48.133765],[11.3888782,48.1338899],[11.3888879,48.1338802],[11.3888979,48.1338702],[11.3889799,48.1339073],[11.3889867,48.1339099],[11.3889672,48.1339294],[11.3891915,48.1340297]]],[[[11.5822526,48.1348323],[11.5821746,48.1347785],[11.5823513,48.1346645],[11.5824624,48.1345927],[11.5831281,48.1341628],[11.5838385,48.1337041],[11.5839752,48.1336159],[11.5841846,48.1334807],[11.5842626,48.1335345],[11.5840543,48.133669],[11.5839144,48.1337593],[11.5832441,48.1341921],[11.5825401,48.1346467],[11.5824248,48.1347212],[11.5822526,48.1348323]]],[[[11.5317061,48.1326029],[11.530634,48.1333414],[11.5304022,48.1335011],[11.5297417,48.133956],[11.529703,48.1339309],[11.5302589,48.133548],[11.5303338,48.1334964],[11.5303534,48.1334829],[11.530362,48.133477],[11.5303697,48.1334717],[11.5305938,48.1333173],[11.5309357,48.1330818],[11.5310107,48.1330301],[11.5316673,48.1325778],[11.5317061,48.1326029]]],[[[11.5076363,48.1806197],[11.5076483,48.1806139],[11.5076725,48.1806022],[11.5072868,48.180243],[11.5072675,48.1802524],[11.5072507,48.1802605],[11.5076363,48.1806197]]],[[[11.5410452,48.2132741],[11.5410519,48.2133795],[11.541082,48.2138551],[11.5411074,48.2142479],[11.5411426,48.2147999],[11.5411555,48.2150025],[11.5411648,48.2151477],[11.541212,48.2151463],[11.5411547,48.2142472],[11.5411353,48.2139395],[11.54113,48.2138545],[11.5410992,48.2133778],[11.5410925,48.2132727],[11.5410452,48.2132741]]],[[[11.5525379,48.1414008],[11.5525466,48.1414493],[11.5545286,48.141301],[11.5553644,48.1412385],[11.5588557,48.1409755],[11.5588488,48.1409347],[11.5572543,48.1410496],[11.5572148,48.1410524],[11.5553556,48.1411864],[11.5545204,48.1412499],[11.5525379,48.1414008]]],[[[11.5539471,48.141184],[11.55427,48.1411814],[11.5546019,48.1411733],[11.555344,48.1411179],[11.5588364,48.1408608],[11.5588252,48.140795],[11.5553309,48.1410403],[11.5545953,48.1410955],[11.554263,48.1411282],[11.5539441,48.1411588],[11.5539471,48.141184]]],[[[11.554173,48.1407061],[11.5530416,48.1407895],[11.5530471,48.1408224],[11.5541793,48.1407391],[11.5552664,48.1406591],[11.5587575,48.1403951],[11.558744,48.1403147],[11.5552506,48.1405658],[11.5541603,48.1406401],[11.5535143,48.1406841],[11.5530331,48.1407373],[11.5530364,48.140759],[11.5541666,48.1406731],[11.554173,48.1407061]]],[[[11.5586586,48.1397868],[11.5561708,48.1399648],[11.5551709,48.1400363],[11.5549388,48.140055],[11.554707,48.1400826],[11.554449,48.1401212],[11.5542514,48.1401575],[11.5540232,48.1402059],[11.5533768,48.1403462],[11.5528231,48.1404664],[11.5520104,48.1406355],[11.5519971,48.1406104],[11.5522305,48.1405638],[11.5524117,48.1405237],[11.5528101,48.140434],[11.5531801,48.1403472],[11.5533535,48.1403058],[11.5536871,48.1402262],[11.5543377,48.1400701],[11.5547742,48.1399653],[11.5548015,48.1400212],[11.5548241,48.1400193],[11.5548258,48.1400259],[11.5557698,48.1399585],[11.5586514,48.1397409],[11.5586586,48.1397868]]],[[[11.6063631,48.0918406],[11.6063985,48.0918442],[11.6064133,48.091846],[11.6062772,48.0922236],[11.6061397,48.0925998],[11.6059064,48.0931819],[11.6059144,48.0931833],[11.6059499,48.0931895],[11.60592,48.0932655],[11.6058685,48.0933863],[11.6058477,48.0933822],[11.6058229,48.0933778],[11.6057243,48.0936089],[11.6057263,48.0936529],[11.6057137,48.0936776],[11.6056996,48.0936749],[11.6056715,48.0936695],[11.6056541,48.0936662],[11.6057612,48.0934235],[11.6058628,48.0931794],[11.6060974,48.0925922],[11.6063631,48.0918406]]],[[[11.605521,48.0936387],[11.6055269,48.0936251],[11.6057212,48.0931821],[11.6057285,48.0931654],[11.6059416,48.0926377],[11.6059091,48.0926325],[11.6059365,48.0925556],[11.605969,48.0925608],[11.6061612,48.0920156],[11.6061268,48.0920108],[11.6061358,48.0919817],[11.6061541,48.0919844],[11.6061715,48.0919867],[11.6062041,48.0918898],[11.6061893,48.0918394],[11.6061956,48.09182],[11.6062197,48.0918234],[11.6062658,48.0918303],[11.6062038,48.0920105],[11.6060091,48.0925759],[11.6059027,48.0928465],[11.605796,48.0931116],[11.6057618,48.0931895],[11.6055673,48.0936331],[11.6055614,48.0936465],[11.605521,48.0936387]]],[[[11.6454743,48.0884641],[11.6455658,48.0883814],[11.6456129,48.0884047],[11.6458185,48.0882134],[11.6458729,48.0881628],[11.6458808,48.0881475],[11.6458911,48.0881269],[11.64589,48.0881106],[11.6462101,48.0878212],[11.6461667,48.0877997],[11.6458466,48.0880893],[11.6454469,48.0884505],[11.6452975,48.0885853],[11.6446593,48.0891608],[11.6444868,48.0893175],[11.6444944,48.0893213],[11.6445104,48.0893292],[11.6445142,48.0893311],[11.6446871,48.089175],[11.6454743,48.0884641]]],[[[11.6456142,48.0885326],[11.6456248,48.0885377],[11.6456306,48.0885408],[11.6456481,48.0885493],[11.645675,48.0885627],[11.6456949,48.0885726],[11.6457026,48.0885765],[11.6456876,48.0885899],[11.6454293,48.0888208],[11.6453623,48.0888807],[11.6448043,48.0893796],[11.6447359,48.0894407],[11.6447304,48.089438],[11.6447041,48.0894249],[11.6446809,48.0894134],[11.644659,48.0894025],[11.6446499,48.089398],[11.6447201,48.0893349],[11.6456142,48.0885326]]],[[[11.5075781,48.1806518],[11.507188,48.18029],[11.5071742,48.1802966],[11.5071631,48.1803019],[11.5075532,48.1806637],[11.5075662,48.1806575],[11.5075781,48.1806518]]],[[[11.5105788,48.1811081],[11.5105805,48.1810906],[11.5105809,48.1810861],[11.5111802,48.181111],[11.5111798,48.1811155],[11.5111781,48.181133],[11.5105788,48.1811081]]],[[[11.5111882,48.1810536],[11.5111888,48.1810472],[11.5111904,48.1810302],[11.5105848,48.1810051],[11.5105832,48.181022],[11.5105826,48.1810285],[11.5111882,48.1810536]]],[[[11.5677635,48.1407292],[11.5674889,48.1406204],[11.5664925,48.1402259],[11.5661838,48.1401023],[11.5661453,48.1400869],[11.5661855,48.1400428],[11.5662117,48.1400538],[11.5662237,48.1400582],[11.566241,48.1400645],[11.5662861,48.1400827],[11.5674452,48.1405483],[11.5675097,48.1405749],[11.5675274,48.1405819],[11.5675504,48.1405912],[11.5677956,48.1406956],[11.5677635,48.1407292]]],[[[11.5590672,48.1392032],[11.5591925,48.1392095],[11.559309,48.1392153],[11.5603824,48.1392689],[11.5607241,48.1392859],[11.5607224,48.1393008],[11.5607204,48.1393185],[11.5607198,48.1393247],[11.5607178,48.1393425],[11.5607166,48.139353],[11.5607152,48.1393655],[11.5607132,48.1393833],[11.5603755,48.1393665],[11.559296,48.1393126],[11.5591783,48.1393067],[11.5590563,48.1393006],[11.5590641,48.139233],[11.559065,48.1392232],[11.5590659,48.1392143],[11.5590672,48.1392032]]],[[[11.5612224,48.1406419],[11.56125,48.1406402],[11.5612763,48.1406385],[11.5613025,48.1406366],[11.5613356,48.1406343],[11.5612859,48.1403022],[11.561247,48.1400412],[11.5612164,48.1398334],[11.561174,48.1395526],[11.5611365,48.1395551],[11.5611033,48.1395573],[11.5610608,48.1395601],[11.5611032,48.1398401],[11.5611337,48.1400478],[11.5611727,48.140309],[11.5612224,48.1406419]]],[[[11.5607736,48.1409787],[11.5607534,48.1409829],[11.5599275,48.1411691],[11.5595471,48.1412525],[11.5588099,48.1414192],[11.55823,48.1415689],[11.5582453,48.141599],[11.5595721,48.1413026],[11.5599517,48.1412201],[11.56078,48.1410359],[11.5610943,48.1409638],[11.5610855,48.1409443],[11.5610774,48.1409285],[11.5610696,48.1409124],[11.5610357,48.1409197],[11.5608596,48.1409595],[11.5608703,48.1409809],[11.5607841,48.1410002],[11.5607787,48.1409895],[11.5607736,48.1409787]]],[[[11.5295451,48.1821309],[11.529862,48.1821406],[11.5301205,48.1821485],[11.5302801,48.1821534],[11.5313127,48.1821849],[11.5313142,48.1821624],[11.5313151,48.18215],[11.5313161,48.1821346],[11.5313186,48.1820984],[11.5302874,48.1820669],[11.5301262,48.182062],[11.5298666,48.182054],[11.529551,48.1820444],[11.5295501,48.1820583],[11.5295486,48.1820792],[11.5295472,48.1821007],[11.5295451,48.1821309]]],[[[11.426858,48.1546274],[11.4281339,48.1545061],[11.4285297,48.1544686],[11.4296608,48.154361],[11.4296682,48.1543955],[11.4285352,48.1545032],[11.4281413,48.1545406],[11.4268653,48.1546619],[11.426858,48.1546274]]],[[[11.4268982,48.1547572],[11.4280353,48.1546572],[11.4281726,48.1546451],[11.4285209,48.1546093],[11.4285227,48.154619],[11.4286101,48.1546119],[11.428608,48.1546004],[11.4286273,48.1545984],[11.4296907,48.1544921],[11.4296858,48.1544632],[11.4286204,48.1545637],[11.4281644,48.1546067],[11.4268898,48.154727],[11.4268982,48.1547572]]],[[[11.6493333,48.1490354],[11.6493662,48.1490367],[11.6494035,48.1490388],[11.6491972,48.1509333],[11.6491676,48.1509322],[11.6491396,48.1509311],[11.6493333,48.1490354]]],[[[11.6458509,48.1684535],[11.645815,48.16845],[11.6457803,48.1684467],[11.6458191,48.168235],[11.6458806,48.1679222],[11.6459564,48.1676104],[11.6462319,48.1665802],[11.646307,48.16659],[11.646055,48.1676248],[11.6458509,48.1684535]]],[[[11.5728869,48.172081],[11.5728892,48.1717096],[11.5728934,48.1710028],[11.5729252,48.1710029],[11.5729597,48.171003],[11.5729936,48.1710031],[11.5729893,48.1717091],[11.5729871,48.1720813],[11.5729508,48.1720812],[11.5729211,48.1720811],[11.5728869,48.172081]]],[[[11.5727759,48.1720813],[11.5727342,48.172081],[11.5727048,48.1720807],[11.5726788,48.1720804],[11.5726866,48.171707],[11.5727013,48.1710035],[11.5727267,48.1710038],[11.5727604,48.1710041],[11.5727984,48.1710044],[11.5727837,48.1717075],[11.5727759,48.1720813]]],[[[11.4137411,48.1558879],[11.4137057,48.1558913],[11.4109565,48.1561553],[11.4109674,48.1562051],[11.4137156,48.1559379],[11.4137502,48.1559345],[11.4137452,48.1559095],[11.4137411,48.1558879]]],[[[11.4606784,48.1499137],[11.4616372,48.1496266],[11.4633839,48.1491194],[11.463294,48.1491105],[11.4627514,48.1492645],[11.4627349,48.1492445],[11.4622236,48.1493954],[11.4615853,48.1495837],[11.4615929,48.1495951],[11.4616044,48.1496123],[11.4614484,48.1496587],[11.461428,48.1496287],[11.4613155,48.1496622],[11.4613241,48.1496759],[11.460658,48.1498836],[11.4606784,48.1499137]]],[[[11.5651347,48.1381672],[11.5651575,48.1381654],[11.5651688,48.1381646],[11.565189,48.138163],[11.5651914,48.138175],[11.5653038,48.1388209],[11.5652852,48.1388223],[11.5652715,48.1388235],[11.5652447,48.1388255],[11.5652174,48.1388276],[11.5652012,48.1388289],[11.5651923,48.1388296],[11.5650796,48.138184],[11.5650774,48.1381716],[11.5650861,48.1381709],[11.5651038,48.1381695],[11.565119,48.1381684],[11.5651347,48.1381672]]],[[[11.5919889,48.1299776],[11.5920202,48.129957],[11.5935789,48.1289341],[11.5936474,48.1288869],[11.5937675,48.1288085],[11.5940057,48.1286504],[11.5939034,48.1285797],[11.5936641,48.1287396],[11.5936234,48.1287664],[11.5935441,48.1288196],[11.5934773,48.1288651],[11.5919207,48.1298867],[11.5918885,48.1299073],[11.591921,48.1299299],[11.5919405,48.1299436],[11.5919596,48.1299571],[11.5919889,48.1299776]]],[[[11.5180594,48.1436281],[11.5180608,48.143563],[11.5183246,48.1435589],[11.51876,48.14354],[11.5190373,48.1435274],[11.5191995,48.1435206],[11.5194684,48.1435068],[11.5199314,48.1434707],[11.5208723,48.1434024],[11.5208837,48.1435017],[11.5199445,48.1435677],[11.519724,48.1435801],[11.5194882,48.1435952],[11.5192095,48.1436097],[11.5190448,48.1436155],[11.5187707,48.1436238],[11.5184055,48.1436292],[11.5180594,48.1436281]]],[[[11.6465824,48.107569],[11.646631,48.1075687],[11.6466562,48.1075686],[11.6467073,48.1075683],[11.6467191,48.1084783],[11.6467221,48.1087057],[11.6466723,48.108706],[11.6466417,48.1087061],[11.6465972,48.1087064],[11.6465942,48.1084804],[11.6465824,48.107569]]],[[[11.6166192,48.1478399],[11.6166352,48.1478398],[11.616656,48.1478395],[11.616671,48.1478394],[11.616687,48.1484436],[11.6167168,48.1484604],[11.6167176,48.1484966],[11.6167178,48.148506],[11.6167044,48.1485061],[11.6167046,48.148535],[11.6166795,48.148535],[11.6166795,48.1485538],[11.6167168,48.1485539],[11.6167172,48.1485714],[11.6167175,48.1485833],[11.6166805,48.1485837],[11.6166814,48.1486212],[11.6167041,48.1486209],[11.616711,48.1489173],[11.6166441,48.148918],[11.6166365,48.1485882],[11.6166361,48.1485723],[11.6166344,48.1484974],[11.6166192,48.1478399]]],[[[11.6129063,48.1520109],[11.6131293,48.1521369],[11.6132054,48.1521807],[11.6132543,48.1522164],[11.6132947,48.1522531],[11.6132887,48.152258],[11.6128844,48.1520284],[11.612895,48.1520199],[11.6129063,48.1520109]]],[[[11.5720904,48.1493259],[11.57196,48.1491196],[11.5719409,48.1491251],[11.5719221,48.1491306],[11.5720526,48.1493369],[11.5720717,48.1493313],[11.5720904,48.1493259]]],[[[11.5718008,48.1485595],[11.5718103,48.1485747],[11.5719324,48.1487697],[11.5719116,48.1487755],[11.5718937,48.1487804],[11.5717621,48.1485703],[11.5717807,48.1485651],[11.5718008,48.1485595]]],[[[11.5694387,48.1451917],[11.5694331,48.1451837],[11.5694254,48.1451791],[11.5694166,48.1451754],[11.5694042,48.1451748],[11.5696521,48.1455644],[11.5696808,48.1455553],[11.5694387,48.1451917]]],[[[11.466115,48.1461188],[11.4655805,48.1462074],[11.4655762,48.1461941],[11.4655725,48.1461828],[11.466108,48.1460989],[11.466115,48.1461188]]],[[[11.4655441,48.1461179],[11.4660778,48.1460345],[11.466085,48.146055],[11.4655513,48.1461384],[11.465548,48.1461289],[11.4655441,48.1461179]]],[[[11.5119416,48.1392467],[11.5114176,48.1393242],[11.5114205,48.139333],[11.5114236,48.1393424],[11.5119477,48.1392649],[11.5119416,48.1392467]]],[[[11.6763643,48.1438869],[11.6763807,48.1438302],[11.6791617,48.1441876],[11.6791576,48.1442017],[11.6791503,48.144227],[11.6791453,48.1442443],[11.6763643,48.1438869]]],[[[11.5623312,48.2123805],[11.5623595,48.2121619],[11.562364,48.2121274],[11.5623277,48.2121254],[11.56232,48.2121848],[11.5623133,48.2122366],[11.5622949,48.2123784],[11.5623312,48.2123805]]],[[[11.6165365,48.1308052],[11.61603,48.1308818],[11.6160263,48.1308697],[11.6160225,48.1308596],[11.616529,48.130783],[11.6165365,48.1308052]]],[[[11.6154104,48.1310641],[11.6151545,48.1311054],[11.6149363,48.1311321],[11.614931,48.1311156],[11.6154009,48.1310384],[11.6154054,48.1310514],[11.6154104,48.1310641]]],[[[11.6130523,48.2033588],[11.6130333,48.2033609],[11.61299,48.203365],[11.6129678,48.2033676],[11.6130178,48.2035543],[11.613076,48.2037377],[11.6131822,48.2040457],[11.6133401,48.204455],[11.6134103,48.2044437],[11.613176,48.203769],[11.61311,48.203562],[11.6130523,48.2033588]]],[[[11.613218,48.2033344],[11.6133196,48.2036874],[11.6134261,48.2040178],[11.6135654,48.2044174],[11.6134998,48.2044274],[11.6132596,48.2037589],[11.6131282,48.203343],[11.613143,48.2033415],[11.6131846,48.2033377],[11.613218,48.2033344]]],[[[11.5195304,48.1819352],[11.5195337,48.1818935],[11.5195352,48.1818742],[11.5195382,48.1818361],[11.5185746,48.1818023],[11.5180348,48.1817833],[11.5179832,48.1817815],[11.5178086,48.1817754],[11.5178056,48.1818125],[11.5178038,48.181836],[11.5178007,48.1818745],[11.5179754,48.1818807],[11.5180289,48.1818826],[11.5195304,48.1819352]]],[[[11.4823429,48.1415834],[11.4823403,48.1415579],[11.4817809,48.1415832],[11.481782,48.141595],[11.4817834,48.1416087],[11.4823429,48.1415834]]],[[[11.4958352,48.1398974],[11.4952928,48.1399607],[11.4952977,48.1399797],[11.4958401,48.1399164],[11.4958378,48.1399075],[11.4958352,48.1398974]]],[[[11.5349612,48.1400393],[11.535495,48.1399985],[11.5354938,48.1399812],[11.5349629,48.1400138],[11.5349619,48.1400285],[11.5349612,48.1400393]]],[[[11.5039307,48.1397235],[11.5034413,48.1397209],[11.5033894,48.1397206],[11.5033892,48.139734],[11.5033891,48.1397426],[11.5039304,48.1397455],[11.5039307,48.1397235]]],[[[11.5239262,48.140774],[11.5238668,48.1407787],[11.5233807,48.1408172],[11.5233854,48.1408438],[11.523931,48.1408006],[11.523928,48.1407838],[11.5239262,48.140774]]],[[[11.5302906,48.1403295],[11.5307987,48.1402934],[11.5307956,48.1402735],[11.5303202,48.1403073],[11.5302874,48.1403096],[11.5302888,48.1403187],[11.5302906,48.1403295]]],[[[11.5039297,48.1396553],[11.5039295,48.1396771],[11.5034421,48.139675],[11.5033894,48.1396748],[11.5033895,48.1396632],[11.5033896,48.139653],[11.5039297,48.1396553]]],[[[11.4757616,48.1422643],[11.4752267,48.1423234],[11.4752301,48.1423311],[11.4752346,48.1423473],[11.475767,48.1422882],[11.4757616,48.1422643]]],[[[11.4962346,48.1398056],[11.4967945,48.1397495],[11.4967903,48.1397309],[11.4962304,48.139787],[11.4962325,48.1397963],[11.4962346,48.1398056]]],[[[11.4757453,48.1421892],[11.4752123,48.1422468],[11.4752147,48.1422574],[11.4752185,48.142274],[11.4757512,48.1422152],[11.4757453,48.1421892]]],[[[11.5245305,48.140677],[11.5246059,48.1406713],[11.5250559,48.1406376],[11.5250519,48.1406139],[11.5245265,48.1406533],[11.5245285,48.1406653],[11.5245305,48.140677]]],[[[11.4813739,48.1416864],[11.4808415,48.1417351],[11.4808466,48.1417602],[11.4813791,48.1417115],[11.4813763,48.141698],[11.4813739,48.1416864]]],[[[11.5349698,48.1399328],[11.5354951,48.1399148],[11.5354969,48.1399347],[11.5349667,48.1399601],[11.5349682,48.1399467],[11.5349698,48.1399328]]],[[[11.5301641,48.1402451],[11.5296653,48.1402762],[11.5296681,48.1402964],[11.530126,48.1402679],[11.5301669,48.1402653],[11.5301655,48.1402556],[11.5301641,48.1402451]]],[[[11.5469814,48.1393016],[11.5469571,48.1393038],[11.546761,48.1393214],[11.5465158,48.1393433],[11.5464042,48.1393533],[11.5464002,48.1393338],[11.5465136,48.1393237],[11.5467592,48.1393017],[11.5469518,48.1392845],[11.5469775,48.1392822],[11.5469814,48.1393016]]],[[[11.5650034,48.1397753],[11.5643659,48.1400117],[11.5643841,48.1400365],[11.5650494,48.1398317],[11.5650272,48.1398036],[11.5650034,48.1397753]]],[[[11.5612226,48.1402733],[11.5611947,48.140275],[11.5611645,48.1402768],[11.5610883,48.1397114],[11.5611223,48.1397093],[11.5611463,48.1397079],[11.5612226,48.1402733]]],[[[11.5472319,48.1391994],[11.5472434,48.1391977],[11.5479744,48.139088],[11.5479672,48.1390668],[11.547236,48.1391766],[11.5472248,48.1391783],[11.5472319,48.1391994]]],[[[11.5588778,48.1392322],[11.5589498,48.1392337],[11.5598188,48.1392516],[11.5598819,48.1392529],[11.5598825,48.1392402],[11.559883,48.1392295],[11.5588789,48.1392088],[11.5588783,48.1392208],[11.5588778,48.1392322]]],[[[11.6037508,48.1286957],[11.6037491,48.1287124],[11.6035809,48.128718],[11.6035709,48.1287175],[11.6035276,48.1287138],[11.6034851,48.1287099],[11.6033969,48.1286915],[11.6033319,48.128678],[11.6031653,48.1286403],[11.6031722,48.1286234],[11.6033529,48.1286635],[11.6034919,48.1286922],[11.6035327,48.1286955],[11.6035807,48.1287003],[11.6037508,48.1286957]]],[[[11.6035772,48.1287649],[11.6034599,48.1287553],[11.6032182,48.1287033],[11.6031571,48.1286902],[11.6031523,48.1287047],[11.6032079,48.128723],[11.6034522,48.128775],[11.6035747,48.128783],[11.6035765,48.1287702],[11.6035772,48.1287649]]],[[[11.6380234,48.1266777],[11.6380204,48.1266694],[11.6380167,48.1266593],[11.6375449,48.1267364],[11.6375516,48.1267548],[11.6380234,48.1266777]]],[[[11.6220905,48.1299199],[11.6220852,48.1299027],[11.6226061,48.1298114],[11.6226099,48.1298224],[11.6226148,48.1298346],[11.6220905,48.1299199]]],[[[11.638463,48.1266876],[11.6384611,48.1266791],[11.6384589,48.1266699],[11.6389738,48.1266169],[11.6389779,48.1266346],[11.638463,48.1266876]]],[[[11.6302088,48.1284109],[11.630157,48.128425],[11.6297066,48.1285475],[11.6297136,48.128559],[11.6297224,48.1285733],[11.6302245,48.1284367],[11.6302135,48.1284186],[11.6302088,48.1284109]]],[[[11.6231048,48.129647],[11.6236126,48.1295816],[11.6236184,48.1295997],[11.6231138,48.1296759],[11.6231101,48.1296635],[11.6231048,48.129647]]],[[[11.5587588,48.146987],[11.55883,48.1472422],[11.558865,48.1472379],[11.5588925,48.1472344],[11.5588134,48.146947],[11.5587832,48.1469486],[11.558756,48.14695],[11.5587588,48.146987]]],[[[11.5586012,48.1469283],[11.5586356,48.1469306],[11.5586675,48.1469327],[11.5587505,48.1472369],[11.5587149,48.1472413],[11.5586903,48.1472444],[11.5586012,48.1469283]]],[[[11.564298,48.1393111],[11.5642971,48.1392963],[11.5644959,48.1392861],[11.5648779,48.1392728],[11.5648787,48.1392849],[11.5648801,48.1393003],[11.564298,48.1393111]]],[[[11.5649885,48.1381747],[11.564964,48.1381763],[11.5649466,48.1381779],[11.5649436,48.1381782],[11.5650581,48.1388354],[11.5650797,48.1388337],[11.5651066,48.1388317],[11.5651191,48.1388307],[11.5650075,48.1381898],[11.5650047,48.1381734],[11.5649983,48.1381739],[11.5649885,48.1381747]]],[[[11.5653023,48.1381517],[11.5653178,48.1381506],[11.5653224,48.1381502],[11.565344,48.1382791],[11.5653498,48.1383134],[11.5653717,48.1384444],[11.5653891,48.1385484],[11.5654107,48.1386771],[11.5654377,48.138817],[11.5654247,48.1388179],[11.5653995,48.1388197],[11.5653862,48.1388206],[11.5653746,48.1388211],[11.5652633,48.1381692],[11.5652608,48.1381548],[11.5652659,48.1381544],[11.5652803,48.1381533],[11.5653023,48.1381517]]],[[[11.5757249,48.1282912],[11.5757377,48.1282993],[11.5761506,48.1279923],[11.5761437,48.1279881],[11.5761295,48.1279796],[11.5757163,48.1282854],[11.5757249,48.1282912]]],[[[11.6423696,48.0941843],[11.6426387,48.0946994],[11.6429529,48.0953009],[11.6429944,48.0952912],[11.6430326,48.0952823],[11.6430693,48.0952738],[11.6427556,48.0946732],[11.642486,48.0941572],[11.6424605,48.0941631],[11.6424258,48.0941712],[11.6423971,48.0941779],[11.6423696,48.0941843]]],[[[11.5648052,48.1673886],[11.5648095,48.1674578],[11.5648253,48.1677277],[11.5648484,48.1677271],[11.56487,48.1677266],[11.564841,48.1673873],[11.5648052,48.1673886]]],[[[11.5697531,48.1455322],[11.5697864,48.1455217],[11.5695327,48.1451436],[11.569525,48.1451512],[11.5695214,48.1451589],[11.569523,48.1451689],[11.5695258,48.1451782],[11.5697531,48.1455322]]],[[[11.5060061,48.1640275],[11.5061802,48.1639833],[11.5064799,48.1638987],[11.5067899,48.1637988],[11.5067727,48.1637785],[11.5066213,48.1638329],[11.5063164,48.1639277],[11.5063066,48.1639121],[11.5062242,48.1639346],[11.5062173,48.1639403],[11.5062072,48.1639505],[11.5061987,48.1639541],[11.5061648,48.1639623],[11.5060919,48.1639805],[11.5059737,48.1640093],[11.5059419,48.1640157],[11.5059196,48.1640185],[11.5058904,48.1640181],[11.5058617,48.1640167],[11.5058299,48.1640121],[11.5058076,48.16401],[11.505788,48.1640093],[11.5057614,48.1640118],[11.5057004,48.1640242],[11.5057283,48.1640891],[11.5059323,48.1640448],[11.5060061,48.1640275]]],[[[11.4948662,48.1653086],[11.4948951,48.1653083],[11.4949122,48.1653128],[11.4949256,48.1653202],[11.4949353,48.1653294],[11.4947817,48.1653417],[11.4943347,48.1653772],[11.4939896,48.1654033],[11.4938493,48.1654134],[11.4938467,48.1653973],[11.4938443,48.1653873],[11.4948662,48.1653086]]],[[[11.597982,48.1357638],[11.5982037,48.1357458],[11.5985829,48.1357243],[11.5989362,48.1357169],[11.5992868,48.1357183],[11.5996334,48.135728],[11.5996337,48.1356987],[11.5996336,48.1356721],[11.5996326,48.1356431],[11.5992882,48.1356341],[11.5989342,48.1356328],[11.5985803,48.1356363],[11.5981965,48.1356534],[11.597979,48.1356693],[11.5979814,48.1357456],[11.597982,48.1357638]]],[[[11.6212129,48.1533499],[11.6228055,48.1535964],[11.6229428,48.1536176],[11.6229359,48.1536376],[11.62293,48.1536545],[11.6229239,48.1536721],[11.622913,48.1537034],[11.6227742,48.153682],[11.6211831,48.1534358],[11.6211927,48.1534081],[11.621198,48.1533923],[11.6212035,48.1533774],[11.6212129,48.1533499]]],[[[11.5869837,48.1400508],[11.5870416,48.140118],[11.5873842,48.1399875],[11.5883907,48.1395978],[11.5884432,48.139577],[11.5883873,48.1395118],[11.5883658,48.1395201],[11.5883343,48.1395322],[11.5883069,48.1395427],[11.5873553,48.1399079],[11.587326,48.1399194],[11.5872965,48.1399309],[11.5869837,48.1400508]]],[[[11.6177958,48.1204175],[11.6177929,48.1203983],[11.6177893,48.1203745],[11.6180117,48.1203595],[11.619547,48.1202555],[11.6195507,48.1202801],[11.6195537,48.1202998],[11.6195571,48.1203224],[11.618023,48.1204263],[11.6177995,48.1204414],[11.6177958,48.1204175]]],[[[11.6089986,48.1182338],[11.60902,48.1182139],[11.6090426,48.1181927],[11.6090655,48.1181709],[11.6076824,48.1175141],[11.6076598,48.1175353],[11.6076372,48.1175566],[11.6076155,48.117577],[11.6089986,48.1182338]]],[[[11.6090241,48.1509355],[11.6091785,48.1509533],[11.6091818,48.1509459],[11.6091864,48.1509351],[11.6091355,48.150927],[11.6090757,48.1509182],[11.6090085,48.1509086],[11.6089317,48.150899],[11.6088693,48.1508928],[11.6088142,48.1508873],[11.6087447,48.1508818],[11.6086581,48.1508767],[11.6085754,48.1508725],[11.6084892,48.1508681],[11.6084337,48.1508659],[11.6084327,48.1508802],[11.6084317,48.1508945],[11.6084883,48.1508978],[11.6085945,48.150903],[11.6087276,48.1509088],[11.6088352,48.1509166],[11.6089228,48.1509253],[11.6090241,48.1509355]]],[[[11.6085,48.1508151],[11.6085748,48.1508191],[11.6086734,48.1508243],[11.6087716,48.1508294],[11.608841,48.1508344],[11.6089107,48.150841],[11.6089792,48.1508494],[11.6090878,48.1508639],[11.609093,48.1508647],[11.6091394,48.1508718],[11.6092047,48.1508824],[11.6092089,48.1508727],[11.6092133,48.1508612],[11.6091485,48.1508498],[11.6090925,48.1508414],[11.6089844,48.1508275],[11.6089177,48.1508197],[11.6088449,48.150813],[11.6087716,48.1508071],[11.6086754,48.1508016],[11.6085754,48.1507962],[11.6085003,48.1507929],[11.608438,48.1507903],[11.6084377,48.1508027],[11.6084376,48.1508124],[11.6085,48.1508151]]],[[[11.571679,48.1964665],[11.5717332,48.1964697],[11.5717592,48.1964713],[11.5718046,48.196474],[11.5719394,48.1954658],[11.5719492,48.1953926],[11.571905,48.19539],[11.5718783,48.1953884],[11.5718237,48.1953852],[11.5718139,48.1954587],[11.571679,48.1964665]]],[[[11.5363719,48.1461847],[11.5363766,48.1462004],[11.5364077,48.1461976],[11.5368792,48.1461436],[11.5368734,48.1461154],[11.5364922,48.1461567],[11.5363691,48.14617],[11.5363719,48.1461847]]],[[[11.5311898,48.1564551],[11.5312224,48.1564378],[11.5316043,48.1562344],[11.531582,48.1562157],[11.5311674,48.1564364],[11.5311813,48.1564479],[11.5311898,48.1564551]]],[[[11.5326593,48.1550109],[11.5325839,48.1551367],[11.5325256,48.155215],[11.5324775,48.1552786],[11.5324292,48.1553453],[11.5324507,48.1553528],[11.5325044,48.1552864],[11.5325542,48.1552241],[11.5326133,48.1551444],[11.5326872,48.1550176],[11.5326742,48.1550148],[11.5326593,48.1550109]]],[[[11.5327862,48.1550362],[11.5327331,48.1551302],[11.5326768,48.1552178],[11.5325674,48.1553545],[11.5325424,48.1553824],[11.532516,48.1553745],[11.5325423,48.1553439],[11.5326464,48.1552099],[11.5327049,48.1551204],[11.5327598,48.1550302],[11.532773,48.1550332],[11.5327862,48.1550362]]],[[[11.5336737,48.1531152],[11.5336641,48.1531358],[11.5341055,48.1532275],[11.5341151,48.1532069],[11.5336737,48.1531152]]],[[[11.5415422,48.1633677],[11.5415733,48.1633493],[11.5420403,48.1630726],[11.5420245,48.1630607],[11.5420063,48.163047],[11.5419318,48.1630912],[11.5415386,48.1633242],[11.5415082,48.1633422],[11.5415422,48.1633677]]],[[[11.5428558,48.1624185],[11.5428285,48.162435],[11.5423663,48.1627159],[11.5423819,48.1627273],[11.5423991,48.1627398],[11.5424714,48.1626959],[11.5428618,48.1624587],[11.5428885,48.1624425],[11.5428558,48.1624185]]],[[[11.6152047,48.143063],[11.6151714,48.1430843],[11.6151498,48.1430976],[11.6151281,48.1431113],[11.6150906,48.1431355],[11.6151149,48.1431543],[11.6152175,48.1432398],[11.6153292,48.1433447],[11.6154253,48.1434296],[11.6155371,48.1435377],[11.6155863,48.1435906],[11.6156441,48.1436574],[11.6157425,48.143791],[11.6157802,48.1438516],[11.6158798,48.144003],[11.6158952,48.1440263],[11.6159677,48.1440068],[11.6160294,48.1439875],[11.6160148,48.1439658],[11.6159121,48.1438127],[11.6158699,48.1437486],[11.6157933,48.143636],[11.6157304,48.1435539],[11.6156638,48.1434704],[11.6155628,48.1433732],[11.6154604,48.1432793],[11.6153415,48.1431772],[11.6152394,48.1430886],[11.6152047,48.143063]]],[[[11.6136416,48.1520494],[11.6136475,48.1520402],[11.6136558,48.1520273],[11.6135673,48.1520012],[11.6134965,48.1519844],[11.6134275,48.1519702],[11.6132836,48.1519447],[11.612994,48.1518906],[11.6129895,48.1518994],[11.6129844,48.1519101],[11.6134167,48.1519947],[11.6134811,48.1520083],[11.6135507,48.1520247],[11.6136416,48.1520494]]],[[[11.614018,48.1914459],[11.614032,48.1914671],[11.6141228,48.1916043],[11.6143372,48.1919451],[11.6146477,48.1924613],[11.6146157,48.1924706],[11.6145911,48.1924776],[11.6145584,48.1924872],[11.6142196,48.1919775],[11.6141333,48.1918482],[11.6140223,48.1916558],[11.6139323,48.1914934],[11.6139196,48.1914705],[11.6139557,48.1914611],[11.613989,48.1914531],[11.6140047,48.1914492],[11.614018,48.1914459]]],[[[11.5842036,48.1196697],[11.5841577,48.1196147],[11.5840597,48.1194936],[11.5838172,48.119193],[11.583828,48.1191895],[11.583841,48.1191853],[11.5839218,48.1192854],[11.584224,48.1196598],[11.5842036,48.1196697]]],[[[11.5831484,48.1186402],[11.5831259,48.1186498],[11.5833561,48.1188796],[11.5833663,48.1188752],[11.5833759,48.118871],[11.5831484,48.1186402]]],[[[11.5665251,48.1005526],[11.566758,48.1008464],[11.5667702,48.1008424],[11.5667848,48.1008376],[11.5665522,48.100543],[11.5665251,48.1005526]]],[[[11.5664373,48.1005851],[11.5666738,48.1008787],[11.5666838,48.1008751],[11.5666951,48.100871],[11.5664586,48.1005774],[11.5664373,48.1005851]]],[[[11.5701989,48.1050272],[11.5699305,48.1047404],[11.5699085,48.1047489],[11.5698981,48.1047533],[11.5701704,48.1050412],[11.5701989,48.1050272]]],[[[11.5698359,48.104504],[11.5696352,48.1042918],[11.5695506,48.1042082],[11.5695256,48.1042184],[11.5698022,48.1045175],[11.5698124,48.1045134],[11.5698359,48.104504]]],[[[11.5751049,48.1095561],[11.5748554,48.1092524],[11.5746123,48.1089837],[11.5746152,48.1090115],[11.5746305,48.1090416],[11.5748222,48.1092538],[11.5750778,48.1095649],[11.5750914,48.1095605],[11.5751049,48.1095561]]],[[[11.5750142,48.1095981],[11.5748826,48.1094297],[11.5747148,48.1092323],[11.5745854,48.1090888],[11.5744574,48.1089585],[11.5744458,48.1089636],[11.5744341,48.1089687],[11.5744408,48.1089758],[11.5745828,48.1091251],[11.5746269,48.1091779],[11.5747015,48.1092671],[11.5747523,48.1093285],[11.5747692,48.1093489],[11.5748447,48.1094423],[11.5749715,48.1096111],[11.5749887,48.1096059],[11.5750142,48.1095981]]],[[[11.576519,48.1125581],[11.5763012,48.1118821],[11.5763121,48.1118805],[11.5763417,48.1118763],[11.5765511,48.1125262],[11.5765595,48.1125523],[11.5765295,48.1125566],[11.576519,48.1125581]]],[[[11.5764053,48.1125775],[11.5761774,48.1118849],[11.5761958,48.1118822],[11.5762129,48.1118797],[11.5764408,48.1125723],[11.5764241,48.1125747],[11.5764053,48.1125775]]],[[[11.5967247,48.103168],[11.5967368,48.1031677],[11.5967539,48.1031673],[11.5967881,48.1038711],[11.5967589,48.1038717],[11.5967247,48.103168]]],[[[11.5962706,48.1070254],[11.5962565,48.1070163],[11.5962426,48.1070073],[11.5962376,48.1070147],[11.5962234,48.1070388],[11.5962158,48.1070571],[11.5961854,48.10713],[11.5960742,48.1073922],[11.5960948,48.1073964],[11.5961049,48.1073823],[11.5961197,48.1073603],[11.5961357,48.1073312],[11.5961495,48.107302],[11.5961629,48.1072722],[11.5962706,48.1070254]]],[[[11.5964676,48.1061793],[11.5964907,48.1061841],[11.5963818,48.1064706],[11.5963694,48.1065032],[11.596354,48.1064969],[11.5963398,48.1064909],[11.5964676,48.1061793]]],[[[11.5948188,48.1103217],[11.5947889,48.1103167],[11.5946586,48.1106672],[11.5946745,48.1106698],[11.5946885,48.1106722],[11.5948188,48.1103217]]],[[[11.5947636,48.1106866],[11.5948885,48.1103322],[11.5949119,48.1103346],[11.5949092,48.1103531],[11.5949005,48.1103996],[11.5948914,48.1104316],[11.5947992,48.1106922],[11.5947803,48.1106891],[11.5947636,48.1106866]]],[[[11.5942182,48.1115385],[11.594187,48.1115228],[11.5943095,48.1114143],[11.5943407,48.11143],[11.5943095,48.1114576],[11.5942682,48.1114942],[11.5942182,48.1115385]]],[[[11.5924895,48.1147448],[11.592466,48.1147424],[11.5924415,48.114742],[11.5925184,48.1144199],[11.5925396,48.1144232],[11.5925328,48.114492],[11.5925233,48.114552],[11.5925147,48.1146072],[11.5925021,48.114674],[11.5924917,48.1147327],[11.5924895,48.1147448]]],[[[11.58811,48.1172183],[11.5881075,48.1172056],[11.5881259,48.1172012],[11.5881492,48.1171954],[11.5881738,48.1171898],[11.5882033,48.1171841],[11.5882288,48.1171796],[11.5882532,48.1171755],[11.5882783,48.1171714],[11.588301,48.1171682],[11.5883237,48.1171658],[11.5885901,48.1171407],[11.5885925,48.117154],[11.5885956,48.117169],[11.58811,48.1172183]]],[[[11.5886046,48.1172197],[11.5886058,48.1172271],[11.5886097,48.117249],[11.5885908,48.1172525],[11.5883797,48.1172769],[11.5883224,48.1172817],[11.5882738,48.1172858],[11.5882316,48.1172875],[11.588152,48.1172895],[11.5881366,48.1172898],[11.5881275,48.1172852],[11.5881226,48.1172785],[11.5881215,48.1172711],[11.5886046,48.1172197]]],[[[11.5814515,48.1238342],[11.5814432,48.1238331],[11.5814378,48.1238329],[11.5814321,48.1238329],[11.5814268,48.1238332],[11.5814219,48.1238345],[11.5814154,48.1238364],[11.5814105,48.1238395],[11.5811468,48.1241375],[11.5811688,48.1241451],[11.5811876,48.1241515],[11.5814515,48.1238342]]],[[[11.5921672,48.1154366],[11.592189,48.1154147],[11.5922181,48.1153868],[11.5922499,48.1153541],[11.592277,48.1153246],[11.5923009,48.1152955],[11.592328,48.115261],[11.5923521,48.1152282],[11.5923759,48.1151921],[11.5923961,48.1151619],[11.5924076,48.1151443],[11.5924296,48.1151437],[11.5924547,48.115143],[11.5924273,48.1151908],[11.5924159,48.1152104],[11.592403,48.1152295],[11.5923822,48.1152558],[11.5923609,48.1152805],[11.5923349,48.1153102],[11.5923179,48.1153289],[11.5922971,48.1153512],[11.5922687,48.1153778],[11.5922408,48.1154037],[11.5922184,48.1154239],[11.5921951,48.1154418],[11.5921793,48.1154421],[11.5921672,48.1154366]]],[[[11.5661111,48.1340323],[11.5661079,48.134021],[11.5661067,48.1340123],[11.5661061,48.1340019],[11.5661064,48.133994],[11.5661116,48.1339668],[11.5661177,48.1339431],[11.5661257,48.1339175],[11.5661342,48.1338936],[11.5661457,48.1338694],[11.566314,48.1335984],[11.56635,48.1336077],[11.5663743,48.1336133],[11.566383,48.1336156],[11.5663478,48.1336677],[11.5663134,48.133722],[11.5663014,48.1337419],[11.5662607,48.1338063],[11.5662472,48.133826],[11.5662066,48.1338905],[11.5661922,48.1339124],[11.5661512,48.133974],[11.5661111,48.1340323]]],[[[11.5663399,48.1334394],[11.5663216,48.1334336],[11.5662957,48.1334258],[11.5662629,48.1334782],[11.5662905,48.1334857],[11.5662456,48.133558],[11.5662311,48.133554],[11.5662164,48.1335499],[11.566036,48.1338445],[11.5660326,48.1338517],[11.5660284,48.13386],[11.5660219,48.1338767],[11.5660166,48.1339015],[11.5660124,48.1339301],[11.5660106,48.1339504],[11.566009,48.1339784],[11.5660177,48.1339812],[11.5660287,48.1339848],[11.5660324,48.1339543],[11.5660363,48.13394],[11.5660392,48.1339262],[11.5660447,48.13391],[11.566054,48.1338848],[11.5660638,48.1338653],[11.5660793,48.1338374],[11.5661173,48.1337765],[11.5663399,48.1334394]]],[[[11.550376,48.1408326],[11.5506331,48.1407999],[11.551141,48.1407225],[11.5515612,48.1406562],[11.5519734,48.1405832],[11.5522444,48.1405288],[11.5526011,48.1404499],[11.5529127,48.1403755],[11.5533009,48.1402839],[11.5545437,48.1399866],[11.5547611,48.1399346],[11.5547571,48.1399257],[11.554735,48.1398771],[11.5546354,48.1399008],[11.5532698,48.1402257],[11.5527547,48.1403504],[11.552124,48.1404967],[11.5519509,48.140534],[11.5517493,48.1405747],[11.5515463,48.1406118],[11.5511287,48.1406833],[11.5503678,48.1408093],[11.550376,48.1408326]]],[[[11.5547162,48.1396207],[11.5547088,48.1396059],[11.5545325,48.1396479],[11.5531385,48.1399796],[11.5527104,48.1400841],[11.552528,48.1401356],[11.5520041,48.1402999],[11.5517783,48.1403638],[11.5514618,48.140448],[11.5511736,48.1405141],[11.5506752,48.1406098],[11.5506899,48.1406395],[11.5511346,48.140562],[11.5512853,48.1405291],[11.5514299,48.1404944],[11.5518638,48.1403792],[11.5526585,48.140165],[11.5531682,48.1400351],[11.5546283,48.1396857],[11.5547359,48.13966],[11.5547162,48.1396207]]],[[[11.5675755,48.1405339],[11.5675949,48.1405417],[11.567626,48.1405076],[11.5676093,48.1405002],[11.5674511,48.14043],[11.5666618,48.1401071],[11.5663057,48.1399676],[11.5659844,48.1398417],[11.5659775,48.1398447],[11.5659545,48.1398543],[11.5659415,48.1398598],[11.5659298,48.1398655],[11.5662304,48.139993],[11.5662534,48.1400029],[11.5662686,48.1400086],[11.5662827,48.1400136],[11.5663307,48.1400333],[11.5674897,48.140499],[11.5675542,48.1405254],[11.5675755,48.1405339]]],[[[11.4530184,48.1456471],[11.452992,48.1455149],[11.4530235,48.1455123],[11.4530498,48.1456445],[11.4530184,48.1456471]]],[[[11.4531486,48.1456469],[11.4531853,48.1456443],[11.4531628,48.1455063],[11.4531261,48.1455089],[11.4531486,48.1456469]]],[[[11.5623975,48.1610665],[11.5630675,48.1610001],[11.563064,48.1609844],[11.5630621,48.1609757],[11.5623921,48.1610421],[11.5623941,48.1610512],[11.5623975,48.1610665]]],[[[11.5637786,48.1608707],[11.5640005,48.1608751],[11.5646296,48.1608876],[11.5646249,48.1608751],[11.5646157,48.160868],[11.5646015,48.160865],[11.5637803,48.1608467],[11.5637796,48.1608569],[11.5637786,48.1608707]]],[[[11.5648602,48.172194],[11.5649965,48.172531],[11.5650289,48.1725252],[11.5649083,48.1722269],[11.5648926,48.1721882],[11.564875,48.1721913],[11.5648602,48.172194]]],[[[11.6010572,48.1487929],[11.6010717,48.1488016],[11.6010888,48.1488069],[11.6011039,48.1488097],[11.6011222,48.1488117],[11.601339,48.1488185],[11.6014542,48.1488242],[11.6015392,48.1488296],[11.6015698,48.1488321],[11.6015815,48.1488311],[11.6016024,48.1488238],[11.6016074,48.1488208],[11.6016024,48.1488198],[11.6015384,48.1488116],[11.6014572,48.1488064],[11.6013456,48.1488024],[11.6010572,48.1487929]]],[[[11.6034765,48.1796399],[11.6034537,48.1796182],[11.6031823,48.1797452],[11.603205,48.1797669],[11.6034765,48.1796399]]],[[[11.604187,48.1799468],[11.6040736,48.1798432],[11.604061,48.1798317],[11.6041045,48.1798105],[11.604117,48.1798219],[11.6042305,48.1799256],[11.604187,48.1799468]]],[[[11.6031089,48.1791405],[11.6031416,48.1791249],[11.6031713,48.1791107],[11.6032121,48.1790913],[11.6030201,48.1789122],[11.6022527,48.1781967],[11.6022161,48.1782142],[11.6021856,48.1782287],[11.6021495,48.1782459],[11.6029165,48.1789612],[11.6031089,48.1791405]]],[[[11.5965095,48.1726838],[11.5965269,48.1726757],[11.5965481,48.1726658],[11.5965638,48.1726586],[11.5968194,48.1729034],[11.5968036,48.1729107],[11.5967931,48.1729156],[11.5968681,48.1729875],[11.5968936,48.1729756],[11.5975071,48.1735633],[11.5974942,48.1735692],[11.5974744,48.1735784],[11.5974536,48.1735881],[11.5968456,48.1730057],[11.5965095,48.1726838]]],[[[11.5963849,48.1727384],[11.5964027,48.1727303],[11.5964227,48.1727211],[11.5964393,48.1727135],[11.5967716,48.1730362],[11.5973729,48.1736203],[11.5973548,48.1736285],[11.597335,48.1736376],[11.5973185,48.1736452],[11.5967229,48.1730667],[11.5963849,48.1727384]]],[[[11.5485241,48.1435586],[11.5485297,48.1435706],[11.5485352,48.1435823],[11.547997,48.1436943],[11.5479859,48.1436705],[11.5482773,48.1436099],[11.5483541,48.143594],[11.5485241,48.1435586]]],[[[11.5417171,48.1451132],[11.54171,48.1451056],[11.5422089,48.1449868],[11.5422131,48.1449963],[11.5417261,48.1451228],[11.5417171,48.1451132]]],[[[11.5485606,48.1436308],[11.5480138,48.1437445],[11.5480224,48.143763],[11.5485692,48.1436493],[11.5485647,48.1436396],[11.5485606,48.1436308]]],[[[11.541658,48.1450497],[11.5416678,48.1450603],[11.5421471,48.1449478],[11.54214,48.1449327],[11.5416457,48.1450365],[11.541658,48.1450497]]],[[[11.4669787,48.1572465],[11.4669985,48.1572466],[11.4669963,48.157374],[11.4669766,48.1573739],[11.4669787,48.1572465]]],[[[11.4671089,48.1573134],[11.4671436,48.157314],[11.4671492,48.1571552],[11.4671145,48.1571546],[11.4671089,48.1573134]]],[[[11.5799225,48.1157132],[11.5795459,48.1153891],[11.5795647,48.1153793],[11.5795966,48.1153628],[11.5799732,48.115687],[11.5799551,48.1156963],[11.5799225,48.1157132]]],[[[11.5800484,48.1156646],[11.5800829,48.1156471],[11.5801077,48.1156345],[11.579784,48.1153509],[11.5797558,48.1153653],[11.5797264,48.1153809],[11.5800484,48.1156646]]],[[[11.5567356,48.0901765],[11.5567936,48.090234],[11.5568552,48.0902884],[11.5569195,48.0903411],[11.556998,48.0903992],[11.557033,48.0904216],[11.5570753,48.0904478],[11.5570649,48.0904618],[11.557051,48.0904792],[11.5570133,48.0904649],[11.5569781,48.0904475],[11.5569414,48.0904244],[11.5569001,48.0903891],[11.556844,48.0903388],[11.5567859,48.0902727],[11.5567132,48.0901861],[11.5567356,48.0901765]]],[[[11.5569398,48.090194],[11.5570159,48.090247],[11.557086,48.0902932],[11.5571588,48.0903398],[11.5572082,48.0903701],[11.5571771,48.0903944],[11.5571437,48.0904237],[11.5570784,48.0903826],[11.5569927,48.090324],[11.5569204,48.0902662],[11.5568703,48.0902237],[11.5568251,48.0901799],[11.5567923,48.0901469],[11.556796,48.0901452],[11.5568133,48.0901372],[11.5568347,48.0901553],[11.5568508,48.0901489],[11.5568722,48.0901448],[11.5569398,48.090194]]],[[[11.5024395,48.1644364],[11.5024411,48.1644436],[11.5024441,48.1644564],[11.5019394,48.164508],[11.5019349,48.164488],[11.5024395,48.1644364]]],[[[11.5113114,48.1612923],[11.5113197,48.1612743],[11.5113281,48.1612546],[11.5113369,48.1612278],[11.5113415,48.1612023],[11.511371,48.1608396],[11.5113285,48.1608394],[11.5112991,48.1612015],[11.5112929,48.1612482],[11.5112828,48.1612886],[11.5112957,48.1612904],[11.5113114,48.1612923]]],[[[11.5461318,48.1441743],[11.5456835,48.1442683],[11.5456909,48.1442842],[11.5456982,48.1442995],[11.5461465,48.1442055],[11.5461318,48.1441743]]],[[[11.5447001,48.1444004],[11.5451885,48.1442958],[11.5452171,48.1442897],[11.5452114,48.1442777],[11.5452067,48.144268],[11.5446897,48.1443788],[11.5447001,48.1444004]]],[[[11.5354088,48.1463385],[11.5354113,48.1463527],[11.5349173,48.1463918],[11.5349129,48.1463671],[11.5354069,48.146328],[11.5354088,48.1463385]]],[[[11.5547501,48.1422542],[11.5547423,48.142237],[11.5542208,48.1423423],[11.554225,48.1423514],[11.5542286,48.1423595],[11.5542669,48.1423518],[11.5547501,48.1422542]]],[[[11.5547684,48.1423035],[11.5542899,48.1424001],[11.5542482,48.1424085],[11.5542526,48.142418],[11.5542557,48.142425],[11.5547759,48.14232],[11.5547684,48.1423035]]],[[[11.5112737,48.1547114],[11.5113029,48.1547114],[11.5113275,48.1547113],[11.5113323,48.1553816],[11.5113097,48.1553817],[11.5112783,48.1553818],[11.5112737,48.1547114]]],[[[11.5115004,48.1553397],[11.5115279,48.1553397],[11.5115523,48.1553397],[11.5115501,48.1547153],[11.5115278,48.1547153],[11.5114985,48.1547154],[11.5115004,48.1553397]]],[[[11.511416,48.1577351],[11.5114434,48.1577357],[11.5114368,48.158204],[11.5114174,48.1582037],[11.5114001,48.1582034],[11.511404,48.1580909],[11.5114058,48.1580365],[11.5114087,48.1579527],[11.5114105,48.1578983],[11.511416,48.1577351]]],[[[11.5648383,48.1717682],[11.5648036,48.1717746],[11.564929,48.172077],[11.5649468,48.1721198],[11.5649626,48.1721168],[11.5649815,48.1721133],[11.5648383,48.1717682]]],[[[11.5640806,48.1633552],[11.5640022,48.1630949],[11.5639911,48.1630436],[11.5639884,48.1630056],[11.5640109,48.1630027],[11.5641008,48.1633095],[11.5641128,48.1633505],[11.5640959,48.1633529],[11.5640806,48.1633552]]],[[[11.564303,48.1636129],[11.5643975,48.1639433],[11.5643636,48.1639476],[11.5642825,48.163664],[11.5642691,48.1636172],[11.5642817,48.1636156],[11.564303,48.1636129]]],[[[11.6240184,48.1537085],[11.6240173,48.1536819],[11.6234717,48.1536919],[11.6234722,48.1537033],[11.6234728,48.1537185],[11.6235381,48.1537173],[11.6240184,48.1537085]]],[[[11.6240243,48.1537863],[11.623476,48.1537977],[11.6234753,48.1537829],[11.6234749,48.1537736],[11.6235417,48.1537722],[11.6240231,48.1537622],[11.6240243,48.1537863]]],[[[11.6189747,48.1534861],[11.6189725,48.1535011],[11.6189713,48.1535147],[11.6188859,48.1535116],[11.6188182,48.1535092],[11.6185715,48.1535075],[11.6183481,48.1535128],[11.6183272,48.1535138],[11.6182236,48.1535189],[11.6182214,48.1535029],[11.6182199,48.1534903],[11.6183453,48.1534818],[11.6185723,48.1534766],[11.6188187,48.1534801],[11.6189747,48.1534861]]],[[[11.6189593,48.1535976],[11.6188055,48.1535902],[11.6185699,48.1535873],[11.6183519,48.153594],[11.6182366,48.1536013],[11.6182343,48.1535862],[11.6182323,48.153574],[11.6183343,48.1535691],[11.6183498,48.1535683],[11.6185695,48.1535621],[11.6188081,48.1535646],[11.618893,48.1535682],[11.6189621,48.1535711],[11.6189612,48.1535821],[11.6189593,48.1535976]]],[[[11.6290707,48.1534618],[11.6290726,48.1534766],[11.6290741,48.1534899],[11.6289869,48.1534946],[11.628286,48.1535321],[11.6282826,48.153504],[11.6290707,48.1534618]]],[[[11.6290827,48.1535748],[11.6282924,48.1536177],[11.6282893,48.1535918],[11.6289905,48.1535538],[11.6290795,48.153549],[11.6290809,48.1535607],[11.6290827,48.1535748]]],[[[11.6135793,48.1520909],[11.613495,48.1520676],[11.6133759,48.1520409],[11.6129531,48.1519604],[11.6129505,48.1519675],[11.6129464,48.151978],[11.613373,48.152056],[11.6134856,48.1520821],[11.6135685,48.1521054],[11.6135734,48.1520985],[11.6135793,48.1520909]]],[[[11.6367523,48.1727365],[11.6367365,48.1727369],[11.6367182,48.1727373],[11.6367108,48.1726858],[11.6367085,48.1726696],[11.6366949,48.1725663],[11.6366857,48.1725141],[11.6366764,48.1724612],[11.6366646,48.1724057],[11.6366602,48.172386],[11.636652,48.1723497],[11.6366427,48.1723107],[11.6366616,48.1723086],[11.6366838,48.1723064],[11.6367037,48.1723946],[11.636718,48.1724698],[11.6367332,48.1725582],[11.6367405,48.1726051],[11.6367469,48.1726675],[11.6367523,48.1727365]]],[[[11.5830952,48.1336087],[11.5831061,48.1336123],[11.5831253,48.1336188],[11.5833824,48.1332767],[11.5833608,48.1332694],[11.5833523,48.1332666],[11.5830952,48.1336087]]],[[[11.5830251,48.1335952],[11.5832958,48.1332341],[11.5832799,48.1332281],[11.5832649,48.1332238],[11.5829942,48.1335849],[11.5830041,48.1335882],[11.5830147,48.1335917],[11.5830251,48.1335952]]],[[[11.6291441,48.162377],[11.6291686,48.1627632],[11.6291471,48.1627634],[11.6291298,48.1627636],[11.6291143,48.1625702],[11.6291043,48.1623773],[11.6291207,48.1623772],[11.6291441,48.162377]]],[[[11.6292675,48.1623737],[11.6292831,48.1625662],[11.6292889,48.1627606],[11.6292681,48.1627609],[11.6292511,48.1627612],[11.6292301,48.1623746],[11.6292493,48.1623741],[11.6292675,48.1623737]]],[[[11.6352838,48.1700277],[11.635006,48.1697163],[11.6350256,48.1697085],[11.6350441,48.1697012],[11.6353219,48.1700126],[11.6353016,48.1700206],[11.6352838,48.1700277]]],[[[11.6351708,48.1700652],[11.6348924,48.1697508],[11.6349095,48.1697441],[11.6349307,48.1697357],[11.6352091,48.1700501],[11.6351889,48.1700581],[11.6351708,48.1700652]]],[[[11.6290312,48.1588975],[11.6290496,48.1588974],[11.6290682,48.1588974],[11.6290723,48.1586216],[11.6290817,48.158463],[11.6290908,48.1583515],[11.6290705,48.1583513],[11.6290503,48.1583512],[11.6290399,48.1584627],[11.6290319,48.1586226],[11.6290312,48.1588975]]],[[[11.6289015,48.1588974],[11.6289009,48.158758],[11.6289047,48.1586255],[11.628916,48.1584577],[11.6289243,48.1583494],[11.6289458,48.1583497],[11.6289658,48.15835],[11.6289567,48.1584598],[11.6289471,48.1586241],[11.6289442,48.1588975],[11.6289241,48.1588974],[11.6289015,48.1588974]]],[[[11.5271798,48.0810452],[11.5272207,48.0810379],[11.5270607,48.0806251],[11.5270782,48.0806222],[11.5271,48.0806187],[11.5270536,48.0804735],[11.5270235,48.0804781],[11.5270164,48.0804527],[11.5269616,48.0802295],[11.5269152,48.0799354],[11.5268893,48.0796834],[11.5268831,48.0794502],[11.5268878,48.0792987],[11.5269073,48.079299],[11.52691,48.0792384],[11.5269247,48.0790917],[11.5268954,48.0790907],[11.5268545,48.079089],[11.5268496,48.079147],[11.5268404,48.0792565],[11.5268336,48.0794499],[11.5268397,48.079685],[11.5268625,48.07994],[11.52691,48.0802322],[11.5269655,48.0804569],[11.5270151,48.0806143],[11.5270355,48.0806788],[11.5271258,48.0809156],[11.5271798,48.0810452]]],[[[11.527299,48.0810238],[11.527345,48.0810164],[11.5272952,48.080876],[11.5272855,48.0808489],[11.5272616,48.0807814],[11.5272894,48.0807769],[11.5272689,48.0807182],[11.5272405,48.0807222],[11.5272001,48.0805974],[11.5271449,48.0804039],[11.527095,48.080191],[11.5270761,48.0800864],[11.5270719,48.0800654],[11.5270943,48.0800635],[11.5270816,48.0799971],[11.5270585,48.0799991],[11.5270498,48.0799561],[11.5270242,48.0796868],[11.5270184,48.0795598],[11.5270215,48.0794706],[11.5270223,48.0794438],[11.5270277,48.0793473],[11.527028,48.0793425],[11.5270487,48.079343],[11.5270549,48.079241],[11.5270334,48.0792406],[11.5270452,48.0791013],[11.5270348,48.0791007],[11.5269802,48.0790983],[11.5269768,48.0791517],[11.5269738,48.0791994],[11.5269674,48.0793464],[11.5269622,48.0794642],[11.5269656,48.0795619],[11.5269699,48.0796866],[11.526993,48.0799328],[11.5270211,48.0800895],[11.5270406,48.0801983],[11.5270903,48.0804108],[11.5271532,48.0806042],[11.5272232,48.0808107],[11.5272484,48.0808816],[11.527299,48.0810238]]],[[[11.5023812,48.1260901],[11.5023816,48.1260673],[11.501823,48.1260627],[11.5018226,48.1260855],[11.5023812,48.1260901]]],[[[11.50381,48.1262339],[11.5038074,48.1262519],[11.5032357,48.1262145],[11.5032383,48.1261964],[11.50381,48.1262339]]],[[[11.5171873,48.1299549],[11.5172076,48.1299417],[11.517036,48.1298174],[11.5168546,48.1296998],[11.5168349,48.1297126],[11.5170158,48.1298296],[11.5171873,48.1299549]]],[[[11.5171303,48.1299845],[11.5169509,48.1298621],[11.5167779,48.1297434],[11.5167553,48.1297581],[11.5169265,48.129875],[11.5171082,48.1299989],[11.5171303,48.1299845]]],[[[11.5170166,48.1348592],[11.5168689,48.1348636],[11.5164521,48.1348761],[11.5164538,48.1349015],[11.5168705,48.134889],[11.5170183,48.1348846],[11.5170174,48.1348711],[11.5170166,48.1348592]]],[[[11.5179745,48.1347752],[11.5179838,48.134775],[11.5179844,48.1347956],[11.5179745,48.1347958],[11.5175216,48.1348017],[11.5174635,48.1348024],[11.5174632,48.134794],[11.5174629,48.1347816],[11.5178583,48.1347764],[11.517858,48.1347654],[11.5179393,48.1347643],[11.5179396,48.1347756],[11.5179745,48.1347752]]],[[[11.5928218,48.1461118],[11.5928497,48.1461037],[11.5929336,48.1462356],[11.5929459,48.1463085],[11.592956,48.1463766],[11.5929437,48.1464511],[11.5929338,48.1464507],[11.5929167,48.1464501],[11.59292,48.1464317],[11.5929285,48.1463754],[11.5929175,48.1463106],[11.5929044,48.1462399],[11.5928218,48.1461118]]],[[[11.5930308,48.1464547],[11.5930127,48.1464537],[11.5930207,48.1463778],[11.5930127,48.1463058],[11.5929951,48.1462317],[11.5930043,48.1462305],[11.5930159,48.1462296],[11.5930325,48.1463039],[11.5930397,48.1463772],[11.5930308,48.1464547]]],[[[11.5143956,48.1349019],[11.5143943,48.1348831],[11.5139296,48.1348971],[11.5139303,48.134907],[11.5139309,48.1349158],[11.5143956,48.1349019]]],[[[11.5146307,48.1349755],[11.5139517,48.1349912],[11.5139513,48.1349836],[11.5139509,48.1349743],[11.5146299,48.1349586],[11.5146307,48.1349755]]],[[[11.5085726,48.1258698],[11.5080636,48.1259389],[11.5080582,48.1259211],[11.5085672,48.125852],[11.5085699,48.1258609],[11.5085726,48.1258698]]],[[[11.5085054,48.1257876],[11.5085112,48.1258065],[11.508043,48.1258707],[11.5080372,48.1258519],[11.5085054,48.1257876]]],[[[11.5219115,48.1345663],[11.5221727,48.1344007],[11.5221389,48.1343769],[11.5218777,48.1345426],[11.5218921,48.1345527],[11.5219115,48.1345663]]],[[[11.5219338,48.1346301],[11.5219683,48.1346544],[11.5221228,48.1345565],[11.5221824,48.1345187],[11.522223,48.134493],[11.5221884,48.1344688],[11.5219338,48.1346301]]],[[[11.5334533,48.169363],[11.5334788,48.1693816],[11.5330581,48.169638],[11.5330102,48.1696672],[11.5329969,48.1696575],[11.5329847,48.1696486],[11.5334533,48.169363]]],[[[11.5330812,48.1697258],[11.5330707,48.1697184],[11.5330626,48.1697127],[11.5331132,48.1696807],[11.5336169,48.1693615],[11.5336355,48.1693745],[11.5330812,48.1697258]]],[[[11.5149263,48.179282],[11.5144212,48.1795169],[11.514439,48.1795351],[11.5145369,48.1794982],[11.5146489,48.179449],[11.5149529,48.179307],[11.514941,48.1792956],[11.5149263,48.179282]]],[[[11.5143527,48.1794653],[11.5144189,48.1794289],[11.5145577,48.1793583],[11.5148595,48.1792135],[11.5148696,48.1792233],[11.5148845,48.1792377],[11.5143749,48.179482],[11.5143527,48.1794653]]],[[[11.5596622,48.144588],[11.5596164,48.1445825],[11.559566,48.1447685],[11.5595398,48.1448681],[11.5595856,48.1448736],[11.5596131,48.1447732],[11.5596622,48.144588]]],[[[11.5597126,48.1446865],[11.5596394,48.1449566],[11.5596738,48.1449607],[11.559747,48.1446906],[11.5597126,48.1446865]]],[[[11.5540839,48.1541514],[11.5540719,48.1541449],[11.554062,48.1541396],[11.5540807,48.1541242],[11.554628,48.1536756],[11.5546663,48.1536448],[11.5547217,48.1536003],[11.5547378,48.1536101],[11.5546877,48.1536564],[11.5546487,48.1536883],[11.5540839,48.1541514]]],[[[11.5536069,48.1544145],[11.5535898,48.1544044],[11.5535712,48.1543934],[11.5532597,48.1546281],[11.553123,48.1547311],[11.5531587,48.1547523],[11.5532275,48.1547004],[11.5535607,48.1544493],[11.5536069,48.1544145]]],[[[11.5579394,48.1507894],[11.5579898,48.1507212],[11.5580304,48.1506574],[11.5580701,48.150587],[11.5581213,48.1504856],[11.5581599,48.1503873],[11.5581483,48.1503858],[11.558116,48.1503811],[11.558068,48.1504876],[11.5580188,48.1505852],[11.5579669,48.1506745],[11.5579034,48.1507763],[11.5579251,48.1507839],[11.5579394,48.1507894]]],[[[11.5582781,48.1504076],[11.5582421,48.1505071],[11.5582037,48.1505897],[11.5581546,48.150673],[11.5581045,48.150754],[11.55805,48.1508298],[11.5580276,48.1508221],[11.5580034,48.1508136],[11.5580502,48.1507423],[11.5581006,48.1506596],[11.558141,48.1505843],[11.5581913,48.1504809],[11.5582245,48.1503988],[11.5582534,48.1504035],[11.5582781,48.1504076]]],[[[11.5212108,48.1762126],[11.5212357,48.1762373],[11.5217313,48.1760088],[11.5217125,48.1759925],[11.5216941,48.1759765],[11.5212108,48.1762126]]],[[[11.5211001,48.1761742],[11.5216242,48.1759138],[11.5216376,48.1759257],[11.5216488,48.1759356],[11.5211262,48.1761974],[11.5211001,48.1761742]]],[[[11.5740898,48.1669522],[11.5741223,48.1665796],[11.5740875,48.1665782],[11.574055,48.1669508],[11.5740725,48.1669515],[11.5740898,48.1669522]]],[[[11.5343889,48.1532013],[11.5343972,48.1531835],[11.5339278,48.1530856],[11.5339194,48.1531034],[11.5343889,48.1532013]]],[[[11.5728388,48.1715914],[11.5730036,48.1712205],[11.5729835,48.1712165],[11.5729339,48.1712067],[11.5728008,48.1715062],[11.5728338,48.1715127],[11.5728021,48.1715841],[11.5728137,48.1715864],[11.5728388,48.1715914]]],[[[11.5157821,48.0975664],[11.5157957,48.0975338],[11.5158031,48.0975162],[11.5158219,48.0974714],[11.5143423,48.097195],[11.5141365,48.0971566],[11.514122,48.0971912],[11.5141128,48.0972132],[11.5140968,48.0972516],[11.514302,48.0972899],[11.5157821,48.0975664]]],[[[11.4768464,48.114103],[11.4769013,48.1140979],[11.4769355,48.114095],[11.476984,48.1140906],[11.4771931,48.1151265],[11.4772133,48.1152267],[11.477166,48.115231],[11.4771259,48.1152346],[11.4770757,48.1152391],[11.4770554,48.1151382],[11.4768464,48.114103]]],[[[11.472872,48.1088064],[11.4730359,48.108854],[11.4744657,48.1092635],[11.474439,48.1092944],[11.4744241,48.1093111],[11.4744107,48.1093266],[11.4743822,48.1093579],[11.472976,48.1089438],[11.4728195,48.1088968],[11.4728342,48.1088721],[11.4728441,48.1088543],[11.4728546,48.1088368],[11.472872,48.1088064]]],[[[11.6128351,48.1520678],[11.6132415,48.1522948],[11.6132543,48.1522848],[11.6132658,48.1522759],[11.612859,48.1520487],[11.6128474,48.152058],[11.6128351,48.1520678]]],[[[11.5371329,48.1168438],[11.5379799,48.1168441],[11.5388039,48.116845],[11.5388039,48.1168707],[11.5388039,48.1168883],[11.5388038,48.1169062],[11.5388038,48.1169236],[11.5379799,48.116923],[11.5371328,48.1169224],[11.5371329,48.1168973],[11.5371328,48.1168794],[11.5371329,48.1168624],[11.5371329,48.1168438]]],[[[11.609726,48.1322034],[11.6097349,48.1321977],[11.6097447,48.132191],[11.6091919,48.1318264],[11.6091777,48.1318354],[11.6092811,48.1319149],[11.6093231,48.1319426],[11.609726,48.1322034]]],[[[11.6099439,48.1322412],[11.6099369,48.1322458],[11.6099308,48.1322499],[11.6095405,48.1319861],[11.6095536,48.1319774],[11.6099439,48.1322412]]],[[[11.6091909,48.136086],[11.6092035,48.1360665],[11.6093621,48.135821],[11.6093917,48.1357751],[11.6094426,48.1356962],[11.6094715,48.1357045],[11.6092328,48.1360743],[11.6092198,48.1360943],[11.6091909,48.136086]]],[[[11.6097449,48.1354319],[11.6099022,48.1351849],[11.6099221,48.1351537],[11.6099539,48.1351627],[11.6099342,48.1351937],[11.6097767,48.1354409],[11.6097449,48.1354319]]],[[[11.6424975,48.1223336],[11.6424394,48.1222426],[11.6423817,48.1221451],[11.6422159,48.1218664],[11.6422386,48.12186],[11.6422602,48.1218539],[11.6424263,48.1221327],[11.6424825,48.1222298],[11.6425302,48.1223256],[11.6425151,48.1223297],[11.6424975,48.1223336]]],[[[11.6301812,48.128364],[11.630141,48.1283751],[11.6296839,48.1285021],[11.6296716,48.1284824],[11.6299426,48.1284071],[11.6300201,48.1283856],[11.6301689,48.1283443],[11.6301744,48.1283531],[11.6301812,48.128364]]],[[[11.6064269,48.1387536],[11.6067989,48.139115],[11.6070669,48.1393753],[11.6073424,48.1396429],[11.6074534,48.139592],[11.6071779,48.1393244],[11.6069099,48.1390641],[11.6065379,48.1387027],[11.6064487,48.1387436],[11.6064269,48.1387536]]],[[[11.4891324,48.1407991],[11.48853,48.1409091],[11.4885257,48.1408986],[11.4885212,48.1408875],[11.4891236,48.1407775],[11.4891281,48.1407885],[11.4891324,48.1407991]]],[[[11.4891548,48.1408704],[11.4885632,48.1409771],[11.4885589,48.1409664],[11.4885552,48.1409572],[11.4891468,48.1408505],[11.4891504,48.1408596],[11.4891548,48.1408704]]],[[[11.5880112,48.1376807],[11.5880101,48.1376707],[11.588009,48.1376603],[11.5877109,48.1376787],[11.5877106,48.1376856],[11.5877107,48.1376933],[11.5880112,48.1376807]]],[[[11.588429,48.1374301],[11.5881504,48.1374454],[11.5881519,48.1374582],[11.5881527,48.1374648],[11.5884314,48.1374495],[11.5884304,48.1374416],[11.588429,48.1374301]]],[[[11.5978026,48.1358553],[11.5977847,48.135857],[11.5978207,48.1360221],[11.597844,48.1361292],[11.5978619,48.1361275],[11.5978384,48.1360197],[11.5978026,48.1358553]]],[[[11.5103192,48.1394335],[11.5108336,48.1393611],[11.5108302,48.1393503],[11.5108269,48.1393398],[11.5103125,48.1394122],[11.5103192,48.1394335]]],[[[11.4098661,48.1753865],[11.4099045,48.1754199],[11.4077193,48.1766226],[11.4076901,48.1765926],[11.4076674,48.1765744],[11.4083503,48.1761851],[11.408771,48.1759526],[11.4094754,48.1755857],[11.4098661,48.1753865]]],[[[11.5363864,48.1174758],[11.5363921,48.1175038],[11.5367823,48.1194117],[11.5367867,48.1194331],[11.5367741,48.1194342],[11.5367536,48.1194362],[11.5367349,48.1194381],[11.536718,48.1194396],[11.5367137,48.1194201],[11.5362973,48.1175116],[11.5362914,48.1174843],[11.5363053,48.1174831],[11.5363191,48.1174818],[11.5363446,48.1174795],[11.5363578,48.1174784],[11.5363715,48.1174771],[11.5363746,48.1174769],[11.5363864,48.1174758]]],[[[11.5843265,48.1570517],[11.5838395,48.1560169],[11.583796,48.1560257],[11.58376,48.1560331],[11.5837129,48.1560434],[11.5841988,48.1570785],[11.5842546,48.1570668],[11.5842831,48.1570608],[11.5843265,48.1570517]]],[[[11.4599747,48.1489602],[11.4599814,48.1489694],[11.4599902,48.1489814],[11.4597864,48.1490476],[11.4597805,48.1490395],[11.4597709,48.1490263],[11.4599747,48.1489602]]],[[[11.4590843,48.1494641],[11.4590622,48.1494718],[11.4589959,48.1494936],[11.4589763,48.1495],[11.4588799,48.149532],[11.4588644,48.1495109],[11.4589605,48.149479],[11.4590688,48.149443],[11.4590843,48.1494641]]],[[[11.4603032,48.1488537],[11.4603734,48.1488318],[11.4604484,48.1488082],[11.4604623,48.148828],[11.4602822,48.1488844],[11.4602683,48.1488647],[11.4603032,48.1488537]]],[[[11.4595747,48.148875],[11.4596021,48.1488776],[11.459612,48.1488786],[11.4595965,48.1489523],[11.4595784,48.1490335],[11.4595612,48.1490318],[11.4595411,48.1490299],[11.4595586,48.148949],[11.4595747,48.148875]]],[[[11.4601709,48.1491067],[11.4601436,48.1491158],[11.4600772,48.1491377],[11.4599595,48.1491767],[11.4599418,48.1491529],[11.4600579,48.1491144],[11.4601532,48.1490829],[11.4601709,48.1491067]]],[[[11.459403,48.149149],[11.4594104,48.1491586],[11.4594189,48.1491695],[11.4591933,48.149246],[11.4591852,48.1492356],[11.4591768,48.1492248],[11.4592212,48.14921],[11.459287,48.1491879],[11.459403,48.149149]]],[[[11.459793,48.1492334],[11.4597863,48.1492352],[11.4597228,48.149258],[11.4596984,48.1492655],[11.4596018,48.1492978],[11.4595829,48.1492757],[11.4596794,48.1492428],[11.4597747,48.14921],[11.459793,48.1492334]]],[[[11.4594506,48.1493461],[11.4594209,48.149355],[11.4593545,48.1493769],[11.4593374,48.1493826],[11.4592469,48.1494118],[11.4592292,48.149388],[11.4593199,48.1493587],[11.4594329,48.1493223],[11.4594506,48.1493461]]],[[[11.4590676,48.1492615],[11.459076,48.1492729],[11.4590836,48.1492832],[11.4588187,48.149373],[11.4588108,48.1493623],[11.458802,48.1493505],[11.4588521,48.1493337],[11.4589182,48.1493115],[11.4590676,48.1492615]]],[[[11.4116083,48.140295],[11.4116207,48.1402556],[11.4107353,48.1401312],[11.4098692,48.1400095],[11.4088531,48.1398668],[11.4088404,48.139907],[11.4097203,48.1400312],[11.4097164,48.1400436],[11.4097126,48.1400555],[11.4097102,48.1400631],[11.4098921,48.1400887],[11.4098864,48.1401073],[11.4098796,48.1401284],[11.409942,48.1401371],[11.4099551,48.1400955],[11.409968,48.1400883],[11.4099972,48.1400725],[11.4107232,48.1401706],[11.4116083,48.140295]]],[[[11.4116513,48.1401569],[11.4116391,48.1401957],[11.4107282,48.1400679],[11.4099665,48.1399624],[11.4088731,48.1398091],[11.4088853,48.1397702],[11.4097617,48.1398927],[11.4097629,48.1398888],[11.4097669,48.1398758],[11.4097713,48.1398623],[11.4097721,48.1398595],[11.4099601,48.1398864],[11.4099667,48.1398674],[11.409974,48.1398452],[11.4100401,48.139854],[11.4100278,48.1398905],[11.4100258,48.1398986],[11.4100296,48.1399038],[11.4100618,48.1399347],[11.4100728,48.1399362],[11.4103733,48.1399781],[11.4103841,48.1399796],[11.4103989,48.1399817],[11.4105758,48.1400064],[11.4105937,48.1400089],[11.4106064,48.1400107],[11.4106187,48.1400124],[11.4106331,48.1400144],[11.410717,48.1400261],[11.4107393,48.1400292],[11.4116513,48.1401569]]],[[[11.5523035,48.1415521],[11.5557722,48.1412962],[11.55697,48.1412079],[11.5571261,48.1411964],[11.5571222,48.1411729],[11.5571184,48.1411493],[11.5567374,48.1411748],[11.5557634,48.14124],[11.552297,48.1415039],[11.5523035,48.1415521]]],[[[11.5547423,48.1397895],[11.5547196,48.1397432],[11.5546314,48.1397641],[11.5532045,48.1401016],[11.5526932,48.1402324],[11.5519245,48.1404372],[11.5517525,48.1404824],[11.5517619,48.1405025],[11.5519196,48.1404706],[11.5521319,48.140423],[11.5527199,48.1402838],[11.5532576,48.1401555],[11.554621,48.1398296],[11.5547469,48.1397995],[11.5547423,48.1397895]]],[[[11.5953133,48.1109337],[11.595324,48.1109087],[11.5953545,48.1109145],[11.5955131,48.1109449],[11.5955023,48.1109699],[11.5953435,48.1109395],[11.5953133,48.1109337]]],[[[11.5955949,48.1109149],[11.5956325,48.1109228],[11.5956846,48.1108132],[11.595647,48.1108052],[11.5955949,48.1109149]]],[[[11.5953392,48.1106757],[11.5953793,48.1106838],[11.595414,48.1106072],[11.5954334,48.1105642],[11.5953933,48.1105561],[11.5953742,48.1105985],[11.5953392,48.1106757]]],[[[11.5956829,48.1107223],[11.5957197,48.1107298],[11.5957708,48.1106187],[11.595734,48.1106111],[11.5956829,48.1107223]]],[[[11.595261,48.1108435],[11.5953027,48.1108518],[11.5953522,48.1107416],[11.5953105,48.1107333],[11.595261,48.1108435]]],[[[11.5954976,48.1105381],[11.5955076,48.1105166],[11.59553,48.1105212],[11.5957041,48.1105574],[11.595694,48.110579],[11.5955201,48.1105428],[11.5954976,48.1105381]]],[[[11.5940386,48.1287504],[11.5940518,48.1287465],[11.5940762,48.1287387],[11.5941055,48.1287839],[11.5941591,48.1288637],[11.5942312,48.1289512],[11.594307,48.1290307],[11.5942786,48.1290441],[11.594199,48.1289647],[11.5941182,48.1288744],[11.5940673,48.1287979],[11.5940386,48.1287504]]],[[[11.5939355,48.1287779],[11.593953,48.1287727],[11.5939659,48.1287694],[11.5939987,48.128822],[11.5940322,48.1288688],[11.5940703,48.1289149],[11.5941347,48.1289893],[11.5942256,48.1290756],[11.5942082,48.1290843],[11.59411,48.1289988],[11.5940356,48.1289224],[11.5939916,48.1288679],[11.5939355,48.1287779]]],[[[11.4734499,48.1778173],[11.4734546,48.1777912],[11.4738767,48.1778253],[11.4738748,48.1778355],[11.4738719,48.1778514],[11.4737044,48.1778379],[11.4736476,48.1778333],[11.4734499,48.1778173]]],[[[11.4734836,48.1776534],[11.4734884,48.177628],[11.4737336,48.1776496],[11.4737903,48.1776543],[11.4739068,48.1776627],[11.4739041,48.1776769],[11.473902,48.1776881],[11.4734836,48.1776534]]],[[[11.6787761,48.1434035],[11.6787698,48.1434255],[11.6790677,48.1434637],[11.679074,48.1434417],[11.6787761,48.1434035]]],[[[11.6789374,48.143333],[11.6792211,48.143365],[11.679232,48.1433314],[11.6789517,48.1432984],[11.6789374,48.143333]]],[[[11.5310096,48.1311725],[11.5310499,48.131195],[11.5312261,48.131055],[11.5311859,48.1310324],[11.5310096,48.1311725]]],[[[11.5336578,48.1336241],[11.533631,48.1336313],[11.5337113,48.1337639],[11.5337381,48.1337567],[11.5337192,48.1337253],[11.5336578,48.1336241]]],[[[11.5308877,48.1309628],[11.5309122,48.1309782],[11.5311554,48.1308052],[11.5311308,48.1307899],[11.5310196,48.130869],[11.5308877,48.1309628]]],[[[11.5360045,48.116987],[11.5360049,48.1169625],[11.53571,48.1169604],[11.5357096,48.116985],[11.5357407,48.1169852],[11.5358013,48.1169856],[11.5358888,48.1169862],[11.5359494,48.1169866],[11.5360045,48.116987]]],[[[11.5272677,48.078729],[11.5272809,48.0787256],[11.5273391,48.0787604],[11.5274774,48.0789231],[11.5274897,48.0789546],[11.5274994,48.0789783],[11.5274804,48.078984],[11.5272677,48.078729]]],[[[11.5275109,48.0793212],[11.5275332,48.0793127],[11.527318,48.0790637],[11.5273036,48.0790683],[11.5273073,48.079087],[11.5275109,48.0793212]]],[[[11.5749766,48.1086099],[11.5749582,48.1085915],[11.5749419,48.1085753],[11.574927,48.1085605],[11.5749124,48.1085459],[11.5750473,48.1084855],[11.5763184,48.1079166],[11.576332,48.1079302],[11.5763505,48.1079486],[11.5763684,48.1079664],[11.5763826,48.1079805],[11.575111,48.1085497],[11.5749766,48.1086099]]],[[[11.3890804,48.1343464],[11.3891059,48.1343224],[11.3889624,48.1342546],[11.3889541,48.1342625],[11.388937,48.1342786],[11.3890804,48.1343464]]],[[[11.61782,48.1205915],[11.617817,48.1205721],[11.6178129,48.1205452],[11.6180295,48.1205304],[11.6195716,48.1204248],[11.6195757,48.1204513],[11.6195788,48.1204715],[11.6195826,48.1204964],[11.6180428,48.1206018],[11.6178239,48.1206167],[11.61782,48.1205915]]],[[[11.5402469,48.1338976],[11.540239,48.1338473],[11.5402359,48.1338274],[11.5402295,48.1337866],[11.5416439,48.1336879],[11.5418715,48.133672],[11.5418778,48.133712],[11.5418811,48.133733],[11.5418889,48.133783],[11.5416615,48.1337989],[11.5402469,48.1338976]]],[[[11.5529926,48.1361597],[11.5529666,48.1361747],[11.5529936,48.1361954],[11.5529602,48.1362149],[11.552932,48.136193],[11.552876,48.1361485],[11.5528738,48.13615],[11.5528522,48.1361624],[11.5528317,48.1361743],[11.5527865,48.1362003],[11.5515021,48.1352085],[11.551547,48.1351826],[11.5515654,48.135172],[11.5515837,48.1351615],[11.551602,48.1351509],[11.5516508,48.1351227],[11.5529344,48.1361145],[11.5529926,48.1361597]]],[[[11.5099315,48.1352035],[11.5099282,48.1351687],[11.5099263,48.1351487],[11.5099232,48.135116],[11.5116537,48.1350435],[11.5117679,48.1350387],[11.5117715,48.1350771],[11.5117731,48.1350942],[11.5117761,48.1351261],[11.5116616,48.1351309],[11.5099315,48.1352035]]],[[[11.5027767,48.1353999],[11.5027776,48.1354227],[11.5027783,48.135441],[11.5027791,48.1354612],[11.5027801,48.1354841],[11.5026032,48.1354892],[11.501128,48.1355321],[11.5011258,48.1354993],[11.501124,48.1354712],[11.5011225,48.1354478],[11.5026006,48.1354048],[11.5027767,48.1353999]]],[[[11.5205532,48.1347923],[11.5205515,48.1347603],[11.5205506,48.1347437],[11.5205491,48.1347175],[11.5224071,48.1346716],[11.5224081,48.134691],[11.5224091,48.1347073],[11.5224094,48.1347148],[11.5224101,48.1347261],[11.5224106,48.134737],[11.5224111,48.1347465],[11.5205532,48.1347923]]],[[[11.6170828,48.2124684],[11.6171428,48.2124538],[11.6172012,48.2124397],[11.6171914,48.2124219],[11.6165239,48.2112006],[11.616511,48.2111771],[11.6164873,48.2111829],[11.6164568,48.2111903],[11.6164173,48.2111998],[11.6163925,48.2112059],[11.6164051,48.211229],[11.6170729,48.2124503],[11.6170828,48.2124684]]],[[[11.6161745,48.2112576],[11.6161867,48.2112546],[11.6162153,48.2112477],[11.6162626,48.2112362],[11.6162973,48.2112277],[11.6163097,48.2112505],[11.6169789,48.2124711],[11.61699,48.2124914],[11.6169261,48.2125069],[11.6168672,48.2125212],[11.6168563,48.2125014],[11.6161869,48.2112803],[11.6161745,48.2112576]]],[[[11.599632,48.1355467],[11.5996313,48.1355642],[11.5996305,48.1355832],[11.59963,48.1356047],[11.5992855,48.1355939],[11.5989322,48.1355911],[11.5985785,48.1355971],[11.5981945,48.1356089],[11.5979774,48.1356246],[11.5979738,48.1355796],[11.5979727,48.1355669],[11.5981927,48.1355526],[11.5985786,48.1355421],[11.5989292,48.1355383],[11.5992855,48.1355384],[11.599632,48.1355467]]],[[[11.5771482,48.142792],[11.5771183,48.1427282],[11.5771039,48.1427312],[11.5770585,48.1427407],[11.5766658,48.1428225],[11.576625,48.142831],[11.5765675,48.142843],[11.5756375,48.1430368],[11.5756058,48.1430435],[11.5755751,48.1430499],[11.5756049,48.1431136],[11.5756345,48.1431075],[11.576654,48.142895],[11.5771329,48.1427952],[11.5771482,48.142792]]],[[[11.6165094,48.1478406],[11.6165239,48.1478405],[11.6165444,48.1478402],[11.6165623,48.14784],[11.6165782,48.148497],[11.61658,48.148572],[11.6165831,48.1486951],[11.6165883,48.148919],[11.6165365,48.1489196],[11.6165311,48.1486956],[11.61653,48.1486461],[11.6165598,48.1486458],[11.6165584,48.1485878],[11.6165273,48.1485882],[11.6165269,48.1485727],[11.6165265,48.1485537],[11.6165506,48.1485534],[11.6165496,48.1485114],[11.6165256,48.1485117],[11.6165253,48.1484975],[11.6165094,48.1478406]]],[[[11.5784595,48.0968024],[11.5799219,48.0974271],[11.5799491,48.0973988],[11.5799866,48.0973596],[11.5785242,48.0967349],[11.578506,48.0967539],[11.5784937,48.0967668],[11.5784782,48.0967829],[11.5784595,48.0968024]]],[[[11.5817783,48.1040622],[11.5817455,48.1040527],[11.581718,48.1040448],[11.581685,48.104035],[11.5816401,48.1040973],[11.5815065,48.1042513],[11.5812491,48.1045118],[11.5811623,48.1045969],[11.5810937,48.1046648],[11.5810043,48.1047539],[11.5808375,48.1049307],[11.580941,48.1049698],[11.58111,48.1047972],[11.5811967,48.1047121],[11.5812661,48.1046442],[11.5813504,48.1045583],[11.5816197,48.104282],[11.5817327,48.104135],[11.5817783,48.1040622]]],[[[11.5714093,48.1124547],[11.5719191,48.1134921],[11.5719021,48.1135019],[11.5718801,48.1135006],[11.5718904,48.1135215],[11.5718659,48.1135269],[11.5718374,48.1135331],[11.5718212,48.1135367],[11.5718106,48.1135153],[11.5713011,48.1124784],[11.5713236,48.1124735],[11.5713554,48.1124665],[11.5713874,48.1124595],[11.5714093,48.1124547]]],[[[11.5767946,48.1192659],[11.5768399,48.1192721],[11.5768723,48.1192765],[11.5769095,48.1192816],[11.5768566,48.1194603],[11.5765756,48.1203767],[11.5765312,48.1203706],[11.5764974,48.120366],[11.5764606,48.1203609],[11.5767409,48.1194469],[11.5767946,48.1192659]]],[[[11.5767024,48.1192548],[11.5766979,48.1192542],[11.5766714,48.1192505],[11.5766621,48.1192492],[11.5766111,48.1194308],[11.5763237,48.1203409],[11.5763305,48.1203418],[11.5763588,48.1203457],[11.576364,48.1203465],[11.5766518,48.1194351],[11.5767024,48.1192548]]],[[[11.574745,48.1289112],[11.5747229,48.1288989],[11.5744133,48.1291317],[11.57432,48.129202],[11.5742254,48.1292731],[11.5740936,48.1293723],[11.5739876,48.129452],[11.573636,48.1297164],[11.5736692,48.1297352],[11.5736858,48.1297449],[11.5737043,48.1297556],[11.5737281,48.1297696],[11.5740676,48.1295143],[11.5741648,48.1294413],[11.574318,48.129326],[11.5744119,48.1292554],[11.5745077,48.1291834],[11.5746916,48.1290451],[11.574737,48.129011],[11.5748137,48.1289533],[11.5747781,48.1289323],[11.574745,48.1289112]]],[[[11.5610081,48.1406542],[11.5610357,48.1406523],[11.561062,48.1406505],[11.5610896,48.1406487],[11.5611206,48.1406466],[11.5610702,48.1403141],[11.5610308,48.1400546],[11.5609993,48.1398473],[11.5609573,48.13957],[11.5609189,48.1395726],[11.5608825,48.1395751],[11.5608449,48.1395776],[11.5608869,48.1398552],[11.5609184,48.1400628],[11.5609576,48.1403212],[11.5610081,48.1406542]]],[[[11.5562214,48.1480398],[11.5562157,48.1480214],[11.5562083,48.1479985],[11.5562001,48.1479722],[11.5576704,48.1477443],[11.5578436,48.1477067],[11.5578511,48.1477268],[11.557862,48.1477549],[11.5578713,48.1477803],[11.5576833,48.1478184],[11.5562214,48.1480398]]],[[[11.5464575,48.1498747],[11.546446,48.1498466],[11.5464385,48.1498284],[11.5464267,48.1497997],[11.5463223,48.1498189],[11.5447824,48.1501007],[11.544796,48.1501337],[11.5448032,48.1501513],[11.5448132,48.1501756],[11.5463538,48.1498937],[11.5464575,48.1498747]]],[[[11.5326241,48.1546777],[11.532671,48.1546881],[11.5327043,48.1546955],[11.5327442,48.1547043],[11.5327839,48.1546247],[11.5332904,48.1536074],[11.5332492,48.1535983],[11.5332127,48.1535902],[11.5331703,48.1535808],[11.5326643,48.1545969],[11.5326241,48.1546777]]],[[[11.5292948,48.1622127],[11.5292426,48.1622088],[11.5292157,48.1622067],[11.5291918,48.1622049],[11.5291884,48.162225],[11.5291871,48.1622325],[11.5290711,48.1629119],[11.5290681,48.1629294],[11.5289993,48.1633322],[11.5289936,48.1633656],[11.5290163,48.1633673],[11.529044,48.1633694],[11.5290966,48.1633734],[11.5291024,48.1633395],[11.5291709,48.162938],[11.529174,48.1629204],[11.5292903,48.1622392],[11.5292914,48.1622326],[11.5292948,48.1622127]]],[[[11.5283921,48.1706986],[11.5284384,48.1707002],[11.5284782,48.1707016],[11.528521,48.1707031],[11.5286004,48.1696857],[11.5286053,48.1696128],[11.5285588,48.1696112],[11.5285149,48.1696097],[11.5284764,48.1696084],[11.5284714,48.1696826],[11.5283921,48.1706986]]],[[[11.5291429,48.1766924],[11.5290964,48.1766917],[11.5290741,48.1766913],[11.5290214,48.1766905],[11.529021,48.1767029],[11.5290185,48.1767724],[11.5289798,48.177854],[11.5290287,48.1778548],[11.5290553,48.1778552],[11.5291013,48.1778559],[11.5291399,48.1767756],[11.5291424,48.1767054],[11.5291429,48.1766924]]],[[[11.5634137,48.1454923],[11.5632946,48.1452637],[11.563225,48.145138],[11.5632114,48.1451135],[11.5631667,48.1450327],[11.5630098,48.1447659],[11.5628397,48.1444911],[11.5628594,48.1444856],[11.5628848,48.1444785],[11.5629034,48.1444733],[11.5629173,48.1444693],[11.5629458,48.1444614],[11.5629514,48.1444599],[11.5629543,48.1444591],[11.5631195,48.1447351],[11.5632705,48.1450062],[11.5633158,48.145088],[11.5633295,48.1451129],[11.5633981,48.1452368],[11.5635175,48.1454667],[11.5634986,48.1454715],[11.5634734,48.1454775],[11.5634464,48.1454838],[11.5634137,48.1454923]]],[[[11.5641343,48.1509217],[11.5640197,48.1509551],[11.5640868,48.1510578],[11.5642776,48.1513498],[11.5643148,48.1514067],[11.5643854,48.1515146],[11.5644233,48.1515727],[11.5646833,48.1519705],[11.5647979,48.1519372],[11.5645377,48.151539],[11.5645009,48.1514826],[11.5644301,48.1513743],[11.5643929,48.1513174],[11.5642018,48.151025],[11.5641343,48.1509217]]],[[[11.5672909,48.1561778],[11.5672217,48.1559273],[11.5671391,48.1556955],[11.5670344,48.155457],[11.5669199,48.1552397],[11.566851,48.1551281],[11.5668234,48.1551356],[11.5667956,48.1551426],[11.5667658,48.1551506],[11.5667327,48.1551592],[11.5668066,48.1552812],[11.5669176,48.1554928],[11.5670097,48.1557196],[11.5671012,48.155942],[11.5671647,48.1561937],[11.5672016,48.1561891],[11.5672317,48.1561853],[11.5672602,48.1561817],[11.5672909,48.1561778]]],[[[11.5685489,48.1618479],[11.5685764,48.1618427],[11.5686052,48.1618373],[11.5687177,48.1621035],[11.5690498,48.1628899],[11.5690154,48.1628963],[11.5689926,48.1629006],[11.568971,48.1629047],[11.5689359,48.1629113],[11.5686044,48.1621264],[11.5684914,48.1618587],[11.5685226,48.1618528],[11.5685489,48.1618479]]],[[[11.5731313,48.1803455],[11.5731718,48.1803468],[11.5732139,48.1803483],[11.5732578,48.1803498],[11.5732476,48.180471],[11.5731747,48.1814264],[11.57313,48.1814249],[11.5730973,48.1814237],[11.5730483,48.1814221],[11.5731212,48.1804665],[11.5731313,48.1803455]]],[[[11.529149,48.18162],[11.5291752,48.1816116],[11.5292898,48.18177],[11.5292635,48.1817784],[11.529149,48.18162]]],[[[11.530077,48.1823988],[11.5301273,48.182378],[11.5301723,48.1823594],[11.5304483,48.182656],[11.5303987,48.1826766],[11.5303531,48.1826955],[11.530077,48.1823988]]],[[[11.5314659,48.1842579],[11.5314987,48.1842448],[11.5313189,48.1840447],[11.5312862,48.1840578],[11.531342,48.18412],[11.5314659,48.1842579]]],[[[11.5302641,48.1820222],[11.5306084,48.1820364],[11.5306103,48.1820159],[11.530266,48.1820017],[11.5302641,48.1820222]]],[[[11.5289209,48.1821353],[11.5289226,48.1821088],[11.5293248,48.1821198],[11.5293232,48.1821463],[11.5292185,48.1821435],[11.5289209,48.1821353]]],[[[11.5314351,48.1839119],[11.5314783,48.1838949],[11.531365,48.1837667],[11.5313215,48.1837175],[11.5312784,48.1837345],[11.5314351,48.1839119]]],[[[11.5397888,48.1332125],[11.5398093,48.1332114],[11.5398299,48.1332102],[11.53985,48.1334136],[11.5398512,48.1334262],[11.5398159,48.133429],[11.5398142,48.1334149],[11.5397888,48.1332125]]],[[[11.5396683,48.1334813],[11.5396084,48.133484],[11.5396164,48.1335627],[11.539633,48.1337251],[11.5396662,48.1337235],[11.5396929,48.1337224],[11.5396683,48.1334813]]],[[[11.5885861,48.1395289],[11.5885498,48.1395226],[11.5884713,48.1397242],[11.5885075,48.1397305],[11.5885861,48.1395289]]],[[[11.5887178,48.1394431],[11.5887589,48.1394511],[11.5887066,48.1395711],[11.5886588,48.1396807],[11.5886177,48.1396728],[11.5886739,48.1395437],[11.5887178,48.1394431]]],[[[11.5485266,48.120697],[11.5484639,48.1206983],[11.5484398,48.1206988],[11.5483845,48.1206999],[11.5483405,48.1197495],[11.548332,48.1195658],[11.5483831,48.1195647],[11.548407,48.1195642],[11.5484742,48.1195628],[11.5484826,48.1197457],[11.5485266,48.120697]]],[[[11.5482438,48.1207034],[11.5482664,48.1207029],[11.5482902,48.1207023],[11.5483129,48.1207018],[11.5482606,48.1197496],[11.5482504,48.1195641],[11.5482247,48.1195647],[11.5482011,48.1195652],[11.5481812,48.1195657],[11.5482438,48.1207034]]],[[[11.5495927,48.1251362],[11.5498021,48.1252874],[11.550059,48.1254448],[11.5503538,48.1256155],[11.5506613,48.1257791],[11.5510289,48.1259463],[11.5510563,48.1259203],[11.551077,48.125901],[11.5510863,48.1258914],[11.5510963,48.1258815],[11.5511118,48.1258663],[11.5507486,48.1256982],[11.5504517,48.1255404],[11.5501691,48.1253791],[11.5499126,48.1252165],[11.549713,48.1250673],[11.5496742,48.1250917],[11.549651,48.1251047],[11.5496302,48.1251162],[11.5495927,48.1251362]]],[[[11.6153984,48.1429672],[11.6153629,48.1429696],[11.6153699,48.1430155],[11.6153059,48.1430199],[11.6153077,48.1430318],[11.6153199,48.1431118],[11.6153848,48.1431073],[11.6154058,48.1432447],[11.6154094,48.1432682],[11.615444,48.1432658],[11.6154409,48.1432453],[11.6154074,48.1430263],[11.6153984,48.1429672]]],[[[11.6154587,48.1427918],[11.6154966,48.1427894],[11.6154915,48.1427554],[11.6154671,48.1425893],[11.6154494,48.1425904],[11.6154293,48.1425918],[11.6154537,48.1427578],[11.6154587,48.1427918]]],[[[11.7041297,48.1334212],[11.7041313,48.1334008],[11.7041308,48.1333857],[11.7041302,48.1333706],[11.7041305,48.1333379],[11.7040308,48.1333375],[11.7024981,48.1333314],[11.7024978,48.1333656],[11.7024976,48.1333837],[11.7024974,48.1334147],[11.7040301,48.1334208],[11.7041297,48.1334212]]],[[[11.691581,48.1334888],[11.6915817,48.133459],[11.6915817,48.1334394],[11.6915819,48.1334203],[11.6915823,48.1333918],[11.6913813,48.1333906],[11.6899625,48.133382],[11.6899619,48.1334196],[11.6899617,48.1334405],[11.6899611,48.133479],[11.6913816,48.1334876],[11.691581,48.1334888]]],[[[11.616381,48.1492488],[11.6164248,48.1492488],[11.6164248,48.1492382],[11.616425,48.1490729],[11.6164073,48.1490729],[11.6163812,48.1490729],[11.616381,48.1492373],[11.616381,48.1492488]]],[[[11.616857,48.1488034],[11.6168558,48.1487753],[11.6167287,48.1487777],[11.6165876,48.1487803],[11.6165888,48.1488084],[11.616857,48.1488034]]],[[[11.6165689,48.1489631],[11.6165697,48.1489902],[11.6166385,48.1489893],[11.6168092,48.148987],[11.6168322,48.1489867],[11.6168314,48.1489596],[11.6165689,48.1489631]]],[[[11.6206551,48.1533334],[11.6206552,48.15333],[11.6206556,48.1533069],[11.6209245,48.1533091],[11.620924,48.1533356],[11.6206551,48.1533334]]],[[[11.6200725,48.1533372],[11.6200726,48.1533104],[11.6202759,48.1533109],[11.6203415,48.1533111],[11.6203414,48.1533251],[11.6203414,48.1533379],[11.6202768,48.1533376],[11.6200725,48.1533372]]],[[[11.6203312,48.1532297],[11.6203311,48.1532032],[11.6206008,48.1532052],[11.6206003,48.153232],[11.6203312,48.1532297]]],[[[11.620653,48.1532294],[11.6206533,48.1532026],[11.6207563,48.153203],[11.6209222,48.1532037],[11.6209219,48.1532305],[11.620653,48.1532294]]],[[[11.6228121,48.153892],[11.622811,48.1538579],[11.6228314,48.1538578],[11.6230322,48.1538568],[11.6230513,48.1538567],[11.6230505,48.1538819],[11.6230322,48.153883],[11.6228327,48.1538919],[11.6228121,48.153892]]],[[[11.6235017,48.153642],[11.6235014,48.1536265],[11.6235009,48.1536014],[11.6235475,48.1536009],[11.6237434,48.1535992],[11.6237443,48.1536398],[11.6235017,48.153642]]],[[[11.6713509,48.1312326],[11.6713841,48.1312189],[11.6714077,48.1312095],[11.6714327,48.1311981],[11.6711668,48.1309215],[11.6710099,48.1307398],[11.6706446,48.1303254],[11.6705938,48.1302677],[11.6705666,48.1302786],[11.6705405,48.1302888],[11.6705151,48.1302981],[11.6705658,48.1303571],[11.6709195,48.1307734],[11.6710852,48.1309573],[11.6713509,48.1312326]]],[[[11.6475788,48.1257035],[11.6475701,48.1256752],[11.6475636,48.1256539],[11.6475527,48.1256182],[11.6459445,48.1258373],[11.6458665,48.1258481],[11.6458775,48.1258839],[11.6458836,48.125904],[11.6458926,48.1259334],[11.6459711,48.1259219],[11.6475788,48.1257035]]],[[[11.5073192,48.1810065],[11.5073242,48.1809459],[11.5073265,48.1809192],[11.5073316,48.1808572],[11.5076016,48.1808672],[11.508988,48.1809183],[11.5089829,48.1809792],[11.5089808,48.1810053],[11.5089756,48.1810676],[11.5075878,48.1810164],[11.5073192,48.1810065]]],[[[11.5554864,48.1798711],[11.5554666,48.1798651],[11.5554509,48.1798604],[11.5554633,48.1798421],[11.555436,48.1798339],[11.5554028,48.1798238],[11.5553752,48.1798155],[11.556096,48.1787554],[11.5561393,48.1787685],[11.5561813,48.1787811],[11.5562196,48.1787927],[11.5554864,48.1798711]]],[[[11.5556353,48.1798878],[11.5556637,48.1798963],[11.5556926,48.1799049],[11.5557159,48.1799119],[11.5564293,48.1788506],[11.5563906,48.178839],[11.5563551,48.1788284],[11.5563079,48.1788144],[11.5555779,48.1799005],[11.5555951,48.1799058],[11.5556186,48.1799127],[11.5556353,48.1798878]]],[[[11.5882945,48.1123404],[11.587918,48.1124874],[11.5875985,48.1126104],[11.5874196,48.1126758],[11.5868578,48.1128945],[11.5867992,48.1128268],[11.5873619,48.1126077],[11.5875399,48.1125427],[11.5878587,48.11242],[11.5882359,48.1122727],[11.5882945,48.1123404]]],[[[11.4622419,48.1466555],[11.4616789,48.1466997],[11.4616819,48.1467211],[11.4622428,48.1466818],[11.4622419,48.1466555]]],[[[11.4614498,48.1487344],[11.4610947,48.1488369],[11.4609859,48.1488683],[11.4610058,48.148899],[11.4612035,48.1488418],[11.4614698,48.1487651],[11.4614498,48.1487344]]],[[[11.5965629,48.1111979],[11.5965705,48.1111803],[11.5965781,48.1111626],[11.5965904,48.1111342],[11.5962089,48.1110608],[11.5960207,48.1110246],[11.595512,48.1109266],[11.5948251,48.1107943],[11.5948157,48.1108161],[11.5948083,48.1108332],[11.5948009,48.1108503],[11.594784,48.1108896],[11.595469,48.1110216],[11.5959777,48.1111195],[11.5961651,48.1111556],[11.5965492,48.1112296],[11.5965629,48.1111979]]],[[[11.4707675,48.1454421],[11.4707657,48.1454202],[11.4713065,48.1453999],[11.4713072,48.1454085],[11.4713083,48.1454217],[11.4707675,48.1454421]]],[[[11.470773,48.1455128],[11.4713211,48.1454958],[11.4713204,48.1454851],[11.4713197,48.1454749],[11.4707715,48.1454919],[11.470773,48.1455128]]],[[[11.4602348,48.1465958],[11.4603191,48.1465873],[11.4604099,48.1465812],[11.4604969,48.1465767],[11.4605767,48.1465744],[11.4606771,48.1465727],[11.4606777,48.1465971],[11.4605786,48.1465992],[11.4604983,48.1466016],[11.4604164,48.1466052],[11.4603253,48.1466117],[11.460239,48.1466192],[11.4602348,48.1465958]]],[[[11.5767815,48.1382487],[11.5768201,48.1382356],[11.5768504,48.1382252],[11.576612,48.1379142],[11.576096,48.137241],[11.5760841,48.1372255],[11.5760636,48.1372325],[11.5760467,48.1372384],[11.5760152,48.137249],[11.5760212,48.1372569],[11.5760504,48.137295],[11.5761211,48.1373872],[11.5761392,48.1374109],[11.5761679,48.1374483],[11.5761867,48.1374728],[11.5762144,48.137509],[11.5762317,48.1375316],[11.5762604,48.1375689],[11.5762778,48.1375917],[11.576306,48.1376285],[11.5763239,48.1376518],[11.5763518,48.1376883],[11.5763689,48.1377105],[11.5763958,48.1377457],[11.5764163,48.1377724],[11.5764434,48.1378077],[11.5764607,48.1378303],[11.5764894,48.1378677],[11.5765074,48.1378912],[11.5765358,48.1379283],[11.5765432,48.1379379],[11.576553,48.1379507],[11.5765812,48.1379875],[11.5765908,48.138],[11.5765987,48.1380103],[11.5767521,48.1382104],[11.5767815,48.1382487]]],[[[11.5750459,48.1374472],[11.5750594,48.1374446],[11.5750884,48.137439],[11.5751328,48.1374304],[11.575139,48.1374444],[11.5751574,48.1374867],[11.575193,48.1375683],[11.5751981,48.1375801],[11.5752036,48.1375926],[11.5752215,48.1376336],[11.5752317,48.137657],[11.5752494,48.1376978],[11.5752595,48.1377208],[11.5752774,48.1377619],[11.5752881,48.1377863],[11.575306,48.1378273],[11.5753158,48.1378498],[11.5753347,48.1378931],[11.5753398,48.1379048],[11.5753443,48.1379151],[11.5753619,48.1379554],[11.5753724,48.1379797],[11.57539,48.13802],[11.5754008,48.1380447],[11.5754184,48.1380851],[11.5754288,48.1381091],[11.5754465,48.1381495],[11.575457,48.1381737],[11.5754746,48.138214],[11.575481,48.1382287],[11.5754874,48.1382433],[11.5755641,48.1384193],[11.5755868,48.1384713],[11.5755489,48.1384788],[11.5755242,48.1384836],[11.5754999,48.1384883],[11.575394,48.1382455],[11.5750527,48.1374628],[11.5750459,48.1374472]]],[[[11.5399662,48.2138752],[11.5403819,48.2138647],[11.5407527,48.2138672],[11.540961,48.213864],[11.5412641,48.2138604],[11.5417917,48.213855],[11.5417927,48.2138143],[11.5417927,48.2137961],[11.5417922,48.2137487],[11.541633,48.2137443],[11.5412816,48.2137392],[11.5409579,48.2137464],[11.5407491,48.2137584],[11.5403504,48.213782],[11.539957,48.2138142],[11.5399595,48.2138332],[11.5399629,48.2138518],[11.5399662,48.2138752]]],[[[11.5541068,48.2135905],[11.5558052,48.2133548],[11.5557974,48.2133299],[11.5557902,48.2133069],[11.5557859,48.2132931],[11.5558342,48.2132864],[11.5558292,48.2132706],[11.5558259,48.2132598],[11.5540792,48.2135022],[11.5540893,48.2135347],[11.5540983,48.2135633],[11.5541068,48.2135905]]],[[[11.5561893,48.2128058],[11.5561538,48.2128069],[11.5561569,48.2128514],[11.5561323,48.2128521],[11.5561407,48.2129723],[11.5561971,48.2129706],[11.5562009,48.2129705],[11.5561893,48.2128058]]],[[[11.5622054,48.2129542],[11.5621192,48.2129489],[11.5620981,48.2131018],[11.5620901,48.21316],[11.5621762,48.2131652],[11.5622054,48.2129542]]],[[[11.5625857,48.2126736],[11.5629425,48.212564],[11.5632065,48.212483],[11.5642753,48.2121548],[11.564253,48.2121226],[11.5642429,48.212108],[11.5642321,48.2120924],[11.5642219,48.2120777],[11.5642136,48.2120657],[11.5631452,48.2123937],[11.5628842,48.2124739],[11.5625241,48.2125844],[11.5625504,48.2126225],[11.5625609,48.2126377],[11.5625857,48.2126736]]],[[[11.5693275,48.2048425],[11.5693904,48.2048422],[11.5694141,48.2048421],[11.569467,48.2048418],[11.569466,48.2047394],[11.5694559,48.2037557],[11.5694069,48.203756],[11.5693758,48.2037561],[11.5693164,48.2037564],[11.5693264,48.2047391],[11.5693275,48.2048425]]],[[[11.572619,48.1873482],[11.5726678,48.1873497],[11.5726942,48.1873505],[11.572746,48.1873521],[11.5728221,48.1862571],[11.5727753,48.1862557],[11.5727478,48.1862548],[11.5726952,48.1862532],[11.572619,48.1873482]]],[[[11.5455911,48.1860815],[11.5458369,48.1860767],[11.5458359,48.1860543],[11.5455902,48.186059],[11.5455911,48.1860815]]],[[[11.5456026,48.1863148],[11.5458506,48.1863089],[11.5458494,48.1862856],[11.5456014,48.1862915],[11.5456026,48.1863148]]],[[[11.546772,48.1860803],[11.5482808,48.1860432],[11.5483356,48.1860419],[11.5484814,48.1860382],[11.5484792,48.1859975],[11.5484779,48.1859745],[11.5484758,48.1859373],[11.5483302,48.1859409],[11.5482762,48.1859422],[11.5467664,48.1859794],[11.5467687,48.1860211],[11.5467699,48.1860417],[11.546772,48.1860803]]],[[[11.5660051,48.1747524],[11.5660866,48.1748376],[11.5661982,48.1749478],[11.5663505,48.1750695],[11.5664926,48.1751909],[11.5665071,48.1751809],[11.5665204,48.1751717],[11.5663776,48.1750482],[11.5662361,48.174925],[11.5661151,48.1748229],[11.5660262,48.1747428],[11.5660051,48.1747524]]],[[[11.6036462,48.1286409],[11.6036489,48.1286123],[11.6036626,48.128502],[11.603743,48.1276691],[11.6037492,48.1275868],[11.6035931,48.1275852],[11.6035881,48.1276645],[11.6035169,48.1284976],[11.6035113,48.1286068],[11.603511,48.128636],[11.6036462,48.1286409]]],[[[11.5458235,48.103368],[11.5458725,48.1033713],[11.545912,48.103374],[11.5459631,48.1033774],[11.5461257,48.1023047],[11.5460658,48.1023007],[11.5459861,48.1022953],[11.5458235,48.103368]]],[[[11.5861422,48.1610623],[11.5862917,48.1614748],[11.586389,48.1617427],[11.5864266,48.1618465],[11.5865506,48.1621878],[11.5867821,48.1621517],[11.5866142,48.1618102],[11.5865648,48.1617102],[11.5864382,48.161446],[11.5862427,48.1610556],[11.5861422,48.1610623]]],[[[11.586258,48.1622221],[11.5864915,48.1621972],[11.5863678,48.161857],[11.5863307,48.1617541],[11.5862336,48.1614863],[11.5860833,48.1610718],[11.5859813,48.1610752],[11.5860878,48.1615132],[11.5861112,48.1616116],[11.5861535,48.1617861],[11.5861794,48.1618939],[11.586258,48.1622221]]],[[[11.5567379,48.1288008],[11.5567727,48.1287681],[11.5567866,48.1287551],[11.5568216,48.1287222],[11.55708,48.1288447],[11.5571719,48.1288882],[11.5572682,48.1289338],[11.5575523,48.1290685],[11.5576342,48.1291073],[11.5577209,48.1291484],[11.5579332,48.129249],[11.5579928,48.1292772],[11.5581945,48.1293728],[11.5583811,48.1294612],[11.5583599,48.1294812],[11.5583445,48.1294956],[11.5583099,48.1295282],[11.5583006,48.129537],[11.5582974,48.1295399],[11.5578723,48.1293384],[11.5574572,48.1291417],[11.5573394,48.1290859],[11.5572334,48.1290356],[11.5570776,48.1289618],[11.5569386,48.1288959],[11.5567379,48.1288008]]],[[[11.527348,48.1168841],[11.5273136,48.1167946],[11.5269806,48.1168516],[11.5266375,48.1169103],[11.5264057,48.11695],[11.5262514,48.1169765],[11.5257583,48.1170609],[11.5257927,48.1171504],[11.5262863,48.1170658],[11.5264405,48.1170395],[11.5266693,48.1169999],[11.5269939,48.1169445],[11.527348,48.1168841]]],[[[11.5157452,48.1180921],[11.5157358,48.1180518],[11.5157316,48.1180347],[11.5157211,48.1179893],[11.5162331,48.1179357],[11.51656,48.1178889],[11.5169321,48.1178301],[11.5172874,48.1177698],[11.5173445,48.1177599],[11.517357,48.1177992],[11.5173643,48.1178196],[11.5173778,48.117858],[11.5173238,48.1178666],[11.5169652,48.117932],[11.5165963,48.1179869],[11.516262,48.1180349],[11.5157452,48.1180921]]],[[[11.5865837,48.1624858],[11.5866273,48.1624987],[11.5866386,48.162482],[11.5867911,48.1622541],[11.5867717,48.1622483],[11.5867474,48.1622411],[11.5866142,48.1624402],[11.5865837,48.1624858]]],[[[11.5865124,48.1624083],[11.5865572,48.162422],[11.5865821,48.1623859],[11.5866899,48.1622296],[11.5866692,48.1622232],[11.5866452,48.1622159],[11.586557,48.1623436],[11.5865124,48.1624083]]],[[[11.5832926,48.1550906],[11.5833284,48.1550834],[11.58327,48.1549544],[11.583256,48.1549234],[11.5832229,48.1549301],[11.5832317,48.1549496],[11.5832198,48.1549519],[11.5831712,48.1549617],[11.5831771,48.1549749],[11.5832181,48.1550653],[11.5832678,48.1550553],[11.5832759,48.1550537],[11.5832926,48.1550906]]],[[[11.5836943,48.1554412],[11.5837224,48.1554358],[11.5837047,48.1553952],[11.5836877,48.1553558],[11.5837518,48.1553434],[11.5837293,48.1552916],[11.5836604,48.1553049],[11.5836584,48.1553003],[11.5836536,48.1552894],[11.5836302,48.1552939],[11.5836763,48.1553998],[11.5836943,48.1554412]]],[[[11.5812775,48.1507843],[11.5808215,48.1497999],[11.580779,48.1497082],[11.580787,48.1497065],[11.5808375,48.1496961],[11.5808879,48.1496857],[11.5808972,48.1496838],[11.5809391,48.1497755],[11.5813957,48.1507599],[11.5813579,48.1507677],[11.5813353,48.1507724],[11.5813126,48.150777],[11.5812775,48.1507843]]],[[[11.5014622,48.1163541],[11.5015562,48.1163503],[11.5016166,48.1163479],[11.501859,48.1163382],[11.5022145,48.1163402],[11.5022653,48.1163405],[11.5026298,48.1163453],[11.5026776,48.1163468],[11.5030888,48.1163701],[11.5030909,48.1162754],[11.5026837,48.1162541],[11.5026292,48.1162532],[11.5022722,48.1162472],[11.5022138,48.116247],[11.5018633,48.1162426],[11.5016009,48.1162536],[11.5015399,48.1162562],[11.5014643,48.1162594],[11.5014628,48.1162947],[11.5014628,48.1163131],[11.5014622,48.1163541]]],[[[11.4882341,48.1184605],[11.4896876,48.118395],[11.48985,48.118388],[11.4898459,48.1183472],[11.489843,48.1183184],[11.48984,48.118289],[11.4896771,48.118296],[11.4882242,48.1183615],[11.4882276,48.1183957],[11.48823,48.1184197],[11.4882341,48.1184605]]],[[[11.590352,48.166724],[11.5903809,48.1667104],[11.5904059,48.1666987],[11.5904382,48.1666836],[11.5905622,48.1668012],[11.5905737,48.1668121],[11.5913572,48.1675559],[11.5913307,48.1675683],[11.5913046,48.1675805],[11.591271,48.1675963],[11.5904854,48.1668506],[11.590352,48.166724]]],[[[11.5783218,48.1438646],[11.5782799,48.1438724],[11.5782545,48.1438772],[11.5782276,48.1438823],[11.5781823,48.1438908],[11.5777376,48.1428386],[11.5777537,48.1428355],[11.5777774,48.1428311],[11.5777903,48.1428288],[11.5778357,48.1428201],[11.577877,48.1428122],[11.577964,48.143018],[11.5783218,48.1438646]]],[[[11.577091,48.1426681],[11.5770636,48.1426082],[11.5770495,48.1426111],[11.5765698,48.1427089],[11.5755492,48.1429171],[11.5755186,48.1429233],[11.5755461,48.1429832],[11.5755761,48.1429771],[11.575608,48.1429706],[11.5765383,48.1427809],[11.5765969,48.1427689],[11.5766368,48.1427608],[11.5770304,48.1426805],[11.5770767,48.142671],[11.577091,48.1426681]]],[[[11.5367298,48.0983724],[11.5367432,48.0983224],[11.5367554,48.098277],[11.5351544,48.0980854],[11.5351455,48.0981185],[11.5351392,48.0981422],[11.5351288,48.0981808],[11.5367298,48.0983724]]],[[[11.4905324,48.0907269],[11.4905816,48.090701],[11.4911533,48.0911864],[11.4915102,48.0914893],[11.4915935,48.0915601],[11.4915577,48.0915789],[11.491528,48.0915945],[11.4914901,48.0916144],[11.4914117,48.0915479],[11.4910493,48.0912402],[11.4904782,48.0907554],[11.4905324,48.0907269]]],[[[11.4985615,48.0951535],[11.498559,48.0951149],[11.4985575,48.0950928],[11.498555,48.0950539],[11.4986588,48.0950509],[11.5001466,48.0950077],[11.5001489,48.0950442],[11.5001504,48.0950668],[11.500153,48.0951072],[11.4986645,48.0951505],[11.4985615,48.0951535]]],[[[11.4801215,48.0885085],[11.4810399,48.0882568],[11.4817202,48.0880703],[11.4817423,48.0881062],[11.4817558,48.0881284],[11.4817803,48.0881682],[11.4811002,48.0883546],[11.4801817,48.0886064],[11.4801588,48.0885691],[11.4801469,48.0885498],[11.4801215,48.0885085]]],[[[11.5244132,48.0980798],[11.5244001,48.09805],[11.5243922,48.098032],[11.5243765,48.0979966],[11.5259563,48.0976857],[11.5259705,48.0977179],[11.5259814,48.0977426],[11.5259981,48.0977804],[11.5244183,48.0980912],[11.5244132,48.0980798]]],[[[11.5367822,48.1169845],[11.5367823,48.1169628],[11.5363898,48.1169617],[11.5363897,48.1169834],[11.5364395,48.1169836],[11.5364581,48.1169836],[11.5365001,48.1169837],[11.5366132,48.1169841],[11.5366738,48.1169842],[11.5367822,48.1169845]]],[[[11.5410473,48.1252294],[11.5413485,48.1253313],[11.5413705,48.1253024],[11.5413417,48.1252927],[11.5410693,48.1252005],[11.5410473,48.1252294]]],[[[11.5023718,48.1434211],[11.5026111,48.1434165],[11.5026107,48.1434067],[11.5026104,48.1433997],[11.502371,48.1434043],[11.5023718,48.1434211]]],[[[11.5909972,48.1864989],[11.591014,48.1864994],[11.59103,48.1864999],[11.5910017,48.1869278],[11.5909861,48.1869274],[11.5909689,48.1869269],[11.5909972,48.1864989]]],[[[11.5915988,48.1871673],[11.591623,48.1871645],[11.5916481,48.1871616],[11.5915865,48.1869248],[11.5915521,48.1867929],[11.5915335,48.1867213],[11.5915083,48.1867242],[11.5914842,48.186727],[11.5915988,48.1871673]]],[[[11.5909083,48.1869245],[11.590934,48.1869252],[11.5909601,48.1864982],[11.5909371,48.1864976],[11.5909141,48.186497],[11.5908881,48.1869239],[11.5909083,48.1869245]]],[[[11.588302,48.1763463],[11.5883228,48.1763431],[11.5883372,48.176341],[11.5881923,48.1759444],[11.5881757,48.1759474],[11.5881574,48.1759507],[11.588302,48.1763463]]],[[[11.5884436,48.1763249],[11.5884256,48.1763276],[11.5884074,48.1763303],[11.5882628,48.1759318],[11.5882822,48.1759283],[11.5882996,48.1759252],[11.5884436,48.1763249]]],[[[11.5858488,48.1720082],[11.5858989,48.17148],[11.5858853,48.1714795],[11.5858708,48.1714789],[11.5858207,48.172007],[11.5858488,48.1720082]]],[[[11.5859406,48.1720116],[11.585992,48.1714821],[11.5860075,48.1714828],[11.5860237,48.1714835],[11.5859723,48.172013],[11.5859406,48.1720116]]],[[[11.5862521,48.1674795],[11.5862662,48.1674793],[11.5862892,48.167479],[11.5862997,48.1678699],[11.5862837,48.1678701],[11.5862626,48.1678704],[11.5862521,48.1674795]]],[[[11.5861262,48.167157],[11.5861446,48.1671577],[11.5861638,48.1671585],[11.5862187,48.1665568],[11.5861811,48.1665553],[11.5861262,48.167157]]],[[[11.5666384,48.1334786],[11.5665098,48.1335687],[11.5663362,48.1336961],[11.5663235,48.1337055],[11.5663107,48.1337149],[11.5661242,48.1338518],[11.5660551,48.1338161],[11.566632,48.1333961],[11.5670819,48.1330699],[11.567099,48.1330812],[11.5671043,48.1330846],[11.5671175,48.1330932],[11.5671407,48.1331083],[11.5667843,48.1333725],[11.5667546,48.1333944],[11.5667441,48.1334023],[11.5667171,48.133423],[11.5666696,48.1334565],[11.5666384,48.1334786]]],[[[11.5671582,48.1336226],[11.5671837,48.1336041],[11.5672395,48.1335636],[11.5672503,48.1335558],[11.5672711,48.1335408],[11.5672843,48.1335314],[11.5673102,48.1335132],[11.567923,48.1330812],[11.5679413,48.1330683],[11.5679569,48.1330573],[11.5679613,48.1330542],[11.5680182,48.1330894],[11.5673127,48.133587],[11.5668893,48.1338919],[11.5668325,48.1338568],[11.566846,48.1338476],[11.5668602,48.1338379],[11.5668918,48.1338164],[11.5671582,48.1336226]]],[[[11.5631811,48.2071495],[11.5632869,48.2071551],[11.563307,48.206987],[11.5633102,48.2069602],[11.5632044,48.2069546],[11.5632013,48.2069808],[11.5631811,48.2071495]]],[[[11.5680437,48.2051798],[11.5680623,48.2051816],[11.5680831,48.2051836],[11.5681219,48.205001],[11.5681035,48.2049993],[11.5680825,48.2049973],[11.5680622,48.205093],[11.5680546,48.2051286],[11.5680437,48.2051798]]],[[[11.5689145,48.2049736],[11.5689328,48.2049746],[11.5691976,48.2049892],[11.5691994,48.2049626],[11.5689335,48.204952],[11.5689171,48.2049513],[11.5689145,48.2049736]]],[[[11.5697456,48.2049002],[11.5694959,48.2048889],[11.5694933,48.204914],[11.5697722,48.2049267],[11.5697747,48.2049015],[11.5697456,48.2049002]]],[[[11.583586,48.1880015],[11.5835872,48.1879814],[11.5836903,48.1879841],[11.58392,48.1879901],[11.5839189,48.1880102],[11.5836889,48.1880042],[11.583586,48.1880015]]],[[[11.5852726,48.171171],[11.5852695,48.1711935],[11.5852666,48.1712148],[11.5855659,48.1712329],[11.5855719,48.1711891],[11.5852726,48.171171]]],[[[11.5852876,48.1710567],[11.5855643,48.1710741],[11.5855662,48.1710607],[11.5855686,48.1710438],[11.5852919,48.1710264],[11.5852876,48.1710567]]],[[[11.5870815,48.1673038],[11.5870834,48.1672868],[11.5873065,48.1672977],[11.5873047,48.1673147],[11.5870815,48.1673038]]],[[[11.5860366,48.166739],[11.586059,48.1667396],[11.5860685,48.166592],[11.5860461,48.1665914],[11.5860366,48.166739]]],[[[11.586377,48.1679889],[11.5863817,48.1678182],[11.5864267,48.1678188],[11.5864244,48.1679035],[11.5864221,48.1679895],[11.586377,48.1679889]]],[[[11.5725652,48.1716977],[11.5725628,48.1717787],[11.5725645,48.1718034],[11.5725695,48.1718323],[11.57258,48.1718389],[11.572592,48.1718365],[11.5726079,48.1716955],[11.5726929,48.1711806],[11.5727126,48.1710351],[11.572706,48.1710208],[11.5726906,48.1710334],[11.5726762,48.1710642],[11.5726617,48.1711217],[11.5726416,48.1712207],[11.5726016,48.1714825],[11.5725652,48.1716977]]],[[[11.5729046,48.1717349],[11.572946,48.1717383],[11.5729696,48.1717396],[11.5729322,48.1719957],[11.5729047,48.1719929],[11.5728732,48.1719903],[11.5728879,48.1719124],[11.5728713,48.171911],[11.5729046,48.1717349]]],[[[11.5629706,48.2086111],[11.5630769,48.2086173],[11.563103,48.2084302],[11.5629965,48.2084248],[11.5629706,48.2086111]]],[[[11.5638919,48.2049236],[11.5639167,48.204925],[11.5639087,48.2049966],[11.5638935,48.2050894],[11.5638686,48.2050879],[11.5638919,48.2049236]]],[[[11.5641031,48.2046117],[11.5641069,48.2045778],[11.5644863,48.2045972],[11.5644824,48.2046312],[11.5641031,48.2046117]]],[[[11.5892808,48.1799139],[11.5893034,48.1799113],[11.5893276,48.1799085],[11.5892356,48.1795578],[11.5892136,48.1795604],[11.5891888,48.1795633],[11.5892808,48.1799139]]],[[[11.5890834,48.1796168],[11.5891064,48.1796141],[11.5891275,48.1796116],[11.589222,48.179969],[11.5891976,48.1799719],[11.5891779,48.1799742],[11.5890834,48.1796168]]],[[[11.5903023,48.1835917],[11.5902832,48.183594],[11.5902526,48.1835976],[11.5903577,48.1839938],[11.5903802,48.1839911],[11.5904074,48.1839879],[11.5903023,48.1835917]]],[[[11.5901314,48.1836119],[11.5901519,48.1836095],[11.5901783,48.1836064],[11.5902834,48.1840025],[11.590264,48.1840048],[11.5902365,48.1840081],[11.5901924,48.1838419],[11.5901569,48.183708],[11.5901498,48.1836813],[11.5901314,48.1836119]]],[[[11.6212546,48.1063347],[11.6214165,48.1062103],[11.6214319,48.1062193],[11.6212699,48.1063436],[11.6212631,48.1063396],[11.6212546,48.1063347]]],[[[11.6211157,48.1062839],[11.6213058,48.1061385],[11.6213214,48.1061476],[11.6211313,48.1062931],[11.6211251,48.1062895],[11.6211157,48.1062839]]],[[[11.5006696,48.0946668],[11.5006593,48.0946327],[11.500693,48.0946281],[11.5008628,48.0946053],[11.5008731,48.0946394],[11.5006696,48.0946668]]],[[[11.5006491,48.0948331],[11.5006433,48.0948101],[11.5007657,48.0947963],[11.5007715,48.0948194],[11.5007307,48.0948239],[11.5007149,48.0948257],[11.5006699,48.0948308],[11.5006491,48.0948331]]],[[[11.5466205,48.1009286],[11.5466613,48.100924],[11.546701,48.1010797],[11.5467041,48.1010921],[11.5466633,48.1010967],[11.5466602,48.1010846],[11.5466205,48.1009286]]],[[[11.517155,48.1184777],[11.5172083,48.118468],[11.5171251,48.118263],[11.5171084,48.118222],[11.5170551,48.1182316],[11.517072,48.1182733],[11.5170999,48.1183419],[11.5171204,48.1183925],[11.517155,48.1184777]]],[[[11.6132427,48.1518784],[11.6132524,48.1518549],[11.6131382,48.1518339],[11.6130776,48.1518227],[11.6130393,48.1518157],[11.6130353,48.1518254],[11.6130296,48.1518392],[11.6132427,48.1518784]]],[[[11.6146177,48.1527546],[11.6146499,48.1527712],[11.6146919,48.1527367],[11.614738,48.1526948],[11.6147431,48.1526902],[11.6148026,48.1526323],[11.6147655,48.152612],[11.6146993,48.1526817],[11.6146177,48.1527546]]],[[[11.6127164,48.1521105],[11.6126958,48.1521276],[11.6126858,48.1521358],[11.6127699,48.152181],[11.6128313,48.152214],[11.6128945,48.1522479],[11.612925,48.1522225],[11.6127164,48.1521105]]],[[[11.6314993,48.1761892],[11.6314164,48.1761941],[11.6313574,48.1761948],[11.631325,48.1761951],[11.6313182,48.1761938],[11.6313138,48.1761909],[11.6313157,48.1761866],[11.6313217,48.1761835],[11.6313369,48.1761805],[11.6313765,48.1761757],[11.6318893,48.176106],[11.6318926,48.1761178],[11.6318968,48.1761333],[11.6314993,48.1761892]]],[[[11.616199,48.1487114],[11.6162208,48.148711],[11.6162414,48.1487107],[11.6162354,48.1485542],[11.6162345,48.1485295],[11.6161921,48.1485302],[11.6161931,48.1485555],[11.616199,48.1487114]]],[[[11.6088473,48.1362762],[11.6088399,48.1362877],[11.6088331,48.1362982],[11.6080532,48.1360775],[11.6080675,48.1360583],[11.6087941,48.1362613],[11.6088473,48.1362762]]],[[[11.6145674,48.1368076],[11.614565,48.1368204],[11.614563,48.1368314],[11.6138437,48.136772],[11.6138481,48.1367481],[11.6145674,48.1368076]]],[[[11.6145752,48.1368831],[11.6145733,48.1368944],[11.6145713,48.1369069],[11.6138507,48.1368547],[11.6138546,48.1368308],[11.6145752,48.1368831]]],[[[11.6103697,48.136464],[11.610365,48.1364847],[11.6100312,48.1364498],[11.609854,48.1364288],[11.6097633,48.1364181],[11.6097665,48.1364057],[11.6097693,48.1363952],[11.6100438,48.1364283],[11.6103697,48.136464]]],[[[11.6628229,48.125667],[11.662224,48.125766],[11.6618837,48.1258391],[11.6616849,48.1258824],[11.6616518,48.1258896],[11.6614256,48.125939],[11.6614167,48.1259206],[11.6616416,48.1258695],[11.661629,48.1258495],[11.6616618,48.1258425],[11.6622192,48.1257231],[11.6625117,48.1256747],[11.6628019,48.1256265],[11.6630099,48.1256],[11.6630345,48.1255969],[11.6630479,48.1256344],[11.6630193,48.1256385],[11.6628229,48.125667]]],[[[11.5682932,48.1611489],[11.5678358,48.1611161],[11.5678425,48.1610748],[11.5682999,48.1611077],[11.5682932,48.1611489]]],[[[11.5679342,48.1612129],[11.5679395,48.1611818],[11.5684808,48.1612223],[11.5684775,48.1612421],[11.5684756,48.1612534],[11.5679342,48.1612129]]],[[[11.5401436,48.1554789],[11.5401527,48.155469],[11.5401632,48.1554595],[11.5402861,48.1555079],[11.5403776,48.155555],[11.5406796,48.1557199],[11.5408127,48.1558002],[11.5407925,48.1558145],[11.5403448,48.1555766],[11.5402912,48.1555491],[11.5402358,48.1555224],[11.5401436,48.1554789]]],[[[11.540077,48.1555514],[11.5400883,48.1555407],[11.5401001,48.1555296],[11.5401225,48.1555396],[11.5402221,48.1555841],[11.5403048,48.1556236],[11.5404006,48.1556727],[11.540734,48.1558546],[11.5407153,48.1558674],[11.5405664,48.1557915],[11.5404023,48.1557044],[11.5402574,48.1556352],[11.5401625,48.1555914],[11.5400981,48.1555613],[11.540077,48.1555514]]],[[[11.5436605,48.1574843],[11.5436713,48.1574753],[11.5436814,48.157467],[11.5437032,48.1574788],[11.544307,48.157805],[11.544286,48.1578223],[11.5436605,48.1574843]]],[[[11.5433807,48.1572394],[11.5433908,48.1572312],[11.5434012,48.1572228],[11.5427542,48.1568676],[11.5427337,48.1568843],[11.5433511,48.1572231],[11.5433807,48.1572394]]],[[[11.5579943,48.1613774],[11.5579928,48.1613676],[11.5579916,48.161352],[11.5575658,48.1613606],[11.55711,48.1613636],[11.5571112,48.1613931],[11.5571118,48.1614081],[11.5575659,48.1613965],[11.5579943,48.1613774]]],[[[11.554246,48.1614125],[11.5542457,48.1613879],[11.5534588,48.1613923],[11.5534589,48.1614037],[11.5534591,48.1614169],[11.554246,48.1614125]]],[[[11.5471319,48.1596234],[11.5471426,48.1596303],[11.5471548,48.1596378],[11.5471195,48.1596682],[11.5467737,48.1599655],[11.5467544,48.1599567],[11.5467899,48.1599205],[11.5468467,48.1598627],[11.546946,48.1597713],[11.5471319,48.1596234]]],[[[11.557552,48.1614721],[11.5580012,48.1614542],[11.5579999,48.1614455],[11.5579984,48.1614351],[11.5575531,48.161453],[11.557112,48.1614621],[11.557112,48.1614724],[11.557112,48.1614819],[11.557552,48.1614721]]],[[[11.5534476,48.1614942],[11.5534475,48.1614838],[11.5534474,48.1614709],[11.5542469,48.161469],[11.5542471,48.1614923],[11.5534476,48.1614942]]],[[[11.5468288,48.1599968],[11.5468615,48.1600129],[11.5469258,48.1599592],[11.5470754,48.1598341],[11.5472395,48.1596869],[11.5472247,48.1596793],[11.5472084,48.15967],[11.5471711,48.1597021],[11.5468926,48.1599416],[11.5468288,48.1599968]]],[[[11.5470859,48.1592508],[11.5470955,48.1592423],[11.5471075,48.1592321],[11.5468894,48.1591195],[11.5464674,48.158905],[11.5464506,48.1589189],[11.5470477,48.1592308],[11.5470859,48.1592508]]],[[[11.5476571,48.1596741],[11.5476694,48.1596631],[11.5476823,48.1596507],[11.5477186,48.1596702],[11.5483686,48.1600186],[11.548348,48.1600347],[11.54791,48.1598083],[11.5478491,48.1597786],[11.5476571,48.1596741]]],[[[11.4947805,48.1653641],[11.4948885,48.1653566],[11.4948894,48.1653633],[11.4948711,48.165369],[11.4948527,48.1653739],[11.4948379,48.1653773],[11.4948216,48.1653807],[11.4948035,48.1653845],[11.4947834,48.1653869],[11.4947497,48.1653904],[11.4945232,48.1654112],[11.4942114,48.1654354],[11.4940864,48.1654427],[11.4940066,48.1654434],[11.4939741,48.1654409],[11.4939556,48.1654383],[11.4939521,48.1654362],[11.4939508,48.1654258],[11.4947805,48.1653641]]],[[[11.493815,48.1657879],[11.494648,48.1655653],[11.4946802,48.1655581],[11.4946956,48.1655566],[11.494702,48.1655592],[11.494703,48.1655657],[11.4946976,48.1655706],[11.4946845,48.1655787],[11.4946704,48.1655856],[11.494656,48.1655935],[11.4946301,48.1656025],[11.494528,48.165629],[11.4941772,48.1657235],[11.4939435,48.1657822],[11.4938299,48.1658121],[11.4938191,48.1657959],[11.493815,48.1657879]]],[[[11.4945718,48.165646],[11.4945863,48.1656675],[11.4943798,48.165739],[11.4941816,48.1657896],[11.4940559,48.1658139],[11.4939201,48.1658341],[11.4938212,48.1658441],[11.4939583,48.1658065],[11.4945415,48.1656529],[11.4945718,48.165646]]],[[[11.587575,48.1378342],[11.5875906,48.1378232],[11.587604,48.1378138],[11.5876572,48.1378439],[11.5876952,48.1378605],[11.5877367,48.1378765],[11.5877964,48.1378935],[11.5878253,48.1379],[11.587825,48.1379058],[11.5878185,48.1379106],[11.5878058,48.1379145],[11.5877869,48.1379189],[11.5877495,48.1379108],[11.587713,48.1379],[11.5876783,48.1378882],[11.5876597,48.1378799],[11.5876281,48.1378658],[11.587575,48.1378342]]],[[[11.5885597,48.1373012],[11.5885752,48.1372978],[11.5886015,48.1372929],[11.5885589,48.137264],[11.5884991,48.1372341],[11.5884555,48.1372152],[11.5884062,48.1371961],[11.5883527,48.1371834],[11.5882918,48.1371721],[11.5882762,48.1371958],[11.5883348,48.1372051],[11.5883841,48.1372179],[11.5884261,48.1372337],[11.5884693,48.1372503],[11.5885192,48.1372759],[11.5885597,48.1373012]]],[[[11.5983214,48.1356924],[11.5983215,48.1356824],[11.5983218,48.1356756],[11.5990668,48.1356598],[11.5990662,48.1356773],[11.5989054,48.1356825],[11.5988313,48.1356854],[11.5987282,48.1356906],[11.5986982,48.1356917],[11.5986177,48.1356933],[11.5985345,48.1356932],[11.5983214,48.1356924]]],[[[11.5956205,48.1362695],[11.5956312,48.136276],[11.5956387,48.1362805],[11.5957244,48.136226],[11.5957879,48.1361906],[11.5958376,48.1361661],[11.5958826,48.1361463],[11.5959323,48.1361266],[11.595982,48.1361085],[11.5960237,48.1360949],[11.5960793,48.1360783],[11.5961743,48.1360525],[11.5961713,48.136047],[11.596167,48.1360391],[11.596071,48.1360613],[11.5960119,48.1360776],[11.5959676,48.1360916],[11.59592,48.1361085],[11.59587,48.1361278],[11.5958198,48.1361506],[11.5957693,48.1361761],[11.5957071,48.136212],[11.5956205,48.1362695]]],[[[11.5961409,48.1359674],[11.5961451,48.135976],[11.5961488,48.1359843],[11.5961051,48.1359928],[11.5960744,48.1359985],[11.5960425,48.1360045],[11.5960076,48.1360099],[11.5959688,48.1360145],[11.5959377,48.1360177],[11.5959012,48.1360199],[11.5958661,48.1360219],[11.5958314,48.1360231],[11.5957886,48.1360235],[11.5957424,48.136022],[11.5956991,48.1360193],[11.5956537,48.1360157],[11.5956128,48.136011],[11.5956155,48.1360013],[11.5956181,48.1359916],[11.5956598,48.1359963],[11.5957041,48.1360001],[11.5957452,48.1360022],[11.5957898,48.1360036],[11.5958291,48.1360035],[11.5958634,48.1360026],[11.5958995,48.1360007],[11.5959344,48.1359986],[11.5959639,48.1359955],[11.5960021,48.1359909],[11.5960384,48.1359851],[11.596068,48.1359803],[11.5960975,48.1359753],[11.5961409,48.1359674]]],[[[11.5978685,48.134348],[11.5978947,48.1343339],[11.5981098,48.1344978],[11.5980836,48.1345119],[11.5980258,48.1344705],[11.5979707,48.1344276],[11.5978685,48.134348]]],[[[11.5986898,48.1356167],[11.5986894,48.1356041],[11.5985309,48.1356068],[11.5983345,48.1356116],[11.5981784,48.1356153],[11.5981786,48.1356202],[11.5981784,48.1356292],[11.5986898,48.1356167]]],[[[11.585949,48.1318741],[11.5859465,48.1318702],[11.5859375,48.1318557],[11.586001,48.1318376],[11.5860642,48.1318185],[11.5861496,48.1317941],[11.5862551,48.1317681],[11.5863587,48.1317457],[11.5863661,48.1317602],[11.5862646,48.1317844],[11.5861612,48.1318123],[11.5860505,48.1318442],[11.585949,48.1318741]]],[[[11.5713204,48.1312001],[11.5713447,48.1311792],[11.5710423,48.1310231],[11.571018,48.1310441],[11.5713204,48.1312001]]],[[[11.5764533,48.1332986],[11.5765909,48.1333319],[11.5767544,48.1333714],[11.5767654,48.1333511],[11.5764643,48.1332783],[11.5764533,48.1332986]]],[[[11.5723487,48.1317444],[11.5723702,48.1317268],[11.5721217,48.1315911],[11.5721002,48.1316086],[11.5723487,48.1317444]]],[[[11.5830709,48.1341035],[11.5830851,48.1340791],[11.5832921,48.1341327],[11.5832779,48.1341572],[11.5832012,48.1341373],[11.5831909,48.1341346],[11.5831142,48.1341148],[11.5830709,48.1341035]]],[[[11.5865892,48.1351849],[11.5866228,48.1351705],[11.5867455,48.1352987],[11.5867116,48.1353126],[11.5866532,48.1352518],[11.5866116,48.1352083],[11.5865892,48.1351849]]],[[[11.5708126,48.1310489],[11.5707924,48.1310659],[11.5711275,48.1312434],[11.5711477,48.1312263],[11.5708126,48.1310489]]],[[[11.5764953,48.1332243],[11.5765064,48.1332035],[11.5765871,48.1332228],[11.576826,48.1332799],[11.5768148,48.1333007],[11.5764953,48.1332243]]],[[[11.5867794,48.1351323],[11.5868146,48.1351178],[11.5868738,48.135182],[11.5869133,48.1352248],[11.5869313,48.1352443],[11.5868961,48.1352588],[11.5867794,48.1351323]]],[[[11.5859749,48.1319216],[11.5859783,48.1319268],[11.5859868,48.1319388],[11.5861892,48.1318768],[11.5863996,48.1318159],[11.5863907,48.1318014],[11.5863109,48.1318223],[11.5861779,48.1318593],[11.5859749,48.1319216]]],[[[11.5626124,48.0921648],[11.5626278,48.0921605],[11.5626454,48.0921553],[11.5626562,48.0921717],[11.5627076,48.0922495],[11.562749,48.0923189],[11.5627876,48.0923913],[11.5628485,48.0925327],[11.5628221,48.0925376],[11.5627715,48.0924222],[11.562743,48.0923667],[11.5627085,48.0923064],[11.5626124,48.0921648]]],[[[11.5624892,48.0918927],[11.5625176,48.0918818],[11.5625603,48.0918657],[11.5624149,48.0917595],[11.5623193,48.091698],[11.5621521,48.0916034],[11.5621347,48.0916164],[11.5622051,48.0916576],[11.5622572,48.0916934],[11.5623107,48.0917335],[11.5623863,48.0917953],[11.5624585,48.0918637],[11.5624892,48.0918927]]],[[[11.5548609,48.0867279],[11.5548851,48.086723],[11.554904,48.0867191],[11.5547902,48.0864722],[11.5547859,48.0864629],[11.5547672,48.0864667],[11.5546436,48.0861986],[11.5546193,48.0862036],[11.5548609,48.0867279]]],[[[11.5548644,48.086973],[11.554885,48.0869686],[11.5549005,48.0869652],[11.5551789,48.0875369],[11.5551428,48.0875447],[11.5548644,48.086973]]],[[[11.5637649,48.0963577],[11.5636474,48.0960087],[11.5636737,48.0960061],[11.5636961,48.0960038],[11.563776,48.0962498],[11.5637962,48.0963535],[11.5637649,48.0963577]]],[[[11.563547,48.0960251],[11.563566,48.0960225],[11.5635801,48.0960203],[11.5637256,48.0964585],[11.5637054,48.0964616],[11.5636466,48.0963278],[11.5636264,48.0962738],[11.563547,48.0960251]]],[[[11.5534384,48.1552822],[11.5534251,48.1552749],[11.5534149,48.1552692],[11.5532439,48.1554074],[11.5532675,48.1554204],[11.5532806,48.1554098],[11.5533022,48.1553923],[11.5534384,48.1552822]]],[[[11.5730948,48.1713107],[11.5730484,48.1714092],[11.5730631,48.1714123],[11.5730799,48.1714158],[11.5731264,48.1713173],[11.5731107,48.171314],[11.5730948,48.1713107]]],[[[11.507401,48.1806744],[11.5074273,48.1806621],[11.5072708,48.1805127],[11.5072623,48.1805046],[11.507236,48.1805168],[11.5072444,48.1805248],[11.507401,48.1806744]]],[[[11.5059362,48.1811865],[11.5060251,48.1811382],[11.5061272,48.1810827],[11.5061021,48.1810623],[11.5060902,48.1810525],[11.5058993,48.1811563],[11.5059088,48.1811641],[11.5059362,48.1811865]]],[[[11.6147976,48.1520098],[11.614828,48.1520273],[11.6146677,48.1521493],[11.6146401,48.1521323],[11.6147206,48.1520697],[11.6147976,48.1520098]]],[[[11.5114205,48.1553085],[11.511439,48.1553084],[11.5114637,48.1553083],[11.5114593,48.1547164],[11.5114366,48.1547164],[11.5114159,48.1547165],[11.5114205,48.1553085]]],[[[11.6365192,48.1723239],[11.636539,48.1723216],[11.6365601,48.1723194],[11.6365765,48.1723934],[11.6365873,48.1724422],[11.6366077,48.172562],[11.6366248,48.1726861],[11.6366289,48.1727399],[11.6366085,48.1727402],[11.6365883,48.1727406],[11.6365834,48.1727013],[11.6365728,48.1726201],[11.6365554,48.172515],[11.6365351,48.1723968],[11.6365192,48.1723239]]],[[[11.6318031,48.1760713],[11.63181,48.1760947],[11.6312706,48.1761657],[11.6312625,48.1761385],[11.6312572,48.1761205],[11.6313545,48.1761077],[11.6313473,48.1760834],[11.6314629,48.1760682],[11.6314698,48.1760912],[11.6317962,48.1760482],[11.6318031,48.1760713]]],[[[11.630971,48.1668021],[11.6309562,48.1668114],[11.6309421,48.1668204],[11.6308239,48.166732],[11.6307631,48.1666867],[11.6307064,48.1666397],[11.6306237,48.166572],[11.6305398,48.1664999],[11.6305566,48.166491],[11.630569,48.1664844],[11.6306512,48.1665534],[11.6307761,48.1666564],[11.630868,48.1667264],[11.630971,48.1668021]]],[[[11.6305072,48.1665665],[11.630626,48.1666654],[11.6307378,48.1667553],[11.6308329,48.1668263],[11.630874,48.1668562],[11.6308585,48.1668672],[11.6308421,48.1668765],[11.6307563,48.1668127],[11.630622,48.1667063],[11.6305041,48.166608],[11.6304433,48.1665525],[11.6304585,48.1665441],[11.6304736,48.1665359],[11.6305072,48.1665665]]],[[[11.5885418,48.1428452],[11.588543,48.142801],[11.588544,48.1427285],[11.5885136,48.1427279],[11.588507,48.1428762],[11.5885412,48.1428741],[11.5885418,48.1428452]]],[[[11.5886044,48.1433162],[11.5885939,48.1433235],[11.5885858,48.1433292],[11.5886143,48.1433473],[11.5886551,48.1433728],[11.5886836,48.1433893],[11.5887701,48.1434281],[11.5887861,48.1434135],[11.588702,48.1433763],[11.5886044,48.1433162]]],[[[11.5091265,48.1704632],[11.5091492,48.1704863],[11.5087306,48.1706692],[11.5087079,48.1706461],[11.5091265,48.1704632]]],[[[11.5114457,48.1613113],[11.5114268,48.1613088],[11.5114118,48.1613069],[11.5114244,48.1612545],[11.511433,48.1612066],[11.5114401,48.1611384],[11.5114542,48.1608894],[11.511488,48.1608895],[11.5114772,48.1611391],[11.5114745,48.1611715],[11.5114661,48.1612307],[11.5114562,48.1612728],[11.5114457,48.1613113]]],[[[11.5636535,48.1616404],[11.5635308,48.1612099],[11.5635215,48.1611774],[11.56354,48.1611751],[11.5635596,48.1611726],[11.5636916,48.1616356],[11.5636535,48.1616404]]],[[[11.5674458,48.191497],[11.5676974,48.1915046],[11.5676989,48.1914832],[11.5676814,48.1914827],[11.5674607,48.191476],[11.5674473,48.1914756],[11.5674458,48.191497]]],[[[11.5674259,48.1916076],[11.5674402,48.1916079],[11.5676277,48.1916122],[11.5676456,48.1916126],[11.5676468,48.1915885],[11.5674271,48.1915835],[11.5674259,48.1916076]]],[[[11.5872447,48.1398814],[11.5872509,48.1398791],[11.5872813,48.1398672],[11.5873098,48.1398561],[11.5882574,48.1394887],[11.588287,48.1394772],[11.5883162,48.1394659],[11.5886048,48.1393545],[11.588644,48.1393388],[11.5886322,48.1393251],[11.5885904,48.1392771],[11.5882333,48.1394156],[11.5872284,48.1398053],[11.5871911,48.1398198],[11.5872447,48.1398814]]],[[[11.5484178,48.1599747],[11.5477627,48.1596218],[11.5477283,48.1596033],[11.5477398,48.1595937],[11.5477494,48.1595858],[11.5484389,48.1599573],[11.5484178,48.1599747]]],[[[11.5359682,48.1168126],[11.5359686,48.1167919],[11.5359257,48.1167915],[11.5358652,48.116791],[11.5357809,48.1167903],[11.5357562,48.1167901],[11.5357204,48.1167898],[11.5356573,48.1167892],[11.5356569,48.1168099],[11.5359682,48.1168126]]],[[[11.5368104,48.1168129],[11.5368106,48.1167865],[11.5367169,48.1167862],[11.5366571,48.1167861],[11.5366226,48.116786],[11.5365297,48.1167857],[11.5364691,48.1167856],[11.5364188,48.1167854],[11.5364186,48.1168119],[11.5368104,48.1168129]]],[[[11.5392323,48.1169182],[11.5392528,48.1169451],[11.5397236,48.1167848],[11.5397043,48.1167576],[11.5392323,48.1169182]]],[[[11.5400224,48.1160572],[11.5399796,48.1160622],[11.5400025,48.1161559],[11.5400196,48.1162817],[11.5400242,48.1164056],[11.5400592,48.116405],[11.5400565,48.1162777],[11.5400425,48.116152],[11.5400224,48.1160572]]],[[[11.573792,48.1605509],[11.573785,48.1605293],[11.5740595,48.1604893],[11.5740665,48.1605109],[11.573792,48.1605509]]],[[[11.5741277,48.1604012],[11.5739503,48.1604297],[11.5739425,48.1604079],[11.5741199,48.1603795],[11.5741277,48.1604012]]],[[[11.5662284,48.1754413],[11.5662527,48.1754353],[11.5662435,48.1754184],[11.566222,48.1753792],[11.5661954,48.1753172],[11.5661608,48.1752291],[11.5661181,48.1751205],[11.5660487,48.1749414],[11.5660199,48.1749465],[11.5660903,48.1751292],[11.5661682,48.1753226],[11.5661974,48.1753857],[11.5662195,48.1754253],[11.5662284,48.1754413]]],[[[11.5664655,48.175204],[11.5664412,48.175219],[11.5663985,48.1751825],[11.5660125,48.1748528],[11.5660427,48.1748358],[11.5664655,48.175204]]],[[[11.5666779,48.1753455],[11.5666582,48.1753611],[11.5664507,48.1755259],[11.5664282,48.1755315],[11.5664125,48.1755232],[11.5664151,48.1755067],[11.566626,48.1753432],[11.5666469,48.175327],[11.5666779,48.1753455]]],[[[11.5663054,48.1754502],[11.5662786,48.1754357],[11.5664643,48.1752919],[11.5664897,48.1753054],[11.5663054,48.1754502]]],[[[11.5287815,48.169513],[11.5288059,48.1695145],[11.5287776,48.1697239],[11.5287439,48.1699727],[11.5287195,48.1699712],[11.5287815,48.169513]]],[[[11.5286355,48.1696361],[11.5286515,48.1695006],[11.5286901,48.1695027],[11.5286429,48.1698887],[11.5286043,48.1698866],[11.5286355,48.1696361]]],[[[11.5739479,48.1669512],[11.5739875,48.166576],[11.5740229,48.1665777],[11.5739832,48.1669529],[11.5739664,48.1669521],[11.5739479,48.1669512]]],[[[11.5730399,48.1712263],[11.5730598,48.1712305],[11.5730853,48.1712356],[11.5730753,48.1712618],[11.5730224,48.1713788],[11.572935,48.1715624],[11.5729102,48.1716046],[11.5728847,48.1716004],[11.572869,48.1715978],[11.5730399,48.1712263]]],[[[11.6288583,48.1536427],[11.6288612,48.153666],[11.6288864,48.1536646],[11.6291546,48.1536496],[11.6291517,48.1536262],[11.6288825,48.1536413],[11.6288583,48.1536427]]],[[[11.586202,48.1627413],[11.5862247,48.1627397],[11.5862267,48.1627597],[11.5862483,48.1629727],[11.5862245,48.1629891],[11.5862137,48.1628647],[11.5862038,48.1627605],[11.586202,48.1627413]]],[[[11.5858316,48.1618564],[11.585829,48.1618495],[11.5858229,48.1618334],[11.5857695,48.1618425],[11.5856523,48.1618623],[11.5855663,48.1618769],[11.5855727,48.1618938],[11.585575,48.1618999],[11.5858316,48.1618564]]],[[[11.5865117,48.1622864],[11.5865043,48.1620089],[11.5865193,48.1620089],[11.5865702,48.1620085],[11.5866849,48.1620397],[11.5867057,48.1620453],[11.5866953,48.1620592],[11.5866025,48.1621827],[11.5865703,48.1622254],[11.5865234,48.1622878],[11.5865193,48.1622888],[11.5865145,48.1622879],[11.5865117,48.1622864]]],[[[11.5731142,48.1506892],[11.5731467,48.1506797],[11.5732861,48.1508922],[11.5732536,48.1509016],[11.5731142,48.1506892]]],[[[11.5732852,48.1512069],[11.5733191,48.1511972],[11.5734003,48.1513222],[11.5733665,48.151332],[11.5732852,48.1512069]]],[[[11.6454743,48.0884641],[11.6446871,48.089175],[11.6445142,48.0893311],[11.6445403,48.089344],[11.6445613,48.0893544],[11.6445687,48.0893581],[11.6447409,48.0892026],[11.6455288,48.088491],[11.6455214,48.0884873],[11.645496,48.0884749],[11.6454743,48.0884641]]],[[[11.5514792,48.1389771],[11.5514459,48.138976],[11.5510432,48.1389621],[11.5510415,48.1389835],[11.5514435,48.1389974],[11.5514776,48.1389986],[11.5514792,48.1389771]]],[[[11.5545601,48.1392036],[11.5545341,48.1392028],[11.5545356,48.1391804],[11.5545615,48.1391812],[11.5550355,48.1391955],[11.5550545,48.1391961],[11.555053,48.1392184],[11.5550349,48.1392179],[11.5545601,48.1392036]]],[[[11.596398,48.1499088],[11.5964374,48.1498889],[11.5962345,48.1497109],[11.5961951,48.1497309],[11.596398,48.1499088]]],[[[11.5960658,48.1497762],[11.5960922,48.149763],[11.5963386,48.1499821],[11.5963253,48.1499889],[11.5963122,48.1499953],[11.5960658,48.1497762]]],[[[11.6136733,48.1156994],[11.6136735,48.1156832],[11.6136736,48.1156715],[11.6141041,48.1156732],[11.6141034,48.1157033],[11.6136733,48.1156994]]],[[[11.587893,48.1240783],[11.5879024,48.1240892],[11.5879236,48.1241088],[11.5879466,48.1241285],[11.5879589,48.1241384],[11.5879707,48.1241474],[11.5879958,48.1241651],[11.5880203,48.124182],[11.5880761,48.1242146],[11.588132,48.1242458],[11.5881081,48.1242649],[11.5879915,48.1241976],[11.5879552,48.1241734],[11.5879207,48.1241476],[11.5878871,48.1241192],[11.5878708,48.124103],[11.5878596,48.1240896],[11.587893,48.1240783]]],[[[11.5881059,48.1244147],[11.5880888,48.1244283],[11.5884211,48.1246138],[11.5884302,48.1246065],[11.5884381,48.1246002],[11.5881059,48.1244147]]],[[[11.5974778,48.1317694],[11.5974907,48.1317591],[11.5976439,48.1318484],[11.5976305,48.1318584],[11.5974778,48.1317694]]],[[[11.5983054,48.1319026],[11.5982847,48.1318887],[11.598089,48.1320187],[11.5981097,48.1320326],[11.5983054,48.1319026]]],[[[11.5982186,48.1317507],[11.5981968,48.1317366],[11.5980036,48.1318695],[11.5980255,48.1318836],[11.5982186,48.1317507]]],[[[11.5980399,48.1343016],[11.5980673,48.1342854],[11.5982946,48.1344439],[11.5982569,48.1344648],[11.5982063,48.1344268],[11.5981501,48.1343845],[11.5980399,48.1343016]]],[[[11.6055371,48.1482026],[11.6055662,48.1481886],[11.6055565,48.1481796],[11.6055399,48.148164],[11.6055152,48.1481464],[11.6054937,48.1481317],[11.6052571,48.1479197],[11.6052382,48.1479295],[11.6055274,48.1481938],[11.6055371,48.1482026]]],[[[11.6055199,48.1483838],[11.6055511,48.1483689],[11.6055616,48.1483778],[11.6058063,48.148587],[11.60579,48.1485948],[11.605778,48.1485847],[11.6057572,48.1485697],[11.6057313,48.1485513],[11.6057033,48.1485333],[11.6056753,48.1485138],[11.605531,48.1483931],[11.6055199,48.1483838]]],[[[11.5794098,48.1359536],[11.5795045,48.1359309],[11.5796133,48.1359047],[11.5795999,48.1358798],[11.5794925,48.1359056],[11.5794803,48.1359085],[11.579469,48.1359112],[11.5793963,48.1359287],[11.5794033,48.1359417],[11.5794098,48.1359536]]],[[[11.5794609,48.1360382],[11.5795402,48.1360187],[11.5795555,48.136015],[11.5796276,48.1359974],[11.5796447,48.1359932],[11.5796311,48.1359684],[11.5794473,48.1360134],[11.5794609,48.1360382]]],[[[11.5436089,48.1222536],[11.5436071,48.122299],[11.543454,48.1222964],[11.5433605,48.1222948],[11.5433623,48.1222494],[11.5436089,48.1222536]]],[[[11.566801,48.122767],[11.5668283,48.1227444],[11.5669779,48.1228248],[11.5669887,48.1228306],[11.5669614,48.1228532],[11.566801,48.122767]]],[[[11.582481,48.1310947],[11.5824904,48.1310846],[11.5824988,48.1310755],[11.5826754,48.1311484],[11.5826576,48.1311676],[11.582544,48.1311207],[11.5825085,48.1311061],[11.582481,48.1310947]]],[[[11.57668,48.1282007],[11.576742,48.1282304],[11.5768079,48.128262],[11.5768217,48.1282496],[11.5766307,48.1281598],[11.5766193,48.1281716],[11.57668,48.1282007]]],[[[11.5765707,48.1279633],[11.5767443,48.1280505],[11.5767666,48.1280307],[11.5767111,48.1280028],[11.5766488,48.1279715],[11.5765931,48.1279435],[11.5765707,48.1279633]]],[[[11.5706408,48.1256781],[11.570722,48.1257199],[11.5707728,48.1257461],[11.5708379,48.1257796],[11.570857,48.1257631],[11.57066,48.1256615],[11.5706505,48.1256697],[11.5706408,48.1256781]]],[[[11.5714258,48.1252326],[11.5714499,48.1252112],[11.5714076,48.12519],[11.5713987,48.1251855],[11.5713383,48.1251552],[11.5712945,48.1251332],[11.5712703,48.1251546],[11.5713828,48.125211],[11.5714258,48.1252326]]],[[[11.5617512,48.1207409],[11.5617721,48.120727],[11.5619297,48.1208328],[11.5619444,48.1208426],[11.5619235,48.1208565],[11.5619075,48.1208458],[11.5617512,48.1207409]]],[[[11.5612377,48.1205138],[11.5612666,48.1204943],[11.5612813,48.120504],[11.5614454,48.1206121],[11.5614165,48.1206317],[11.5612526,48.1205236],[11.5612377,48.1205138]]],[[[11.5486548,48.1228656],[11.5487029,48.1228642],[11.5487055,48.1229051],[11.548708,48.1229452],[11.5487129,48.1230215],[11.5487142,48.1230416],[11.5486662,48.1230429],[11.5486649,48.1230231],[11.5486548,48.1228656]]],[[[11.5484743,48.1230578],[11.5485099,48.1230565],[11.5484961,48.1228839],[11.5484951,48.122871],[11.5484596,48.1228723],[11.5484606,48.1228852],[11.5484664,48.1229592],[11.5484715,48.123019],[11.5484743,48.1230578]]],[[[11.5401511,48.1173396],[11.5401741,48.1173392],[11.5401939,48.1173388],[11.5401973,48.1173713],[11.5402019,48.1173929],[11.5402101,48.1174225],[11.5402172,48.1174403],[11.5402293,48.1174677],[11.5402455,48.1174981],[11.5402091,48.1175054],[11.5402014,48.1174871],[11.5401901,48.1174603],[11.5401828,48.1174434],[11.5401758,48.117425],[11.540169,48.1174042],[11.5401596,48.1173726],[11.5401538,48.117354],[11.5401511,48.1173396]]],[[[11.5401513,48.117249],[11.5401722,48.1172497],[11.540193,48.1172504],[11.5402051,48.1170897],[11.5401633,48.1170883],[11.5401513,48.117249]]],[[[11.5089671,48.0987722],[11.5090135,48.0987564],[11.5090075,48.0987485],[11.5088995,48.0986059],[11.5088532,48.0986217],[11.5089599,48.0987627],[11.5089671,48.0987722]]],[[[11.4948344,48.0848089],[11.4948643,48.0848051],[11.494832,48.0846897],[11.4948021,48.0846934],[11.4948344,48.0848089]]],[[[11.4946733,48.0848011],[11.4947053,48.0847966],[11.4947405,48.0849097],[11.4947285,48.0849113],[11.4947086,48.0849141],[11.4946733,48.0848011]]],[[[11.5263139,48.1098733],[11.5263061,48.1100189],[11.5263182,48.1100192],[11.5263378,48.1100197],[11.5263401,48.1099759],[11.5263502,48.1099762],[11.5263531,48.1099237],[11.5263423,48.1099234],[11.526345,48.109874],[11.5263293,48.1098737],[11.5263139,48.1098733]]],[[[11.526147,48.1099064],[11.5261491,48.1098597],[11.5261687,48.1098601],[11.526182,48.1098604],[11.5261754,48.1100071],[11.5261628,48.1100069],[11.5261425,48.1100065],[11.5261447,48.109959],[11.5261341,48.1099588],[11.5261365,48.1099062],[11.526147,48.1099064]]],[[[11.5213764,48.1063765],[11.5213919,48.106361],[11.5214986,48.1064088],[11.521483,48.1064243],[11.5213764,48.1063765]]],[[[11.5217353,48.106419],[11.5217495,48.1064052],[11.5217547,48.1064001],[11.5216451,48.1063497],[11.5216397,48.1063549],[11.5216256,48.1063685],[11.5217353,48.106419]]],[[[11.5338566,48.1131134],[11.5338833,48.1131136],[11.5338872,48.1129416],[11.5338604,48.1129413],[11.5338566,48.1131134]]],[[[11.5406381,48.1200784],[11.5406468,48.1200764],[11.5406578,48.1200739],[11.5406945,48.1201466],[11.5406833,48.1201491],[11.5406748,48.120151],[11.5406401,48.1200822],[11.5406381,48.1200784]]],[[[11.4939967,48.0827081],[11.4940698,48.0826973],[11.4939982,48.0824804],[11.4939478,48.0824878],[11.4939875,48.0826079],[11.4939648,48.0826113],[11.4939967,48.0827081]]],[[[11.4939841,48.0822126],[11.4939984,48.082209],[11.4940547,48.082195],[11.494007,48.0821059],[11.4939518,48.0821229],[11.4939355,48.0821279],[11.4939841,48.0822126]]],[[[11.5106611,48.1006592],[11.5108254,48.1007858],[11.5108064,48.1007968],[11.5106421,48.1006702],[11.5106611,48.1006592]]],[[[11.5114647,48.1011056],[11.5114763,48.1010984],[11.5114827,48.1010944],[11.5114052,48.1010387],[11.5113975,48.1010435],[11.5113872,48.1010499],[11.5114647,48.1011056]]],[[[11.5034758,48.0944662],[11.5034649,48.0944253],[11.5036951,48.0943981],[11.5037059,48.094439],[11.5034758,48.0944662]]],[[[11.5051228,48.0949888],[11.5051435,48.0949772],[11.5052702,48.0950776],[11.505329,48.0951242],[11.5053084,48.0951359],[11.5051228,48.0949888]]],[[[11.5235045,48.1347239],[11.5234825,48.134738],[11.5233092,48.1346175],[11.5233313,48.1346034],[11.5233486,48.1346154],[11.5235045,48.1347239]]],[[[11.529579,48.1321402],[11.5295325,48.1321116],[11.5293491,48.1322435],[11.5293956,48.132272],[11.5294241,48.1322525],[11.529579,48.1321402]]],[[[11.5292229,48.1321757],[11.5293775,48.1320624],[11.5294265,48.1320921],[11.5292372,48.1322309],[11.5291882,48.1322011],[11.5292229,48.1321757]]],[[[11.5489345,48.1254588],[11.5489138,48.1254454],[11.548834,48.1255005],[11.5487853,48.1255342],[11.5486883,48.1256013],[11.5487136,48.1256176],[11.5487259,48.1256255],[11.5489513,48.1254697],[11.5489345,48.1254588]]],[[[11.5490319,48.125563],[11.5488189,48.1257149],[11.5488386,48.1257271],[11.5490516,48.1255753],[11.5490319,48.125563]]],[[[11.5568614,48.1786417],[11.5568548,48.1786398],[11.5567436,48.1788118],[11.5567686,48.178819],[11.5568068,48.1787598],[11.5568408,48.1787071],[11.5568511,48.1786912],[11.5568797,48.178647],[11.5568614,48.1786417]]],[[[11.556615,48.1785757],[11.5565853,48.1785668],[11.5565629,48.1786003],[11.5565584,48.1786069],[11.5564723,48.1787351],[11.556502,48.178744],[11.5565924,48.1786094],[11.556615,48.1785757]]],[[[11.5422617,48.1861901],[11.54239,48.1861805],[11.5425079,48.1861716],[11.5425107,48.1861886],[11.5422645,48.1862071],[11.5422617,48.1861901]]],[[[11.5564132,48.2134578],[11.5564659,48.2134524],[11.556505,48.2136217],[11.5565172,48.2136746],[11.5564645,48.21368],[11.5564132,48.2134578]]],[[[11.5557104,48.2133898],[11.5557049,48.2133715],[11.5559947,48.2133326],[11.5560002,48.2133509],[11.555862,48.2133695],[11.5557104,48.2133898]]],[[[11.5555257,48.21333],[11.5557834,48.2132929],[11.5557765,48.2132716],[11.5556817,48.2132853],[11.5555188,48.2133087],[11.5555257,48.21333]]],[[[11.5628118,48.2124707],[11.5627868,48.2126587],[11.5628256,48.212661],[11.562846,48.2125082],[11.5628507,48.212473],[11.5628118,48.2124707]]],[[[11.5628725,48.2120524],[11.5628414,48.2122707],[11.5628801,48.2122731],[11.5629062,48.2120895],[11.5629112,48.2120548],[11.5628725,48.2120524]]],[[[11.5728535,48.185952],[11.572848,48.1860614],[11.5728455,48.1861119],[11.5728159,48.1861113],[11.572824,48.1859513],[11.5728535,48.185952]]],[[[11.5726797,48.1858487],[11.5726822,48.1857859],[11.5727104,48.1857863],[11.5727029,48.1859788],[11.5726747,48.1859783],[11.5726797,48.1858487]]],[[[11.6350444,48.1271228],[11.6350315,48.12714],[11.6348058,48.1271814],[11.6348,48.1271675],[11.6349681,48.1271367],[11.6350444,48.1271228]]],[[[11.4931337,48.1657497],[11.4931536,48.1657183],[11.4931671,48.1656894],[11.4931763,48.1656557],[11.4931627,48.1654894],[11.4931184,48.1654913],[11.4931265,48.1655324],[11.4931349,48.1656388],[11.4931332,48.165661],[11.4931286,48.1656856],[11.4931139,48.1657117],[11.4930976,48.1657385],[11.4931337,48.1657497]]],[[[11.4563595,48.1645935],[11.4563136,48.164453],[11.4563278,48.1644509],[11.4563461,48.1644483],[11.456392,48.1645888],[11.4563752,48.1645912],[11.4563595,48.1645935]]],[[[11.4466667,48.175008],[11.4467315,48.1749805],[11.4467158,48.174964],[11.4466509,48.1749915],[11.4466667,48.175008]]],[[[11.4465575,48.1751224],[11.446632,48.1750905],[11.4466489,48.1751088],[11.4465755,48.1751399],[11.4465575,48.1751224]]],[[[11.4235602,48.1810816],[11.4235684,48.1810617],[11.4234179,48.1810341],[11.4234097,48.181054],[11.4235602,48.1810816]]],[[[11.4239181,48.1812231],[11.4240644,48.1812492],[11.4240718,48.1812309],[11.4239255,48.1812048],[11.4239181,48.1812231]]],[[[11.4371179,48.1760709],[11.4371855,48.1759156],[11.4371365,48.1759062],[11.4371293,48.1759226],[11.4370689,48.1760615],[11.4371179,48.1760709]]],[[[11.5115354,48.1588909],[11.5115274,48.1592469],[11.5114993,48.159247],[11.5115059,48.1588908],[11.5115192,48.1588908],[11.5115354,48.1588909]]],[[[11.5204008,48.1506716],[11.5204143,48.150481],[11.5204507,48.150466],[11.5204412,48.1506167],[11.5204377,48.1506727],[11.5204008,48.1506716]]],[[[11.5201411,48.1504199],[11.5201139,48.15042],[11.5201114,48.1506998],[11.520115,48.1507158],[11.5201218,48.1507295],[11.5201317,48.1507387],[11.5201403,48.150743],[11.5201411,48.1504199]]],[[[11.5907347,48.1842397],[11.5907407,48.1842621],[11.5910181,48.1842288],[11.5910121,48.1842064],[11.5907347,48.1842397]]],[[[11.5910674,48.1841041],[11.5913336,48.1840694],[11.5913328,48.1840665],[11.5913289,48.1840509],[11.591282,48.184057],[11.5912796,48.1840573],[11.5912785,48.1840535],[11.5911996,48.1840636],[11.5912007,48.1840673],[11.5910619,48.1840852],[11.591066,48.1840993],[11.5910674,48.1841041]]],[[[11.5629287,48.1608827],[11.562389,48.1609428],[11.5623858,48.1609299],[11.5623827,48.1609177],[11.5627852,48.1608729],[11.5627783,48.1608454],[11.5628893,48.1608331],[11.5628963,48.1608609],[11.5629226,48.160858],[11.5629256,48.16087],[11.5629287,48.1608827]]],[[[11.6008542,48.1406338],[11.6007067,48.1406659],[11.6006652,48.1406749],[11.6006728,48.1406906],[11.6007817,48.1406676],[11.6008623,48.1406506],[11.6008542,48.1406338]]],[[[11.6006951,48.1404992],[11.6007037,48.1405182],[11.6006184,48.1405354],[11.6004599,48.1405675],[11.6004518,48.1405497],[11.6006796,48.1405024],[11.6006951,48.1404992]]],[[[11.6275165,48.1902257],[11.6275214,48.190235],[11.6275263,48.1902444],[11.6273485,48.1902856],[11.6273438,48.1902765],[11.6273388,48.1902669],[11.6275165,48.1902257]]],[[[11.5659237,48.1869661],[11.56595,48.1869708],[11.566017,48.1868068],[11.5659908,48.186802],[11.5659237,48.1869661]]],[[[11.5666486,48.1871426],[11.5669183,48.1871659],[11.5669213,48.1871505],[11.5666516,48.1871272],[11.5666486,48.1871426]]],[[[11.5654766,48.1872667],[11.5655321,48.187271],[11.5655966,48.187276],[11.5657489,48.1872877],[11.5657517,48.1872715],[11.5657529,48.1872643],[11.5654807,48.1872432],[11.56548,48.1872469],[11.5654766,48.1872667]]],[[[11.5755702,48.1775537],[11.5755508,48.1775379],[11.5758404,48.17752],[11.575833,48.177537],[11.5755702,48.1775537]]],[[[11.5669734,48.1813737],[11.5670075,48.1813755],[11.5670105,48.1813501],[11.567016,48.1813025],[11.5670316,48.1811675],[11.5669975,48.1811657],[11.5669734,48.1813737]]],[[[11.5564224,48.1650419],[11.5562346,48.1650129],[11.5562402,48.164997],[11.5564278,48.165026],[11.5564224,48.1650419]]],[[[11.582239,48.1723622],[11.5822802,48.1723664],[11.5823348,48.1723719],[11.5823651,48.1722387],[11.5823111,48.1722333],[11.5822693,48.172229],[11.582239,48.1723622]]],[[[11.5824215,48.172639],[11.5824429,48.1726411],[11.582469,48.1726437],[11.5825148,48.1724362],[11.582488,48.1724335],[11.5824673,48.1724315],[11.5824215,48.172639]]],[[[11.6261545,48.1989524],[11.6261784,48.198945],[11.6262977,48.1991344],[11.6262832,48.1991386],[11.6262744,48.1991411],[11.6261545,48.1989524]]],[[[11.6264906,48.199083],[11.6265156,48.199076],[11.6263995,48.1988921],[11.6263745,48.1988991],[11.6264906,48.199083]]],[[[11.5789223,48.1760929],[11.5786904,48.1760712],[11.5786957,48.176046],[11.5789276,48.1760677],[11.5789223,48.1760929]]],[[[11.5798135,48.1760426],[11.5798165,48.1760262],[11.5798187,48.176014],[11.5797712,48.1760101],[11.5797239,48.1760062],[11.5796119,48.175997],[11.5796097,48.1760087],[11.5796066,48.1760256],[11.5798135,48.1760426]]],[[[11.5729961,48.1758957],[11.5730335,48.1758971],[11.5730391,48.1758282],[11.5730433,48.1757763],[11.5730461,48.175743],[11.5730086,48.1757416],[11.5729961,48.1758957]]],[[[11.5731201,48.1756199],[11.5731233,48.1755939],[11.5733553,48.1756064],[11.5733522,48.1756324],[11.5732768,48.1756284],[11.5732111,48.1756248],[11.5731201,48.1756199]]],[[[11.5570508,48.1639329],[11.5570179,48.1639272],[11.5569487,48.1641042],[11.556965,48.1641071],[11.5569816,48.16411],[11.5570508,48.1639329]]],[[[11.5718351,48.1875816],[11.5722185,48.1875941],[11.5723614,48.1875988],[11.5723633,48.1875732],[11.571837,48.187556],[11.5718351,48.1875816]]],[[[11.5727276,48.1879137],[11.5727499,48.1879144],[11.5727619,48.1877541],[11.5727396,48.1877533],[11.5727276,48.1879137]]],[[[11.5725509,48.1870771],[11.5725885,48.1870786],[11.5725704,48.1872909],[11.5725328,48.1872895],[11.5725509,48.1870771]]],[[[11.5891086,48.1428642],[11.5893031,48.1428235],[11.589294,48.142804],[11.5890995,48.1428447],[11.5891086,48.1428642]]],[[[11.5878144,48.1432953],[11.5878246,48.1433165],[11.5880512,48.1432682],[11.588041,48.143247],[11.5878144,48.1432953]]],[[[11.575297,48.128451],[11.5753011,48.1284535],[11.5753158,48.1284624],[11.5751153,48.1286097],[11.575105,48.1286034],[11.5750966,48.1285984],[11.575297,48.128451]]],[[[11.4613994,48.1486891],[11.4609443,48.1488267],[11.4609492,48.1488343],[11.4609593,48.1488432],[11.4609994,48.148834],[11.4613871,48.1487171],[11.4614102,48.1487079],[11.4613994,48.1486891]]],[[[11.6349861,48.1699338],[11.6351406,48.1701101],[11.6350982,48.1701266],[11.6349436,48.1699504],[11.6349861,48.1699338]]],[[[11.6210819,48.1538385],[11.6208212,48.1538227],[11.6208245,48.1537982],[11.6210852,48.153814],[11.6210819,48.1538385]]],[[[11.4888465,48.1405029],[11.4888421,48.140492],[11.4888374,48.1404805],[11.4883839,48.1405624],[11.4883876,48.1405714],[11.488393,48.1405847],[11.4886331,48.1405414],[11.4888465,48.1405029]]],[[[11.5169675,48.1350479],[11.5169668,48.1350369],[11.5167768,48.1350423],[11.5167185,48.135044],[11.5167201,48.1350682],[11.5168642,48.1350641],[11.5168652,48.1350804],[11.5169326,48.1350785],[11.5169316,48.1350619],[11.5169684,48.1350608],[11.5169675,48.1350479]]],[[[11.6101896,48.1326596],[11.6102009,48.1326573],[11.6102172,48.1326531],[11.6102513,48.1327363],[11.6102699,48.1327956],[11.6102965,48.1328956],[11.6103097,48.1329734],[11.610315,48.1330212],[11.6102886,48.1330222],[11.6102828,48.1329717],[11.6102702,48.1328962],[11.6102497,48.1328109],[11.6102191,48.1327268],[11.6101896,48.1326596]]],[[[11.6100884,48.1326848],[11.6101001,48.1326824],[11.6101121,48.1326799],[11.610146,48.1327502],[11.6101623,48.1327891],[11.6101731,48.1328187],[11.6101827,48.1328517],[11.6101954,48.1329047],[11.6102113,48.1329838],[11.6102185,48.1330242],[11.6101952,48.1330254],[11.610189,48.1329861],[11.6101808,48.132948],[11.6101693,48.1328996],[11.6101581,48.1328572],[11.6101472,48.132822],[11.6101306,48.1327776],[11.6101175,48.1327452],[11.6101036,48.1327147],[11.6100884,48.1326848]]],[[[11.5644469,48.1469024],[11.564473,48.1468951],[11.5645692,48.1470473],[11.5645432,48.1470547],[11.5644469,48.1469024]]],[[[11.5637951,48.1457214],[11.5638087,48.1457176],[11.563821,48.1457141],[11.5637291,48.1455692],[11.5637174,48.1455725],[11.5637032,48.1455765],[11.5637951,48.1457214]]],[[[11.5741787,48.1483568],[11.5741906,48.1483761],[11.5745309,48.148282],[11.5745259,48.148274],[11.5745189,48.1482628],[11.5741787,48.1483568]]],[[[11.575002,48.1453788],[11.5753563,48.1453689],[11.5753547,48.1453534],[11.5751338,48.1453499],[11.575097,48.1453504],[11.5750615,48.1453518],[11.5750261,48.1453548],[11.5750002,48.1453593],[11.575002,48.1453788]]],[[[11.5706945,48.1467518],[11.5709521,48.1466796],[11.57096,48.1466921],[11.5709763,48.1467181],[11.5707187,48.1467903],[11.5706945,48.1467518]]],[[[11.571352,48.1491797],[11.5713389,48.1491589],[11.5715372,48.1491036],[11.5715502,48.1491244],[11.571352,48.1491797]]],[[[11.5664029,48.1499229],[11.5664322,48.1499266],[11.5665396,48.1500909],[11.5665271,48.1501138],[11.5664029,48.1499229]]],[[[11.5659891,48.1481416],[11.565974,48.1481167],[11.5661875,48.1480588],[11.5662027,48.1480838],[11.5659891,48.1481416]]],[[[11.5708395,48.121196],[11.5708332,48.1211871],[11.5708278,48.1211794],[11.5709172,48.1211514],[11.5709565,48.1211391],[11.5710481,48.1211105],[11.5710547,48.1211199],[11.5710598,48.1211271],[11.5708395,48.121196]]],[[[11.5709278,48.1213437],[11.5709183,48.1213301],[11.5710608,48.121286],[11.5710703,48.1212996],[11.5709278,48.1213437]]],[[[11.5558108,48.1388155],[11.5558491,48.138815],[11.5558549,48.139014],[11.55584,48.1390142],[11.5558165,48.1390145],[11.5558108,48.1388155]]],[[[11.556025,48.1387577],[11.5560617,48.1387573],[11.556067,48.1389632],[11.5560677,48.1389909],[11.556031,48.1389913],[11.5560303,48.1389638],[11.556025,48.1387577]]],[[[11.5746926,48.1198108],[11.5749355,48.1197112],[11.5749205,48.1196949],[11.5746776,48.1197945],[11.5746926,48.1198108]]],[[[11.5583528,48.1270774],[11.5583188,48.1270772],[11.5583214,48.1269318],[11.5583554,48.1269321],[11.5583528,48.1270774]]],[[[11.5614034,48.1253506],[11.561397,48.1253408],[11.5613948,48.1253374],[11.5616497,48.1252631],[11.5616522,48.125267],[11.5616583,48.1252762],[11.5614034,48.1253506]]],[[[11.5613338,48.1252481],[11.5616066,48.1251693],[11.5615998,48.1251588],[11.561593,48.1251483],[11.5613899,48.1252069],[11.5613202,48.1252271],[11.5613338,48.1252481]]],[[[11.5614649,48.1248074],[11.5614917,48.1247979],[11.5616037,48.1249383],[11.5615769,48.1249478],[11.5614649,48.1248074]]],[[[11.562127,48.125343],[11.5621467,48.1253367],[11.5621537,48.1253345],[11.5620713,48.1252182],[11.5620606,48.1252216],[11.5620446,48.1252267],[11.562127,48.125343]]],[[[11.5763706,48.1191901],[11.5764006,48.1191768],[11.5765172,48.1191265],[11.5765786,48.1191],[11.5765932,48.1190937],[11.5765718,48.1190716],[11.5763809,48.1191544],[11.5763492,48.1191681],[11.5763706,48.1191901]]],[[[11.5579787,48.133261],[11.5579885,48.133267],[11.5580085,48.1332793],[11.5581543,48.1331694],[11.5581415,48.1331618],[11.5581354,48.1331581],[11.5581253,48.1331521],[11.5579787,48.133261]]],[[[11.5584857,48.1268122],[11.5585133,48.1268121],[11.5585125,48.1266681],[11.5584849,48.1266682],[11.5584857,48.1268122]]],[[[11.5578333,48.1332017],[11.5579892,48.1330868],[11.5580031,48.1330952],[11.5580158,48.1331028],[11.5578599,48.1332178],[11.5578475,48.1332103],[11.5578333,48.1332017]]],[[[11.5560876,48.134706],[11.5561084,48.1346699],[11.5561547,48.1346395],[11.5561223,48.1346181],[11.5560948,48.1345998],[11.5559964,48.1346774],[11.5560322,48.1346884],[11.5560605,48.1346972],[11.5560876,48.134706]]],[[[11.5559402,48.134597],[11.5560068,48.1345445],[11.5559936,48.134537],[11.5560255,48.1345118],[11.5560504,48.1345258],[11.5560597,48.134531],[11.5559611,48.1346088],[11.5559516,48.1346034],[11.5559402,48.134597]]],[[[11.6152402,48.1303255],[11.6152777,48.130318],[11.6153537,48.1304996],[11.6153224,48.1305169],[11.6152402,48.1303255]]],[[[11.6130857,48.1215591],[11.6130862,48.1214245],[11.6131323,48.1214246],[11.6131317,48.1215591],[11.6130857,48.1215591]]],[[[11.6039502,48.1082615],[11.603967,48.1081169],[11.603971,48.1080821],[11.6040067,48.1080839],[11.6040027,48.1081187],[11.6039859,48.1082633],[11.6039502,48.1082615]]],[[[11.603206,48.1085226],[11.6032125,48.1085042],[11.603473,48.1085451],[11.6034665,48.1085636],[11.603206,48.1085226]]],[[[11.6041189,48.1091051],[11.6041533,48.1091089],[11.6041772,48.1090103],[11.6041428,48.1090066],[11.6041189,48.1091051]]],[[[11.6048716,48.108575],[11.6048722,48.1085724],[11.6048781,48.1085476],[11.6046387,48.1085221],[11.6046333,48.1085445],[11.6046321,48.1085495],[11.6048716,48.108575]]],[[[11.5905844,48.1665421],[11.5907546,48.1664625],[11.590774,48.1664809],[11.5906038,48.1665605],[11.5905952,48.1665523],[11.5905844,48.1665421]]],[[[11.5910914,48.1661436],[11.5910823,48.1661346],[11.5910762,48.1661285],[11.5909012,48.1662065],[11.5909083,48.1662137],[11.5909163,48.1662217],[11.5910914,48.1661436]]],[[[11.6149383,48.1372781],[11.614975,48.137081],[11.6150338,48.1370858],[11.6150303,48.1371044],[11.6149971,48.137283],[11.6149383,48.1372781]]],[[[11.614735,48.1365038],[11.6147468,48.1364579],[11.6147764,48.1363434],[11.6148149,48.1363478],[11.6147736,48.1365082],[11.614735,48.1365038]]],[[[11.5938139,48.1107789],[11.5939453,48.1108024],[11.5940177,48.1108153],[11.5940581,48.1108225],[11.5940666,48.1108015],[11.5938223,48.1107579],[11.5938139,48.1107789]]],[[[11.6105472,48.1187284],[11.6105553,48.1187211],[11.610567,48.1187107],[11.610556,48.1187053],[11.6102,48.1185298],[11.6101923,48.1185368],[11.6101803,48.1185475],[11.6105472,48.1187284]]],[[[11.6089516,48.1182882],[11.6091707,48.1183908],[11.6091873,48.118375],[11.6092009,48.1183621],[11.6089817,48.1182595],[11.6089516,48.1182882]]],[[[11.6120478,48.1103423],[11.6120714,48.1103532],[11.6120832,48.110342],[11.6118404,48.1102293],[11.6118287,48.1102406],[11.6118844,48.1102664],[11.6120478,48.1103423]]],[[[11.6125085,48.1103581],[11.6125239,48.1103433],[11.6127644,48.1104545],[11.612749,48.1104694],[11.6125085,48.1103581]]],[[[11.6136263,48.1265529],[11.6136728,48.1265468],[11.6136958,48.1266244],[11.6137149,48.1266886],[11.6136684,48.1266948],[11.6136263,48.1265529]]],[[[11.6134329,48.1269845],[11.6134063,48.1268976],[11.6133838,48.1268241],[11.6134274,48.1268181],[11.6134765,48.1269785],[11.6134329,48.1269845]]],[[[11.6131195,48.1147676],[11.6131529,48.1147697],[11.6131324,48.1149207],[11.613099,48.1149187],[11.6131008,48.1149056],[11.6131177,48.114781],[11.6131195,48.1147676]]],[[[11.6142805,48.1155331],[11.6142836,48.1155181],[11.614286,48.1155068],[11.6142136,48.1155001],[11.6142182,48.1154779],[11.6141406,48.1154707],[11.6141364,48.1154904],[11.6140371,48.1154812],[11.6140346,48.1154931],[11.6140311,48.1155099],[11.6142805,48.1155331]]],[[[11.6132707,48.1245329],[11.6132606,48.1244291],[11.613315,48.1244267],[11.6133221,48.1244995],[11.6133251,48.1245305],[11.6132707,48.1245329]]],[[[11.6119667,48.124804],[11.6122438,48.1247941],[11.612244,48.1247827],[11.6122438,48.1247711],[11.6119641,48.1247797],[11.6119648,48.1247913],[11.6119667,48.124804]]],[[[11.6129906,48.1245441],[11.6129831,48.1244863],[11.6129658,48.1243521],[11.6130095,48.1243496],[11.6130343,48.1245416],[11.6129906,48.1245441]]],[[[11.6121292,48.124655],[11.6121288,48.1246463],[11.6121284,48.1246369],[11.6124083,48.1246314],[11.6124086,48.1246396],[11.6124091,48.1246495],[11.6121292,48.124655]]],[[[11.6148775,48.1395428],[11.6149188,48.1395391],[11.614881,48.1393541],[11.6148398,48.1393578],[11.6148775,48.1395428]]],[[[11.6147152,48.1393748],[11.6147566,48.1393723],[11.6147905,48.1395526],[11.6147508,48.1395554],[11.6147152,48.1393748]]],[[[11.6423746,48.1222029],[11.6421767,48.1218799],[11.6421628,48.1218837],[11.6421446,48.1218886],[11.6423425,48.1222117],[11.6423587,48.1222073],[11.6423746,48.1222029]]],[[[11.5285546,48.1701285],[11.5285145,48.1701266],[11.5284709,48.1706085],[11.5285066,48.1706097],[11.5285546,48.1701285]]],[[[11.5825172,48.1195738],[11.582499,48.1195502],[11.5829039,48.1194108],[11.5829221,48.1194344],[11.582737,48.1194981],[11.5826701,48.1195211],[11.5825172,48.1195738]]],[[[11.552597,48.2081115],[11.5526347,48.2081042],[11.5525657,48.2079467],[11.552528,48.2079541],[11.552597,48.2081115]]],[[[11.5513023,48.2084586],[11.5513005,48.20843],[11.551351,48.2084286],[11.5513499,48.2084103],[11.5516966,48.2084005],[11.5516996,48.2084474],[11.5513023,48.2084586]]],[[[11.5522136,48.2078288],[11.5522576,48.207823],[11.552311,48.2080018],[11.552267,48.2080076],[11.5522136,48.2078288]]],[[[11.5513121,48.208312],[11.551305,48.2082611],[11.5516733,48.2082381],[11.5516805,48.2082889],[11.5513121,48.208312]]],[[[11.5734921,48.2005431],[11.5735301,48.2005401],[11.5734736,48.2003114],[11.5734363,48.2003156],[11.5734921,48.2005431]]],[[[11.5736214,48.2005096],[11.5735633,48.2002769],[11.5736131,48.2002714],[11.5736712,48.2005041],[11.5736214,48.2005096]]],[[[11.5728263,48.2042943],[11.5728649,48.2042948],[11.5728642,48.2043187],[11.5728578,48.20454],[11.5728192,48.2045395],[11.5728256,48.2043187],[11.5728263,48.2042943]]],[[[11.5635689,48.2051384],[11.5635922,48.2049748],[11.5634831,48.2049678],[11.5634726,48.2050424],[11.56346,48.2051318],[11.5635689,48.2051384]]],[[[11.5151736,48.1733779],[11.5154031,48.1734351],[11.515411,48.1734209],[11.5151816,48.1733637],[11.5151736,48.1733779]]],[[[11.5148961,48.1735242],[11.5149069,48.1735079],[11.5146201,48.1734355],[11.514611,48.1734518],[11.5148961,48.1735242]]],[[[11.4139304,48.153838],[11.413936,48.1538304],[11.4139424,48.1538218],[11.4138258,48.1537832],[11.4138346,48.1537712],[11.4137672,48.153749],[11.4137564,48.1537636],[11.4137105,48.1537484],[11.4137048,48.153756],[11.4137004,48.1537619],[11.4138916,48.1538252],[11.4139304,48.153838]]],[[[11.4556282,48.165723],[11.4556085,48.16571],[11.4557707,48.1656001],[11.4557801,48.1656063],[11.4557904,48.1656131],[11.4556282,48.165723]]],[[[11.4570987,48.1649413],[11.4570889,48.1649201],[11.4571471,48.1649081],[11.4572034,48.1648968],[11.4573072,48.1648754],[11.457317,48.1648966],[11.4570987,48.1649413]]],[[[11.502369,48.1646315],[11.5023638,48.1646074],[11.5020933,48.164633],[11.5020985,48.1646571],[11.5023443,48.1646338],[11.502369,48.1646315]]],[[[11.5032206,48.1642722],[11.5032149,48.1642498],[11.5028905,48.1642863],[11.5028962,48.1643088],[11.5032206,48.1642722]]],[[[11.4090613,48.1385619],[11.4091832,48.1383568],[11.4091659,48.1383522],[11.4091469,48.1383472],[11.4090251,48.1385524],[11.4090613,48.1385619]]],[[[11.4090455,48.1380177],[11.4090704,48.1380241],[11.4090934,48.1380299],[11.4092061,48.1378319],[11.4091582,48.1378198],[11.4090455,48.1380177]]],[[[11.5311434,48.1806757],[11.5311481,48.1806562],[11.5316127,48.1807053],[11.5320713,48.1807537],[11.5320666,48.1807733],[11.5320122,48.1807676],[11.5319819,48.1807644],[11.5319197,48.1807578],[11.5318875,48.1807544],[11.5318229,48.1807476],[11.5317886,48.1807439],[11.5317264,48.1807374],[11.5316928,48.1807338],[11.5316263,48.1807268],[11.5316083,48.1807249],[11.5315883,48.1807228],[11.531434,48.1807065],[11.5314079,48.1807037],[11.5313249,48.1806949],[11.5312917,48.1806914],[11.5311434,48.1806757]]],[[[11.5386703,48.2040195],[11.5389032,48.2039204],[11.5389164,48.2039148],[11.5389339,48.2039331],[11.5389206,48.2039388],[11.5386878,48.2040378],[11.5386703,48.2040195]]],[[[11.4480527,48.1643824],[11.448054,48.1643764],[11.4480607,48.1643558],[11.447807,48.1643221],[11.4478009,48.1643428],[11.4477991,48.1643487],[11.4480527,48.1643824]]],[[[11.4480211,48.164479],[11.4480253,48.1644659],[11.4480271,48.1644602],[11.4477803,48.1644256],[11.4477769,48.1644362],[11.4477743,48.1644444],[11.4480211,48.164479]]],[[[11.5292792,48.1769547],[11.5292805,48.1769379],[11.5292825,48.1767781],[11.5293103,48.1767777],[11.5293083,48.1769377],[11.5293085,48.1769554],[11.5292792,48.1769547]]],[[[11.5294887,48.1776315],[11.5298345,48.1776416],[11.5298362,48.17762],[11.5298367,48.1776103],[11.529491,48.1776001],[11.5294906,48.1776094],[11.5294887,48.1776315]]],[[[11.5281627,48.1765887],[11.5281766,48.1765887],[11.528415,48.1765881],[11.5284495,48.1765875],[11.5284494,48.1765717],[11.5281759,48.1765728],[11.5281625,48.1765729],[11.5281627,48.1765887]]],[[[11.5364157,48.1776317],[11.5363484,48.1774601],[11.5363824,48.1774542],[11.5364496,48.1776258],[11.5364157,48.1776317]]],[[[11.5366659,48.177933],[11.5366909,48.1779288],[11.536618,48.1777367],[11.536593,48.1777409],[11.5366659,48.177933]]],[[[11.41098,48.1352088],[11.4110203,48.1352187],[11.411115,48.1350484],[11.4110965,48.1350438],[11.4110746,48.1350384],[11.41098,48.1352088]]],[[[11.410975,48.1346951],[11.4110872,48.1345034],[11.4111307,48.1345148],[11.4110185,48.1347064],[11.4109983,48.1347012],[11.410975,48.1346951]]],[[[11.5093152,48.1671925],[11.5094185,48.1673609],[11.5094434,48.1673541],[11.50934,48.1671857],[11.5093152,48.1671925]]],[[[11.5095766,48.1670691],[11.5096018,48.1670609],[11.5097199,48.1672227],[11.5096946,48.1672309],[11.5095766,48.1670691]]],[[[11.5072967,48.1639951],[11.5073352,48.1639807],[11.507483,48.164184],[11.5074652,48.1641898],[11.5074445,48.1641966],[11.5072967,48.1639951]]],[[[11.5111075,48.1703799],[11.5110855,48.1703834],[11.5110738,48.1703456],[11.5110704,48.1703292],[11.5110625,48.170286],[11.5110563,48.1702488],[11.5110552,48.170237],[11.5110792,48.1702361],[11.5110842,48.1702784],[11.5110902,48.1703167],[11.5110983,48.170349],[11.5111075,48.1703799]]],[[[11.511337,48.1695329],[11.5111647,48.1696044],[11.5110715,48.1696397],[11.5110173,48.1696548],[11.5109956,48.1696273],[11.5110852,48.1696011],[11.5111979,48.1695597],[11.5113149,48.1695112],[11.511337,48.1695329]]],[[[11.5104742,48.1697259],[11.5104591,48.169624],[11.5104362,48.1695332],[11.5104259,48.1695004],[11.5103814,48.1695071],[11.5104057,48.1695846],[11.5104157,48.1696271],[11.5104357,48.1697284],[11.5104742,48.1697259]]],[[[11.4785663,48.1641179],[11.478562,48.1640879],[11.4787651,48.1640748],[11.4788054,48.1640722],[11.4788098,48.1641022],[11.4785663,48.1641179]]],[[[11.4785832,48.1642624],[11.4785874,48.1642919],[11.4783342,48.1643081],[11.47833,48.1642786],[11.4785832,48.1642624]]],[[[11.5367478,48.1831199],[11.536771,48.183118],[11.5367998,48.1832787],[11.5367766,48.1832805],[11.5367478,48.1831199]]],[[[11.5369076,48.1832314],[11.5368855,48.1832326],[11.5368656,48.1830623],[11.5368877,48.1830612],[11.5369076,48.1832314]]],[[[11.5368089,48.1798581],[11.5368177,48.1797826],[11.5368223,48.1797014],[11.5368273,48.1795585],[11.5368618,48.1795594],[11.5368512,48.1797284],[11.5368474,48.1797799],[11.5368428,48.1798287],[11.5368399,48.1798593],[11.5368089,48.1798581]]],[[[11.5432925,48.2004622],[11.5433118,48.2004699],[11.5433161,48.2004651],[11.5434277,48.2003413],[11.5434083,48.2003335],[11.5432962,48.2004581],[11.5432925,48.2004622]]],[[[11.5434831,48.2000619],[11.5435057,48.2000689],[11.5435929,48.1999431],[11.5436023,48.1999296],[11.5435798,48.1999227],[11.5435701,48.1999367],[11.5434831,48.2000619]]],[[[11.5437928,48.2008761],[11.5438025,48.2008442],[11.5440871,48.2008828],[11.5440773,48.2009147],[11.5439553,48.2008982],[11.5438947,48.20089],[11.5437928,48.2008761]]],[[[11.5440636,48.2008089],[11.5440714,48.2007782],[11.544347,48.2008127],[11.5443376,48.200845],[11.5440636,48.2008089]]],[[[11.5534043,48.2167299],[11.5534357,48.2167181],[11.5534552,48.2167453],[11.5534763,48.2167386],[11.5535017,48.2167743],[11.5534806,48.216781],[11.5535134,48.2168356],[11.553527,48.2168596],[11.5534941,48.2168676],[11.5534628,48.2168127],[11.5534403,48.2167789],[11.5534043,48.2167299]]],[[[11.5533367,48.216892],[11.5532558,48.2167617],[11.5532895,48.2167525],[11.5533704,48.2168828],[11.5533367,48.216892]]],[[[11.5565436,48.2197613],[11.5565477,48.2197416],[11.5569028,48.2197745],[11.5568988,48.2197941],[11.5565436,48.2197613]]],[[[11.5575958,48.2197567],[11.5575991,48.2197332],[11.5578797,48.2197509],[11.5578764,48.2197743],[11.5575958,48.2197567]]],[[[11.4158001,48.1573319],[11.4158221,48.1573376],[11.4158821,48.1572348],[11.4158601,48.1572291],[11.4158001,48.1573319]]],[[[11.413693,48.1465421],[11.413694,48.1465298],[11.413695,48.1465179],[11.4140012,48.1465294],[11.4140004,48.1465437],[11.4139991,48.1465537],[11.413693,48.1465421]]],[[[11.5211528,48.1751302],[11.5211666,48.1751186],[11.5213361,48.1752085],[11.5213223,48.1752201],[11.5211528,48.1751302]]],[[[11.5205789,48.1752236],[11.5207511,48.1753119],[11.5207648,48.1753001],[11.5205926,48.1752117],[11.5205789,48.1752236]]],[[[11.6304174,48.1007537],[11.6304116,48.1005909],[11.6304611,48.1005901],[11.6304668,48.100753],[11.6304412,48.1007534],[11.6304174,48.1007537]]],[[[11.639862,48.1044302],[11.6401163,48.10443],[11.6402487,48.1044299],[11.6402486,48.104391],[11.639862,48.1043914],[11.639862,48.1044302]]],[[[11.6409112,48.1042597],[11.6406633,48.1042597],[11.6406633,48.1042825],[11.6409112,48.1042826],[11.6409112,48.1042744],[11.6409112,48.1042597]]],[[[11.5340565,48.1100333],[11.5340893,48.1098475],[11.5341343,48.1098515],[11.5341015,48.1100373],[11.5340565,48.1100333]]],[[[11.5343336,48.1093624],[11.5343407,48.1093624],[11.5343543,48.1093623],[11.5343536,48.1093142],[11.5343756,48.1093141],[11.534375,48.1092722],[11.534353,48.1092723],[11.5343524,48.1092318],[11.5343352,48.1092319],[11.5343317,48.1092319],[11.5343336,48.1093624]]],[[[11.5300714,48.0922213],[11.5301024,48.0922158],[11.530131,48.0922108],[11.5302094,48.0924094],[11.5301498,48.0924199],[11.5300714,48.0922213]]],[[[11.5299287,48.0922909],[11.5299653,48.0922846],[11.5300438,48.0924873],[11.5300072,48.0924936],[11.5299884,48.0924449],[11.5299711,48.0924002],[11.5299287,48.0922909]]],[[[11.532782,48.0907157],[11.5327822,48.0906886],[11.5325127,48.0906878],[11.5325125,48.0907149],[11.532782,48.0907157]]],[[[11.5336928,48.0905318],[11.5336916,48.0905124],[11.5339266,48.0905121],[11.5339266,48.0905339],[11.5336928,48.0905318]]],[[[11.5453437,48.0947226],[11.5453533,48.0947288],[11.5453686,48.0947386],[11.5454095,48.0947103],[11.5454251,48.0947203],[11.5454641,48.0946934],[11.5454485,48.0946833],[11.5454793,48.0946619],[11.5454643,48.0946523],[11.5454545,48.0946459],[11.5453437,48.0947226]]],[[[11.5456437,48.0946426],[11.5456524,48.0946365],[11.5456662,48.0946267],[11.5457806,48.0946991],[11.5457682,48.0947078],[11.5457421,48.0947262],[11.5457125,48.0947075],[11.5456673,48.0946788],[11.545683,48.0946678],[11.5456437,48.0946426]]],[[[11.528806,48.0812019],[11.5288289,48.081189],[11.5288425,48.0811998],[11.5290145,48.0813364],[11.5289916,48.0813492],[11.5289452,48.0813124],[11.5288964,48.0812737],[11.528806,48.0812019]]],[[[11.5104382,48.0860511],[11.5104344,48.0860466],[11.5104273,48.0860379],[11.5102909,48.086088],[11.5102978,48.0860964],[11.5103018,48.0861012],[11.5104382,48.0860511]]],[[[11.5098647,48.0863925],[11.5098549,48.0863804],[11.5099783,48.0863361],[11.5099881,48.0863482],[11.5098647,48.0863925]]],[[[11.5168055,48.0833969],[11.5168291,48.0833867],[11.5169578,48.0835193],[11.5169342,48.0835295],[11.5168055,48.0833969]]],[[[11.5293719,48.1005839],[11.5293174,48.10042],[11.5293471,48.1004156],[11.5294016,48.1005795],[11.5293719,48.1005839]]],[[[11.5291724,48.100435],[11.5291992,48.1004309],[11.5292496,48.1005753],[11.5292228,48.1005795],[11.5291724,48.100435]]],[[[11.5336598,48.1133383],[11.5336615,48.1131916],[11.5336883,48.1131918],[11.5336866,48.1133384],[11.5336666,48.1133383],[11.5336598,48.1133383]]],[[[11.5231919,48.0950007],[11.5231682,48.0948317],[11.5232037,48.0948295],[11.5232274,48.0949985],[11.5231919,48.0950007]]],[[[11.5240795,48.0951631],[11.5243673,48.0951907],[11.5243719,48.0951667],[11.5240823,48.0951508],[11.5240795,48.0951631]]],[[[11.5440711,48.0969453],[11.5441027,48.0969328],[11.5440147,48.0968339],[11.5439831,48.0968465],[11.5440711,48.0969453]]],[[[11.5401971,48.0929443],[11.5402383,48.0929307],[11.5403517,48.0930842],[11.5403105,48.0930978],[11.5401971,48.0929443]]],[[[11.539607,48.0923867],[11.5396455,48.0923752],[11.5397556,48.0925399],[11.539717,48.0925514],[11.539607,48.0923867]]],[[[11.5379038,48.0984017],[11.5379447,48.0983994],[11.5379695,48.0985724],[11.5379498,48.0985735],[11.5379286,48.0985747],[11.5379038,48.0984017]]],[[[11.5380708,48.0983975],[11.5380539,48.0982633],[11.538073,48.0982623],[11.538087,48.0982615],[11.5381038,48.0983957],[11.5380708,48.0983975]]],[[[11.540841,48.0963155],[11.5408393,48.0962917],[11.5411132,48.0962832],[11.5411149,48.096307],[11.540841,48.0963155]]],[[[11.5408988,48.0964195],[11.5408962,48.0964002],[11.5411907,48.0963864],[11.5411933,48.0964057],[11.5408988,48.0964195]]],[[[11.5315011,48.0954495],[11.531464,48.0953893],[11.5314365,48.0953449],[11.5313989,48.0952839],[11.5314176,48.0952787],[11.5314372,48.0952733],[11.5315394,48.0954389],[11.5315011,48.0954495]]],[[[11.5140811,48.0899863],[11.5140907,48.0899702],[11.514313,48.0900297],[11.5143034,48.0900458],[11.5140811,48.0899863]]],[[[11.514325,48.089949],[11.5143327,48.0899348],[11.514285,48.0899233],[11.5142903,48.0899135],[11.5142338,48.0898999],[11.5142283,48.0899101],[11.5141387,48.0898885],[11.5141313,48.0899023],[11.514325,48.089949]]],[[[11.537769,48.0900431],[11.5377998,48.0900295],[11.5378138,48.0900436],[11.5378748,48.0901054],[11.5379154,48.0901468],[11.5379617,48.0901935],[11.5379702,48.090202],[11.5379358,48.0902172],[11.537769,48.0900431]]],[[[11.5372357,48.0896969],[11.5372751,48.0896857],[11.5371892,48.0895506],[11.5371453,48.089563],[11.5371495,48.0895692],[11.5372326,48.0896922],[11.5372357,48.0896969]]],[[[11.537015,48.0901951],[11.537039,48.0901891],[11.5372286,48.0901411],[11.5372465,48.0901366],[11.5372312,48.0901096],[11.5369997,48.0901682],[11.537015,48.0901951]]],[[[11.539388,48.1309549],[11.5393541,48.1309581],[11.5393885,48.1311213],[11.5394224,48.1311181],[11.539388,48.1309549]]],[[[11.5390832,48.1306212],[11.5391271,48.130617],[11.5390895,48.1304413],[11.5390455,48.1304455],[11.5390832,48.1306212]]],[[[11.5709888,48.1517504],[11.5709821,48.1517394],[11.5709749,48.1517276],[11.5711656,48.1516755],[11.5711721,48.1516861],[11.5711796,48.1516983],[11.5709888,48.1517504]]],[[[11.5702488,48.1518414],[11.5704465,48.1517849],[11.5704405,48.1517755],[11.5704342,48.1517657],[11.5702365,48.1518222],[11.5702415,48.15183],[11.5702488,48.1518414]]],[[[11.5658151,48.1532285],[11.5658089,48.1532188],[11.5657931,48.1531942],[11.5660168,48.1531303],[11.5660328,48.1531551],[11.5660388,48.1531646],[11.5658151,48.1532285]]],[[[11.5659572,48.1530291],[11.5659698,48.1530488],[11.5657389,48.1531146],[11.5657263,48.1530949],[11.5658232,48.1530673],[11.5658671,48.1530548],[11.5659572,48.1530291]]],[[[11.6088948,48.1507621],[11.6089928,48.1507732],[11.6090961,48.1507854],[11.6091454,48.1507923],[11.6091957,48.1507993],[11.6091997,48.1507911],[11.6092045,48.1507812],[11.6090981,48.15076],[11.6090553,48.1507536],[11.608996,48.1507465],[11.6089683,48.1507442],[11.6089025,48.1507409],[11.6088948,48.1507621]]],[[[11.608626,48.1506533],[11.608596,48.1506297],[11.608871,48.1504776],[11.6088883,48.1504918],[11.6088971,48.150499],[11.608626,48.1506533]]],[[[11.6096269,48.1507949],[11.6096418,48.150795],[11.6096609,48.1507952],[11.6096615,48.1507568],[11.6096899,48.150757],[11.6096908,48.150706],[11.6096622,48.1507058],[11.6096653,48.1505899],[11.6096684,48.1504724],[11.609642,48.1504752],[11.6096386,48.1505152],[11.6096352,48.1505895],[11.6096274,48.1507627],[11.6096269,48.1507949]]],[[[11.5589511,48.1564173],[11.5589987,48.1564084],[11.5590681,48.1563953],[11.5592227,48.1563663],[11.5592311,48.1563863],[11.5592418,48.1564115],[11.5589702,48.1564625],[11.5589623,48.1564438],[11.5589511,48.1564173]]],[[[11.5593027,48.1564712],[11.5593248,48.1565199],[11.5593301,48.1565315],[11.5590665,48.1565847],[11.5590601,48.1565706],[11.5590391,48.1565243],[11.5593027,48.1564712]]],[[[11.5677008,48.1525714],[11.5676937,48.1525605],[11.5676882,48.1525519],[11.5679168,48.1524874],[11.5679237,48.1524988],[11.5679282,48.1525056],[11.5677008,48.1525714]]],[[[11.567739,48.1526901],[11.5679797,48.152625],[11.5679723,48.1526127],[11.5679531,48.1525812],[11.5677124,48.1526463],[11.5677311,48.1526771],[11.567739,48.1526901]]],[[[11.5728484,48.1510797],[11.5729963,48.15104],[11.5730575,48.1510236],[11.5730887,48.1510152],[11.573093,48.1510224],[11.5731012,48.151036],[11.5728609,48.1511004],[11.5728506,48.1510834],[11.5728484,48.1510797]]],[[[11.5734701,48.1510496],[11.573463,48.1510384],[11.5734574,48.1510295],[11.573756,48.1509453],[11.5737585,48.1509493],[11.5737687,48.1509654],[11.5737408,48.1509731],[11.5736905,48.1509876],[11.5734701,48.1510496]]],[[[11.5756507,48.1503464],[11.5756365,48.1503228],[11.5757759,48.1502853],[11.5757902,48.1503089],[11.5756507,48.1503464]]],[[[11.5761232,48.150269],[11.5762912,48.1502244],[11.5762996,48.1502385],[11.5763056,48.1502486],[11.5761376,48.1502932],[11.5761329,48.1502853],[11.5761232,48.150269]]],[[[11.5598711,48.1576656],[11.5600337,48.1577597],[11.5600641,48.1577363],[11.5599014,48.1576422],[11.5598711,48.1576656]]],[[[11.5604678,48.1578036],[11.5604756,48.1577972],[11.5604952,48.1577813],[11.56031,48.1576798],[11.5602934,48.1576933],[11.5602826,48.1577021],[11.5604678,48.1578036]]],[[[11.549462,48.1121586],[11.549467,48.1121343],[11.5493363,48.1121223],[11.5491032,48.1121009],[11.5490982,48.1121252],[11.5493306,48.1121465],[11.549462,48.1121586]]],[[[11.5480621,48.1122048],[11.5480845,48.1122069],[11.5483878,48.1122348],[11.548393,48.1122096],[11.5480896,48.1121817],[11.5480673,48.1121797],[11.5480621,48.1122048]]],[[[11.5697049,48.1118791],[11.5698662,48.1116842],[11.5698856,48.1116914],[11.5699014,48.1116972],[11.5697402,48.1118921],[11.5697049,48.1118791]]],[[[11.5699032,48.1112825],[11.5698781,48.1112674],[11.5698551,48.1112536],[11.5699094,48.1112132],[11.5700872,48.1110811],[11.5701398,48.111042],[11.5701879,48.1110709],[11.5699032,48.1112825]]],[[[11.5701929,48.1115197],[11.5702208,48.1114895],[11.5702904,48.1115165],[11.5703624,48.1115407],[11.5704858,48.1115823],[11.5704666,48.1116077],[11.5701929,48.1115197]]],[[[11.5708873,48.1118957],[11.570849,48.1118786],[11.5708057,48.1118623],[11.5707429,48.1118467],[11.5706484,48.1118236],[11.5706607,48.1118024],[11.5708034,48.1118406],[11.5708727,48.1118647],[11.5709046,48.11188],[11.5708873,48.1118957]]],[[[11.5311308,48.1169185],[11.5311331,48.116885],[11.5313963,48.116893],[11.531394,48.1169265],[11.5311308,48.1169185]]],[[[11.5321614,48.1167915],[11.5321626,48.1167587],[11.5324482,48.1167632],[11.5324471,48.116796],[11.5321614,48.1167915]]],[[[11.5227275,48.1151185],[11.5227514,48.1151295],[11.5230029,48.1152452],[11.5230146,48.1152338],[11.5230267,48.115222],[11.5227514,48.1150954],[11.5227275,48.1151185]]],[[[11.5891775,48.1097147],[11.5891727,48.1096944],[11.5894505,48.1096648],[11.5894553,48.109685],[11.5891775,48.1097147]]],[[[11.5889249,48.109828],[11.5891824,48.1097996],[11.5891777,48.1097808],[11.5889203,48.1098092],[11.5889249,48.109828]]],[[[11.5661846,48.113099],[11.5661806,48.1130829],[11.5664547,48.1130519],[11.5664587,48.1130679],[11.5661846,48.113099]]],[[[11.5660565,48.1127654],[11.5660491,48.1127432],[11.565693,48.1127873],[11.5656987,48.112808],[11.5660565,48.1127654]]],[[[11.5263282,48.1165618],[11.526315,48.1165593],[11.526326,48.1165333],[11.5263382,48.1165357],[11.5265355,48.1165736],[11.5266565,48.1165944],[11.5267001,48.116601],[11.5266889,48.1166268],[11.5266016,48.1166135],[11.5265006,48.1165942],[11.5264314,48.1165812],[11.5263282,48.1165618]]],[[[11.5265685,48.1164014],[11.526661,48.1164237],[11.5267844,48.1164484],[11.5268862,48.1164653],[11.5268923,48.1164663],[11.5269044,48.1164429],[11.5268982,48.1164421],[11.5268594,48.1164367],[11.5267999,48.1164258],[11.5266985,48.1164052],[11.5265816,48.1163796],[11.5265685,48.1164014]]],[[[11.5990993,48.1212955],[11.5991288,48.1213037],[11.5991512,48.1212679],[11.5991827,48.1212177],[11.5992096,48.1211748],[11.5992194,48.1211592],[11.5991898,48.121151],[11.5990993,48.1212955]]],[[[11.5987594,48.1214742],[11.5988045,48.1214865],[11.5988742,48.121373],[11.5988982,48.1213339],[11.5988717,48.1213267],[11.5988531,48.1213216],[11.5988266,48.1213648],[11.5988001,48.1214079],[11.5987594,48.1214742]]],[[[11.6001924,48.1191272],[11.600252,48.1191407],[11.6001467,48.1193479],[11.6000871,48.1193344],[11.6001278,48.1192543],[11.6001505,48.1192096],[11.6001924,48.1191272]]],[[[11.5793371,48.1109557],[11.579248,48.1108939],[11.5792043,48.1108636],[11.5791543,48.110829],[11.5791786,48.1108133],[11.5793614,48.11094],[11.5793371,48.1109557]]],[[[11.5797349,48.111126],[11.5797731,48.1111034],[11.5798685,48.1111752],[11.5799194,48.1112136],[11.5799322,48.1112233],[11.579894,48.1112459],[11.5797349,48.111126]]],[[[11.5752016,48.111988],[11.5751886,48.1119575],[11.5755828,48.1118825],[11.5755892,48.1118974],[11.5755958,48.1119129],[11.5752016,48.111988]]],[[[11.5766838,48.1125083],[11.5766548,48.1124431],[11.5766254,48.1123567],[11.5766565,48.1123522],[11.5766741,48.1124045],[11.5766855,48.1124381],[11.5767079,48.1125047],[11.5766838,48.1125083]]],[[[11.6026908,48.115851],[11.6027348,48.1158703],[11.6027997,48.1158989],[11.6028839,48.1159359],[11.6028675,48.1159526],[11.6026743,48.1158676],[11.6026908,48.115851]]],[[[11.5966231,48.1151373],[11.5966247,48.1151048],[11.596957,48.1151118],[11.5969554,48.1151443],[11.5968006,48.1151411],[11.5967323,48.1151396],[11.5966231,48.1151373]]],[[[11.5966237,48.1149523],[11.5969341,48.114956],[11.5969346,48.1149358],[11.5968765,48.1149351],[11.5968076,48.1149343],[11.5966242,48.1149321],[11.5966237,48.1149523]]],[[[11.5073302,48.1125902],[11.5075803,48.1126255],[11.5075848,48.1126114],[11.5075899,48.1125953],[11.5073398,48.1125599],[11.5073302,48.1125902]]],[[[11.5923992,48.1145274],[11.5923544,48.1145226],[11.5923128,48.1146957],[11.5923576,48.1147005],[11.5923992,48.1145274]]],[[[11.5927329,48.1145841],[11.5927598,48.1145857],[11.5927785,48.1144466],[11.5927516,48.114445],[11.5927329,48.1145841]]],[[[11.6016377,48.1805231],[11.6014721,48.1806026],[11.6014627,48.180594],[11.6014536,48.1805855],[11.6016192,48.180506],[11.6016286,48.1805147],[11.6016377,48.1805231]]],[[[11.5695678,48.0931026],[11.5697543,48.0931852],[11.5697269,48.0932128],[11.5696664,48.0931861],[11.569604,48.0931584],[11.5695739,48.0931451],[11.5695404,48.0931302],[11.5695678,48.0931026]]],[[[11.5698101,48.0930332],[11.5699424,48.093092],[11.5700063,48.0931204],[11.5700247,48.0931286],[11.5700025,48.0931509],[11.5697879,48.0930555],[11.5698101,48.0930332]]],[[[11.5830172,48.1185357],[11.5831259,48.1186498],[11.5831484,48.1186402],[11.5830328,48.1185293],[11.5830172,48.1185357]]],[[[11.5718914,48.113736],[11.5719785,48.1139164],[11.5719412,48.1139245],[11.5719082,48.1138561],[11.571882,48.1138017],[11.5718542,48.113744],[11.5718914,48.113736]]],[[[11.5717946,48.1133263],[11.5718293,48.1133188],[11.5718444,48.1133496],[11.5718722,48.1134064],[11.5719075,48.1134783],[11.5718728,48.1134859],[11.5717946,48.1133263]]],[[[11.6099812,48.1509415],[11.6099782,48.1509467],[11.609791,48.150898],[11.6097941,48.1508927],[11.6097962,48.150889],[11.6099835,48.1509377],[11.6099812,48.1509415]]],[[[11.4214904,48.1471059],[11.421514,48.1471097],[11.4215542,48.1469987],[11.4215306,48.1469949],[11.4214904,48.1471059]]],[[[11.4767028,48.1637843],[11.4766967,48.1637551],[11.4768898,48.1637373],[11.4768958,48.1637666],[11.4767028,48.1637843]]],[[[11.4132627,48.1641017],[11.4133306,48.1639579],[11.4133734,48.1639669],[11.4133055,48.1641107],[11.4132627,48.1641017]]],[[[11.4184051,48.1539821],[11.4184338,48.1539919],[11.4185118,48.15389],[11.4184831,48.1538802],[11.4184051,48.1539821]]],[[[11.4183748,48.1542155],[11.4183966,48.1542231],[11.4184794,48.1541168],[11.4184576,48.1541093],[11.4183748,48.1542155]]],[[[11.4337735,48.1493801],[11.433782,48.1493613],[11.4338538,48.149379],[11.4339391,48.1494008],[11.4339808,48.1494142],[11.4340229,48.1494283],[11.4340079,48.149443],[11.4339682,48.1494283],[11.4339215,48.1494139],[11.4338543,48.1493971],[11.4337735,48.1493801]]],[[[11.4333569,48.149205],[11.4333626,48.1491771],[11.4334414,48.1491818],[11.4335372,48.1491923],[11.4335926,48.1492013],[11.4335819,48.1492282],[11.4335209,48.1492183],[11.4334534,48.1492107],[11.4333569,48.149205]]],[[[11.4889471,48.183912],[11.4889518,48.1838997],[11.4889569,48.1838865],[11.4888819,48.1838737],[11.4888255,48.1838642],[11.4887176,48.1838459],[11.4887124,48.1838595],[11.4887078,48.1838714],[11.4889471,48.183912]]],[[[11.4892089,48.1840627],[11.4892126,48.1840512],[11.4892165,48.1840388],[11.4894425,48.184071],[11.4894396,48.1840799],[11.4894349,48.1840948],[11.4892847,48.1840735],[11.4892324,48.184066],[11.4892089,48.1840627]]],[[[11.505214,48.1805583],[11.5051991,48.1805376],[11.5051822,48.1805152],[11.504982,48.1805815],[11.5049991,48.1806045],[11.5050141,48.1806245],[11.505214,48.1805583]]],[[[11.5059889,48.1807089],[11.5060038,48.1807015],[11.5060596,48.1806738],[11.5059297,48.1805572],[11.5058716,48.180586],[11.5058589,48.1805923],[11.5059889,48.1807089]]],[[[11.5061648,48.1808667],[11.5061829,48.1808579],[11.5062314,48.1808344],[11.5061025,48.180716],[11.5060497,48.1807415],[11.5060359,48.1807482],[11.5061648,48.1808667]]],[[[11.4648931,48.1463662],[11.4648874,48.1463498],[11.4646692,48.1463835],[11.4646749,48.1463999],[11.4648931,48.1463662]]],[[[11.5008939,48.18364],[11.5008944,48.1836035],[11.5010909,48.1836048],[11.5011437,48.1836051],[11.5011432,48.1836364],[11.5010903,48.1836361],[11.5010633,48.1836359],[11.501063,48.1836555],[11.5010535,48.1836554],[11.5009817,48.1836549],[11.5009763,48.1836549],[11.5009765,48.1836405],[11.5008939,48.18364]]],[[[11.501136,48.1835268],[11.5011355,48.1834925],[11.5010752,48.1834929],[11.5010688,48.1834929],[11.5010685,48.183471],[11.5009741,48.1834716],[11.5009744,48.1834935],[11.5009012,48.183494],[11.5009017,48.1835283],[11.5010834,48.1835271],[11.501136,48.1835268]]],[[[11.4600174,48.1488399],[11.4600215,48.1488327],[11.4600279,48.1488216],[11.4598786,48.1487835],[11.4598719,48.1487951],[11.4598681,48.1488017],[11.4600174,48.1488399]]],[[[11.4206012,48.1500269],[11.4206529,48.1498897],[11.4206791,48.1498941],[11.4206275,48.1500313],[11.4206012,48.1500269]]],[[[11.4540194,48.1483329],[11.4540434,48.1483249],[11.4540509,48.1483348],[11.4541494,48.1484648],[11.4541254,48.1484729],[11.4540273,48.1483434],[11.4540194,48.1483329]]],[[[11.4541321,48.1480534],[11.4541696,48.148041],[11.4541822,48.1480579],[11.4542056,48.1480895],[11.4542576,48.1481596],[11.4542719,48.1481788],[11.4542344,48.1481912],[11.4542195,48.1481712],[11.4541321,48.1480534]]],[[[11.4743615,48.1773786],[11.4743739,48.1773777],[11.4743813,48.1773771],[11.4743988,48.1773758],[11.4744084,48.1774323],[11.474418,48.1774882],[11.4743806,48.177491],[11.4743789,48.1774806],[11.4743703,48.1774303],[11.4743615,48.1773786]]],[[[11.4742317,48.1773556],[11.4742468,48.1773549],[11.4742595,48.1773544],[11.4742583,48.1773431],[11.4742519,48.1772801],[11.4742377,48.1772807],[11.474224,48.1772814],[11.4742301,48.1773408],[11.4742317,48.1773556]]],[[[11.4792892,48.088226],[11.4792747,48.0882327],[11.4792596,48.0882389],[11.479424,48.0883967],[11.4794512,48.0883848],[11.4794691,48.0883773],[11.4793792,48.088318],[11.4792892,48.088226]]],[[[11.5906778,48.1223986],[11.5906856,48.1223752],[11.5909638,48.1224166],[11.590956,48.1224401],[11.5906778,48.1223986]]],[[[11.5932299,48.1235432],[11.5933279,48.1235417],[11.5933291,48.1235081],[11.5932772,48.1235089],[11.5932284,48.1235096],[11.5932299,48.1235432]]],[[[11.5933636,48.1233771],[11.5933635,48.1233613],[11.5935197,48.1233597],[11.5935197,48.1233766],[11.5934465,48.1233768],[11.5933636,48.1233771]]],[[[11.5204729,48.1092006],[11.5205489,48.1091264],[11.5205821,48.109094],[11.5205579,48.109083],[11.5204487,48.1091896],[11.5204729,48.1092006]]],[[[11.5196101,48.1096548],[11.5197839,48.1094952],[11.5197645,48.1094858],[11.5195907,48.1096454],[11.5196101,48.1096548]]],[[[11.5655471,48.1923247],[11.5655484,48.1923146],[11.5655684,48.1921537],[11.5655946,48.1921551],[11.5655745,48.1923163],[11.5655733,48.1923261],[11.5655471,48.1923247]]],[[[11.6048347,48.1354866],[11.6048336,48.135474],[11.6049687,48.1354685],[11.6049698,48.1354811],[11.6048347,48.1354866]]],[[[11.6047548,48.135762],[11.6047514,48.1357242],[11.6051097,48.1357101],[11.605113,48.1357479],[11.6047548,48.135762]]],[[[11.6049693,48.1332607],[11.6049201,48.1332646],[11.6049491,48.1334105],[11.6049928,48.1334096],[11.6049693,48.1332607]]],[[[11.6051245,48.1323299],[11.6051644,48.1323292],[11.6051721,48.1323291],[11.6051664,48.1321853],[11.6051188,48.1321861],[11.6051245,48.1323299]]],[[[11.5993021,48.1355189],[11.5993023,48.1355071],[11.5993025,48.1354909],[11.5993736,48.1354912],[11.5993738,48.1354731],[11.5994513,48.1354736],[11.5994511,48.1354916],[11.5995268,48.135492],[11.5995266,48.1355093],[11.5995265,48.13552],[11.5993021,48.1355189]]],[[[11.5997941,48.1355212],[11.5997946,48.1355129],[11.5997957,48.1354973],[11.5998769,48.1354998],[11.5998781,48.1354828],[11.5999531,48.1354851],[11.5999519,48.1355021],[11.6000151,48.135504],[11.600014,48.1355198],[11.6000134,48.135528],[11.5997941,48.1355212]]],[[[11.6005246,48.1357599],[11.6005264,48.1357424],[11.6006806,48.1357497],[11.6006787,48.1357672],[11.6005981,48.1357634],[11.6005246,48.1357599]]],[[[11.5238795,48.1513459],[11.523887,48.1513134],[11.5237313,48.1512972],[11.5236172,48.1512854],[11.5236123,48.1513078],[11.5236102,48.151318],[11.5238795,48.1513459]]],[[[11.5238452,48.1514708],[11.5238563,48.1514251],[11.5235928,48.1513964],[11.5235822,48.1514422],[11.5238452,48.1514708]]],[[[11.5353579,48.1460943],[11.5353896,48.1460842],[11.535224,48.1458938],[11.5351984,48.1459065],[11.5353579,48.1460943]]],[[[11.5365921,48.1465859],[11.5365505,48.1465845],[11.5365911,48.1466503],[11.5366043,48.1466732],[11.5366306,48.146719],[11.5366605,48.146771],[11.5367015,48.1467711],[11.5366777,48.1467296],[11.5366511,48.1466812],[11.5366187,48.1466277],[11.5365921,48.1465859]]],[[[11.5241273,48.1360721],[11.5241663,48.1360961],[11.5241835,48.1360836],[11.5243328,48.1359754],[11.5243411,48.1359694],[11.5243021,48.1359455],[11.5241446,48.1360596],[11.5241273,48.1360721]]],[[[11.5236166,48.1362148],[11.5236494,48.1362362],[11.5238157,48.1361231],[11.523829,48.1361141],[11.5237963,48.1360927],[11.5237814,48.1361027],[11.5236313,48.1362048],[11.5236166,48.1362148]]],[[[11.5344032,48.1362681],[11.5344301,48.1362659],[11.5344446,48.1362647],[11.5344904,48.1365138],[11.5344671,48.1365158],[11.5344491,48.1365172],[11.5344032,48.1362681]]],[[[11.5342131,48.1363115],[11.5342231,48.1363108],[11.5342621,48.1363082],[11.5342955,48.1365265],[11.534269,48.1365283],[11.5342466,48.1365299],[11.5342131,48.1363115]]],[[[11.5196561,48.1437162],[11.5196061,48.1435698],[11.5196446,48.1435639],[11.5196946,48.1437103],[11.5196561,48.1437162]]],[[[11.5342986,48.1349158],[11.5342971,48.1349068],[11.5342955,48.1348973],[11.5345735,48.1348763],[11.5345766,48.1348948],[11.5342986,48.1349158]]],[[[11.5341119,48.1351633],[11.5341364,48.1351604],[11.5341558,48.1351581],[11.5341744,48.1352278],[11.5341879,48.1352783],[11.5342047,48.1353415],[11.5341608,48.1353467],[11.5341119,48.1351633]]],[[[11.5337962,48.1346899],[11.5338508,48.1346843],[11.5339041,48.1349152],[11.5338495,48.1349208],[11.5338469,48.1349098],[11.5338164,48.1347775],[11.5338047,48.1347268],[11.5337994,48.1347039],[11.5337962,48.1346899]]],[[[11.5187245,48.1398204],[11.518745,48.1398337],[11.5189306,48.139707],[11.5189101,48.1396936],[11.5189042,48.1396976],[11.5187337,48.1398141],[11.5187245,48.1398204]]],[[[11.5337804,48.152674],[11.5337535,48.1526465],[11.5335173,48.1527492],[11.533509,48.1527529],[11.5335359,48.1527803],[11.5337804,48.152674]]],[[[11.5325511,48.1529778],[11.532556,48.1529624],[11.5325591,48.1529525],[11.5327402,48.1529778],[11.5328137,48.1529881],[11.5328101,48.1529995],[11.5328057,48.1530135],[11.5325511,48.1529778]]],[[[11.5341046,48.152759],[11.53412,48.1527775],[11.533951,48.1528402],[11.5339108,48.152855],[11.533833,48.1528839],[11.5338186,48.152866],[11.5341046,48.152759]]],[[[11.5338276,48.1526863],[11.5338107,48.1526638],[11.5338029,48.1526533],[11.5340831,48.1525599],[11.5341078,48.1525929],[11.5338276,48.1526863]]],[[[11.5348041,48.1397527],[11.5348327,48.1397529],[11.5348347,48.1396023],[11.5348061,48.1396021],[11.5348041,48.1397527]]],[[[11.5339698,48.139481],[11.5340185,48.1394809],[11.5340195,48.1396088],[11.5339708,48.1396089],[11.5339698,48.139481]]],[[[11.5201232,48.1463949],[11.5201194,48.1462577],[11.5201179,48.1462043],[11.5201152,48.1461061],[11.5201554,48.1461056],[11.5201635,48.1463944],[11.5201232,48.1463949]]],[[[11.5277071,48.151931],[11.5277903,48.1519575],[11.5278653,48.1519814],[11.5279172,48.1519979],[11.5279217,48.1519916],[11.5279379,48.151969],[11.5277278,48.151902],[11.5277195,48.1519137],[11.5277071,48.151931]]],[[[11.5279249,48.1518442],[11.5279375,48.1518234],[11.5279467,48.1518082],[11.5280202,48.1518271],[11.5280255,48.1518288],[11.5280944,48.1518505],[11.5281922,48.1518813],[11.5281778,48.1519027],[11.5281649,48.1519199],[11.5279249,48.1518442]]],[[[11.6895977,48.1355643],[11.6898506,48.1355666],[11.6898515,48.1355233],[11.6895986,48.1355209],[11.6895977,48.1355643]]],[[[11.6854782,48.1408331],[11.6854952,48.1408094],[11.6855963,48.1408416],[11.685664,48.1408633],[11.685792,48.1409041],[11.6857749,48.140928],[11.6854782,48.1408331]]],[[[11.6235935,48.1665431],[11.6236578,48.1665221],[11.6237077,48.1665897],[11.6237577,48.1666681],[11.6236991,48.1666872],[11.6236381,48.1666039],[11.6236063,48.1665606],[11.6235935,48.1665431]]],[[[11.6799278,48.1327822],[11.6799532,48.1327738],[11.6798658,48.1326563],[11.6798403,48.1326647],[11.6799278,48.1327822]]],[[[11.6797109,48.132684],[11.679746,48.1326722],[11.6798546,48.1328158],[11.6798195,48.1328276],[11.6797906,48.1327893],[11.6797642,48.1327545],[11.6797109,48.132684]]],[[[11.6801339,48.1403827],[11.6801405,48.1403605],[11.6799035,48.140329],[11.6798968,48.1403511],[11.6801339,48.1403827]]],[[[11.6796926,48.1410171],[11.6797092,48.1410309],[11.6798879,48.140935],[11.6798713,48.1409212],[11.6796926,48.1410171]]],[[[11.6800183,48.1407392],[11.6800737,48.1407108],[11.6801332,48.1406803],[11.6802527,48.1406189],[11.6802783,48.1406411],[11.6800439,48.1407614],[11.6800183,48.1407392]]],[[[11.6894527,48.1294225],[11.6895039,48.1294225],[11.6895038,48.1294525],[11.6892283,48.129452],[11.6892284,48.129422],[11.6893933,48.1294223],[11.6894527,48.1294225]]],[[[11.6892465,48.1295351],[11.6893081,48.1295352],[11.689391,48.1295354],[11.6894661,48.1295356],[11.6895187,48.1295357],[11.6895188,48.1295089],[11.6892467,48.1295082],[11.6892465,48.1295351]]],[[[11.7009815,48.143847],[11.7010392,48.1438522],[11.7012353,48.1438699],[11.7012272,48.1439104],[11.7010291,48.1438925],[11.7009734,48.1438875],[11.7009815,48.143847]]],[[[11.6947979,48.1294822],[11.6947979,48.1294548],[11.6946548,48.1294546],[11.6944702,48.1294544],[11.6944701,48.1294818],[11.6947979,48.1294822]]],[[[11.6946977,48.1295694],[11.6946978,48.1295426],[11.6943791,48.1295423],[11.6943791,48.1295691],[11.6946049,48.1295693],[11.6946977,48.1295694]]],[[[11.6220574,48.1646977],[11.622012,48.1647091],[11.6219212,48.1645471],[11.6219666,48.1645358],[11.6220574,48.1646977]]],[[[11.6218205,48.163998],[11.6218399,48.1639936],[11.6218681,48.1639871],[11.6218567,48.1639651],[11.6218325,48.1639182],[11.6217934,48.1638425],[11.6217458,48.1638534],[11.6218205,48.163998]]],[[[11.7033753,48.1332649],[11.7036708,48.1332665],[11.703671,48.1332451],[11.7033754,48.133244],[11.7033753,48.1332649]]],[[[11.7030094,48.1332646],[11.7032234,48.133265],[11.7032575,48.133265],[11.7032575,48.1332558],[11.7032576,48.1332443],[11.7030095,48.1332438],[11.7030094,48.1332552],[11.7030094,48.1332646]]],[[[11.703906,48.1332678],[11.704181,48.1332692],[11.7042116,48.1332693],[11.7042117,48.1332455],[11.7039061,48.1332447],[11.703906,48.1332678]]],[[[11.6893203,48.1335362],[11.6893209,48.1334933],[11.6894397,48.1334941],[11.689733,48.133496],[11.6897327,48.1335166],[11.6897324,48.1335388],[11.6894388,48.1335369],[11.6893203,48.1335362]]],[[[11.690214,48.1333631],[11.6902142,48.1333455],[11.6902146,48.1333213],[11.6901857,48.1333211],[11.6901179,48.1333207],[11.6899745,48.1333203],[11.6898714,48.133319],[11.6898708,48.1333609],[11.6901847,48.1333629],[11.690214,48.1333631]]],[[[11.6996283,48.1295986],[11.6996284,48.1295905],[11.6996287,48.1295755],[11.6998686,48.1295777],[11.6998683,48.1295922],[11.6998681,48.1296008],[11.6996283,48.1295986]]],[[[11.6998829,48.1295113],[11.6998833,48.1294791],[11.6998353,48.1294789],[11.6998354,48.1294663],[11.6997538,48.129466],[11.6997538,48.1294747],[11.6997075,48.1294745],[11.6996882,48.1294745],[11.6996446,48.1294743],[11.6996442,48.1295102],[11.6998829,48.1295113]]],[[[11.6845692,48.1355202],[11.6845686,48.1354832],[11.684933,48.1354845],[11.6849341,48.1355219],[11.6845692,48.1355202]]],[[[11.6846015,48.135426],[11.6846022,48.1353851],[11.6849201,48.1353874],[11.6849194,48.1354284],[11.6846015,48.135426]]],[[[11.6304357,48.1763102],[11.6304917,48.1763105],[11.6304895,48.1764728],[11.6304335,48.1764725],[11.6304357,48.1763102]]],[[[11.6306443,48.1765313],[11.6306697,48.176532],[11.6306797,48.1763775],[11.6306542,48.1763768],[11.6306443,48.1765313]]],[[[11.6312844,48.1759762],[11.6312809,48.1759548],[11.6311514,48.1759643],[11.63107,48.1759703],[11.6310376,48.1759726],[11.6310412,48.1759941],[11.6312844,48.1759762]]],[[[11.6307965,48.176877],[11.6308005,48.176751],[11.6308113,48.1767512],[11.6308304,48.1767514],[11.6308607,48.1767519],[11.6308593,48.1767978],[11.6308289,48.1767974],[11.6308264,48.1768774],[11.6308134,48.1768772],[11.6307965,48.176877]]],[[[11.7022664,48.1295066],[11.7025527,48.1295074],[11.7025526,48.1295208],[11.7025525,48.1295357],[11.7022662,48.1295348],[11.7022663,48.1295222],[11.7022664,48.1295066]]],[[[11.7027007,48.129902],[11.7027012,48.1297361],[11.7027012,48.1297201],[11.7027675,48.1297201],[11.7027674,48.1297365],[11.7027669,48.1299021],[11.7027007,48.129902]]],[[[11.6768055,48.1293087],[11.6768366,48.1292946],[11.6767636,48.1292228],[11.6767318,48.1291915],[11.6766767,48.1291373],[11.6766455,48.1291514],[11.6768055,48.1293087]]],[[[11.6763143,48.1289942],[11.6763418,48.1290231],[11.6763843,48.1290051],[11.6762377,48.1288512],[11.6761953,48.1288692],[11.6762876,48.1289662],[11.6763143,48.1289942]]],[[[11.5220096,48.1818831],[11.521805,48.1818788],[11.5218055,48.1818682],[11.5220101,48.1818725],[11.5220096,48.1818831]]],[[[11.5254181,48.1820507],[11.5256946,48.1820542],[11.5256952,48.1820344],[11.5254187,48.1820309],[11.5254181,48.1820507]]],[[[11.525426,48.181952],[11.5254253,48.1819697],[11.5251586,48.1819652],[11.5251593,48.1819475],[11.525426,48.181952]]],[[[11.5816211,48.1040327],[11.5815433,48.1041684],[11.5815353,48.1041824],[11.5815633,48.1041895],[11.5816491,48.1040398],[11.5816211,48.1040327]]],[[[11.63511,48.1382748],[11.635147,48.1382647],[11.6351177,48.1382169],[11.6350509,48.1381076],[11.6350324,48.1381126],[11.6350138,48.1381177],[11.63511,48.1382748]]],[[[11.6373654,48.1412893],[11.6373529,48.1412984],[11.6375255,48.1414043],[11.637538,48.1413951],[11.6374256,48.1413262],[11.6373654,48.1412893]]],[[[11.6368083,48.1410215],[11.6369685,48.1411565],[11.6369852,48.1411476],[11.636825,48.1410127],[11.6368083,48.1410215]]],[[[11.4686362,48.1403677],[11.4686418,48.1403528],[11.4686515,48.1403265],[11.4687523,48.1403431],[11.4687575,48.1403293],[11.4688245,48.1403404],[11.4688188,48.1403556],[11.4688942,48.140368],[11.4688857,48.1403909],[11.4688794,48.1404079],[11.4686362,48.1403677]]],[[[11.4677999,48.1403799],[11.4677985,48.1404023],[11.4678229,48.140403],[11.4678943,48.140405],[11.4680426,48.1404092],[11.4680434,48.1403959],[11.468044,48.1403867],[11.4677999,48.1403799]]],[[[11.4900366,48.1444831],[11.4900402,48.1444995],[11.4900436,48.1445152],[11.4901733,48.1445027],[11.4902539,48.144495],[11.4903717,48.1444836],[11.4903648,48.1444515],[11.4900366,48.1444831]]],[[[11.5373024,48.1349921],[11.5375654,48.1349753],[11.5375673,48.1349886],[11.5375683,48.1349955],[11.5373053,48.1350123],[11.5373041,48.1350036],[11.5373024,48.1349921]]],[[[11.5372572,48.1348844],[11.537256,48.1348759],[11.5372542,48.1348634],[11.5373254,48.134859],[11.5375187,48.1348469],[11.5375201,48.1348572],[11.5375216,48.1348679],[11.5372572,48.1348844]]],[[[11.5876907,48.1046351],[11.587687,48.1046545],[11.587977,48.1046797],[11.5879808,48.1046603],[11.5876907,48.1046351]]],[[[11.5724193,48.1353566],[11.5724175,48.1353613],[11.5724103,48.1353807],[11.572323,48.1353662],[11.5722462,48.1353535],[11.5721782,48.1353422],[11.5721854,48.1353229],[11.5721872,48.135318],[11.5724193,48.1353566]]],[[[11.5728296,48.1354091],[11.5726042,48.1353036],[11.5725737,48.1352926],[11.5725389,48.1352832],[11.5725464,48.1352767],[11.5725673,48.1352585],[11.5726752,48.1353088],[11.5727404,48.1353389],[11.5728493,48.1353894],[11.5728336,48.1354051],[11.5728296,48.1354091]]],[[[11.5402644,48.1260583],[11.5402276,48.1260497],[11.5402777,48.1259546],[11.5403241,48.1258665],[11.5403609,48.1258752],[11.5402644,48.1260583]]],[[[11.5406043,48.1257531],[11.5406378,48.1257609],[11.5406986,48.1256448],[11.5407296,48.1255856],[11.5406962,48.1255778],[11.5406043,48.1257531]]],[[[11.5409743,48.1254653],[11.5412014,48.1255131],[11.5411902,48.125537],[11.5411076,48.1255196],[11.540963,48.1254892],[11.5409743,48.1254653]]],[[[11.5390987,48.127993],[11.5391224,48.1280015],[11.5391566,48.1280139],[11.5392679,48.1278762],[11.53921,48.1278553],[11.5390987,48.127993]]],[[[11.5391222,48.1278295],[11.5390606,48.1278076],[11.5389561,48.1279381],[11.5389986,48.1279533],[11.5390177,48.1279601],[11.5391222,48.1278295]]],[[[11.5361286,48.1257832],[11.5361528,48.1258054],[11.536414,48.1256789],[11.5363898,48.1256566],[11.5361286,48.1257832]]],[[[11.5356469,48.1259734],[11.5356635,48.1259597],[11.5354557,48.1258473],[11.5354276,48.1258704],[11.5354007,48.1258926],[11.5355965,48.1259985],[11.5356085,48.126005],[11.5356304,48.125987],[11.5356469,48.1259734]]],[[[11.5357907,48.1265621],[11.5358358,48.1265747],[11.535733,48.1267387],[11.5356879,48.1267261],[11.5357907,48.1265621]]],[[[11.497094,48.1437994],[11.4970985,48.1438213],[11.4971435,48.1438172],[11.4971911,48.1438129],[11.4972581,48.1438069],[11.4973786,48.143796],[11.4973741,48.1437741],[11.497094,48.1437994]]],[[[11.6196189,48.1373],[11.6197962,48.1373188],[11.6198657,48.1373245],[11.619955,48.1373296],[11.6199566,48.1373125],[11.6198926,48.1373101],[11.6198777,48.1373082],[11.619865,48.1373053],[11.619855,48.1373],[11.6198449,48.1372908],[11.6198285,48.1372741],[11.6196276,48.1372797],[11.6196189,48.1373]]],[[[11.6195655,48.1374605],[11.6195907,48.1374649],[11.6196759,48.1374799],[11.6196703,48.137494],[11.6197631,48.1375102],[11.6197695,48.1374939],[11.6198524,48.1375084],[11.6198586,48.1374925],[11.6198609,48.1374867],[11.6195749,48.1374366],[11.6195655,48.1374605]]],[[[11.6216267,48.1261826],[11.6215728,48.126187],[11.6215981,48.1263234],[11.621652,48.1263189],[11.6216267,48.1261826]]],[[[11.6195233,48.1246778],[11.6195226,48.1246947],[11.6192719,48.1246902],[11.6192017,48.124689],[11.6192024,48.1246721],[11.6192717,48.1246733],[11.6195233,48.1246778]]],[[[11.6193812,48.1245755],[11.6193704,48.1245999],[11.6193314,48.1246016],[11.6190833,48.1246125],[11.6190641,48.1245912],[11.6192101,48.124584],[11.6192889,48.1245808],[11.6193334,48.1245782],[11.6193812,48.1245755]]],[[[11.5326866,48.2088164],[11.5327258,48.208828],[11.5327301,48.2088293],[11.5328238,48.2086887],[11.5328194,48.2086875],[11.5327802,48.2086759],[11.5326866,48.2088164]]],[[[11.5328611,48.2088635],[11.5329589,48.2087251],[11.5329258,48.2087147],[11.532922,48.2087135],[11.5328242,48.2088519],[11.5328287,48.2088533],[11.5328611,48.2088635]]],[[[11.596592,48.1829082],[11.5965899,48.1829051],[11.5965796,48.1828898],[11.596527,48.1829056],[11.5964856,48.1829181],[11.5963927,48.182946],[11.5964016,48.1829592],[11.596405,48.1829643],[11.596592,48.1829082]]],[[[11.5966883,48.1830313],[11.5966817,48.1830212],[11.5966705,48.1830038],[11.5968772,48.1829445],[11.5968841,48.1829552],[11.596895,48.1829721],[11.5969048,48.1829873],[11.5968392,48.183006],[11.5968295,48.1829909],[11.5966883,48.1830313]]],[[[11.5518107,48.1855628],[11.5519357,48.1854041],[11.5519916,48.1854236],[11.5518665,48.1855823],[11.5518107,48.1855628]]],[[[11.5503518,48.1861899],[11.5506179,48.1861839],[11.5506168,48.186161],[11.5503507,48.1861669],[11.5503518,48.1861899]]],[[[11.5754298,48.1843622],[11.5754277,48.1843424],[11.5752526,48.1843503],[11.5750825,48.1843579],[11.5751144,48.1843705],[11.5751459,48.1843737],[11.5754298,48.1843622]]],[[[11.5753237,48.1844335],[11.5753248,48.1844438],[11.575326,48.1844556],[11.5755734,48.1844443],[11.575572,48.1844307],[11.5755712,48.1844222],[11.5753237,48.1844335]]],[[[11.5577301,48.1863801],[11.5577342,48.1863574],[11.5575823,48.1863451],[11.557378,48.1863284],[11.5573738,48.1863511],[11.5577301,48.1863801]]],[[[11.5488818,48.1916282],[11.5489146,48.1916373],[11.5490417,48.1914322],[11.5490089,48.1914232],[11.5488818,48.1916282]]],[[[11.5489667,48.1912154],[11.5489969,48.1912241],[11.5488945,48.1913883],[11.5488877,48.1913832],[11.5488841,48.1913736],[11.5488846,48.191354],[11.5488913,48.1913384],[11.5489026,48.1913176],[11.5489667,48.1912154]]],[[[11.6308412,48.1669202],[11.630806,48.1669422],[11.6306428,48.1668259],[11.630678,48.1668039],[11.6308412,48.1669202]]],[[[11.5394384,48.1114337],[11.5394537,48.1112239],[11.5394113,48.1112225],[11.5393886,48.1112218],[11.5393844,48.11128],[11.539355,48.111279],[11.5393504,48.1113423],[11.5393781,48.1113432],[11.5393717,48.1114315],[11.5393951,48.1114323],[11.5394384,48.1114337]]],[[[11.5401191,48.1071603],[11.5401328,48.1069807],[11.540165,48.1069818],[11.5401572,48.1070847],[11.5401882,48.1070857],[11.5401844,48.1071366],[11.540152,48.1071355],[11.54015,48.1071613],[11.5401191,48.1071603]]],[[[11.5794577,48.1295092],[11.5794753,48.1294939],[11.5796253,48.1295708],[11.5796076,48.1295862],[11.5794577,48.1295092]]],[[[11.5790791,48.1291216],[11.579097,48.1291045],[11.5789419,48.1290322],[11.578924,48.1290493],[11.5790791,48.1291216]]],[[[11.5830966,48.1265985],[11.5830763,48.1265789],[11.5830654,48.1265683],[11.5830483,48.1265762],[11.5829756,48.1266097],[11.582867,48.1266597],[11.5828981,48.1266898],[11.5830966,48.1265985]]],[[[11.5344665,48.1284803],[11.5344733,48.1284725],[11.5345987,48.1283283],[11.5346333,48.1283417],[11.5345071,48.1284868],[11.5345011,48.1284937],[11.5344665,48.1284803]]],[[[11.5342601,48.1283657],[11.534284,48.1283758],[11.53441,48.1282427],[11.5344222,48.1282298],[11.5343983,48.1282197],[11.5343856,48.1282332],[11.5342601,48.1283657]]],[[[11.5574034,48.1213475],[11.5574,48.1213389],[11.5574007,48.1213318],[11.5574035,48.1213261],[11.5575988,48.1214513],[11.5576132,48.1214609],[11.557594,48.1214732],[11.5574034,48.1213475]]],[[[11.5592468,48.1225409],[11.5590871,48.1224442],[11.5591261,48.1224146],[11.5592808,48.1225195],[11.5592468,48.1225409]]],[[[11.5740568,48.1332547],[11.5740495,48.1332501],[11.5740314,48.1332388],[11.574185,48.1331294],[11.5742023,48.1331402],[11.5742105,48.1331453],[11.5741263,48.1332052],[11.574097,48.1332261],[11.5740568,48.1332547]]],[[[11.5738917,48.1330751],[11.5739462,48.1330367],[11.5739672,48.13305],[11.5739779,48.1330567],[11.5737835,48.133194],[11.5737726,48.1331872],[11.5737517,48.1331739],[11.5738464,48.1331071],[11.5738917,48.1330751]]],[[[11.5754961,48.132182],[11.5754762,48.1321697],[11.5754651,48.1321628],[11.5756345,48.1320409],[11.5756429,48.1320461],[11.5756655,48.1320601],[11.5754961,48.132182]]],[[[11.5749091,48.1323855],[11.5749362,48.1323652],[11.5749872,48.1323272],[11.5750123,48.1323084],[11.5750734,48.1322628],[11.5751016,48.1322797],[11.5749372,48.1324023],[11.5749091,48.1323855]]],[[[11.5765279,48.1205675],[11.5765445,48.1205265],[11.5765688,48.1205309],[11.576572,48.1205314],[11.5766319,48.1205423],[11.5766547,48.1205464],[11.5766511,48.1205551],[11.5767534,48.1205736],[11.5767439,48.1205971],[11.5767404,48.1206059],[11.5765555,48.1205725],[11.5765279,48.1205675]]],[[[11.5765205,48.1207313],[11.5765266,48.1207153],[11.5765301,48.1207062],[11.5765648,48.120712],[11.5765752,48.1207138],[11.5766443,48.1207255],[11.5766493,48.1207123],[11.5766531,48.1207024],[11.5765678,48.1206879],[11.5764426,48.1206668],[11.5764368,48.1206821],[11.5764243,48.120715],[11.5764439,48.1207184],[11.5765205,48.1207313]]],[[[11.565192,48.1078658],[11.5652174,48.1078555],[11.5650911,48.1077168],[11.5650657,48.1077272],[11.565192,48.1078658]]],[[[11.564837,48.1077959],[11.5648644,48.1077852],[11.5649748,48.1079113],[11.5649474,48.107922],[11.564837,48.1077959]]],[[[11.5670791,48.1099794],[11.5671118,48.1099659],[11.5672357,48.1100994],[11.5672031,48.1101129],[11.5670791,48.1099794]]],[[[11.5668408,48.1100599],[11.5668796,48.1100443],[11.5670086,48.1101843],[11.5669844,48.1101937],[11.5669362,48.1101573],[11.5669065,48.1101301],[11.5668408,48.1100599]]],[[[11.5816241,48.1247172],[11.581657,48.124701],[11.5814835,48.1245445],[11.5814506,48.1245608],[11.5816241,48.1247172]]],[[[11.5802482,48.1239942],[11.5802753,48.1239777],[11.5803558,48.1240369],[11.5803287,48.1240533],[11.5802482,48.1239942]]],[[[11.5892145,48.1245467],[11.58919,48.1245355],[11.5890365,48.1246851],[11.589053,48.1246927],[11.589061,48.1246963],[11.5892145,48.1245467]]],[[[11.5891901,48.1247293],[11.5892052,48.124736],[11.5892263,48.1247455],[11.5893418,48.1246308],[11.5893666,48.1246061],[11.5893304,48.1245899],[11.5891901,48.1247293]]],[[[11.5828769,48.1269042],[11.5829223,48.1268854],[11.5829957,48.1268526],[11.5830668,48.126823],[11.58306,48.1268169],[11.5830466,48.1268048],[11.5828512,48.1268772],[11.5828769,48.1269042]]],[[[11.5586082,48.1005696],[11.5588538,48.1006203],[11.558894,48.1006356],[11.5589074,48.1006826],[11.5588867,48.1006711],[11.5588427,48.1006518],[11.5587968,48.1006323],[11.5587554,48.1006183],[11.5587015,48.1006077],[11.5586508,48.1006028],[11.5586025,48.1006017],[11.5586082,48.1005696]]],[[[11.5748056,48.1349955],[11.574846,48.134987],[11.574895,48.1350906],[11.5749009,48.1351032],[11.5748605,48.1351117],[11.5748437,48.1350761],[11.5748056,48.1349955]]],[[[11.5750092,48.1351696],[11.5750484,48.1351632],[11.5750224,48.1350917],[11.5750024,48.1350368],[11.5749632,48.1350432],[11.5750092,48.1351696]]],[[[11.5613461,48.1034769],[11.5613762,48.1034689],[11.5613886,48.1034896],[11.5614605,48.1036095],[11.5614304,48.1036175],[11.5613541,48.1034902],[11.5613461,48.1034769]]],[[[11.5618565,48.104012],[11.5618862,48.1040029],[11.5618648,48.1039718],[11.5618447,48.1039424],[11.5618007,48.1038783],[11.561771,48.1038874],[11.5618565,48.104012]]],[[[11.5539267,48.1231722],[11.5539111,48.123158],[11.5540239,48.1231026],[11.554019,48.1230981],[11.554081,48.1230677],[11.5541212,48.1230479],[11.5541418,48.1230666],[11.5539267,48.1231722]]],[[[11.5535955,48.1234219],[11.5536992,48.1233774],[11.5537439,48.1233582],[11.5538087,48.1233304],[11.5537899,48.1233108],[11.5535767,48.1234023],[11.5535955,48.1234219]]],[[[11.4459225,48.1604894],[11.446123,48.1603347],[11.446142,48.1603456],[11.4459415,48.1605003],[11.4459225,48.1604894]]],[[[11.4460435,48.1603015],[11.4458681,48.1604387],[11.4458254,48.1604144],[11.4458663,48.1603824],[11.4459158,48.1603437],[11.4460008,48.1602772],[11.4460265,48.1602918],[11.4460435,48.1603015]]],[[[11.6487477,48.0984126],[11.6487478,48.0984217],[11.6488823,48.0984207],[11.6488822,48.0984124],[11.648882,48.0984027],[11.6487475,48.0984037],[11.6487477,48.0984126]]],[[[11.6485772,48.0986098],[11.6487117,48.0986048],[11.6487102,48.0985869],[11.6485757,48.0985919],[11.6485772,48.0986098]]],[[[11.6549587,48.0960107],[11.6549931,48.0959998],[11.6549066,48.0958787],[11.6548723,48.0958897],[11.6549587,48.0960107]]],[[[11.6557641,48.0966615],[11.6555955,48.0964239],[11.6556391,48.0964101],[11.6556614,48.0964415],[11.6556767,48.0964631],[11.6557163,48.0965188],[11.6558006,48.0966376],[11.6558077,48.0966476],[11.6557641,48.0966615]]],[[[11.65503,48.0964778],[11.6550402,48.0964912],[11.6550533,48.0965085],[11.6549677,48.0965376],[11.6549,48.0965605],[11.6547279,48.0966189],[11.6547147,48.0966015],[11.6547046,48.0965883],[11.65503,48.0964778]]],[[[11.5659022,48.1307498],[11.5659132,48.1307724],[11.565838,48.1307886],[11.5657876,48.1307996],[11.5657277,48.1308125],[11.5657168,48.13079],[11.5659022,48.1307498]]],[[[11.5640193,48.0904322],[11.5640383,48.0904153],[11.5640554,48.0904],[11.5641905,48.0904675],[11.5641545,48.0904997],[11.5640193,48.0904322]]],[[[11.5631495,48.0900977],[11.5631066,48.0901362],[11.5629963,48.0900815],[11.5629455,48.0900563],[11.5628936,48.0900305],[11.5629364,48.089992],[11.5631495,48.0900977]]],[[[11.5907178,48.1012286],[11.5909265,48.1012815],[11.5909378,48.1012616],[11.5907292,48.1012087],[11.5907178,48.1012286]]],[[[11.5994225,48.0873708],[11.5993824,48.0874464],[11.5993687,48.0874431],[11.599348,48.0874821],[11.5993627,48.0874855],[11.5993463,48.0875164],[11.5993728,48.0875227],[11.599384,48.0875254],[11.5994612,48.0873799],[11.5994508,48.0873775],[11.5994225,48.0873708]]],[[[11.5992935,48.0878652],[11.5993038,48.0878678],[11.5993238,48.0878727],[11.5993886,48.0877554],[11.5993942,48.0877568],[11.5994127,48.0877233],[11.5994195,48.087711],[11.5994237,48.0877034],[11.5994002,48.0876976],[11.5993878,48.0876945],[11.5992935,48.0878652]]],[[[11.593712,48.0914869],[11.5937346,48.0915129],[11.5938607,48.0914641],[11.5939829,48.0914168],[11.5939603,48.0913908],[11.593712,48.0914869]]],[[[11.5937829,48.0913467],[11.5937892,48.0913535],[11.5938127,48.0913786],[11.5935723,48.091479],[11.5935568,48.0914855],[11.593535,48.0914623],[11.5935269,48.0914537],[11.5936937,48.091384],[11.5937536,48.0913589],[11.5937829,48.0913467]]],[[[11.5973018,48.0908437],[11.5973314,48.0908039],[11.5973462,48.0907841],[11.5973842,48.0907967],[11.5972602,48.0909631],[11.5972413,48.0909568],[11.5972222,48.0909505],[11.5972729,48.0908824],[11.5973018,48.0908437]]],[[[11.5819291,48.1038487],[11.5819559,48.1038558],[11.5819887,48.1038011],[11.5820442,48.1037084],[11.5820176,48.1037012],[11.5819617,48.1037943],[11.5819291,48.1038487]]],[[[11.5593554,48.0883746],[11.5593678,48.0883602],[11.5593771,48.0883493],[11.5595399,48.0884114],[11.5595183,48.0884367],[11.5593554,48.0883746]]],[[[11.559646,48.0886379],[11.559668,48.088611],[11.559852,48.0886781],[11.55983,48.088705],[11.5597344,48.0886702],[11.5596639,48.0886444],[11.559646,48.0886379]]],[[[11.601808,48.0927988],[11.6018122,48.0927906],[11.6018261,48.0927632],[11.6021353,48.0928333],[11.6021231,48.0928573],[11.6021172,48.0928689],[11.601808,48.0927988]]],[[[11.6016106,48.092652],[11.6016224,48.0926313],[11.6016302,48.0926176],[11.6013731,48.0925522],[11.6013576,48.0925793],[11.6013535,48.0925866],[11.6016106,48.092652]]],[[[11.6112023,48.0899524],[11.611238,48.089961],[11.6112968,48.0898519],[11.611261,48.0898433],[11.6112023,48.0899524]]],[[[11.5198629,48.0877871],[11.5197888,48.0876342],[11.5198493,48.0876211],[11.5199234,48.087774],[11.5198629,48.0877871]]],[[[11.5195193,48.0875629],[11.5195969,48.0877223],[11.5195486,48.0877328],[11.5194711,48.0875734],[11.5195193,48.0875629]]],[[[11.5240887,48.1020586],[11.5240507,48.1020621],[11.5240167,48.1018984],[11.5240548,48.1018949],[11.5240887,48.1020586]]],[[[11.524435,48.1020085],[11.5244066,48.1018585],[11.5244354,48.101856],[11.5244467,48.1019155],[11.5244543,48.1019148],[11.5244615,48.1019529],[11.524453,48.1019536],[11.524463,48.1020061],[11.524435,48.1020085]]],[[[11.6176856,48.1114269],[11.6177436,48.1114406],[11.6177358,48.1114553],[11.6176359,48.111643],[11.617578,48.1116293],[11.6176772,48.1114427],[11.6176856,48.1114269]]],[[[11.6174419,48.1122376],[11.6174499,48.1122259],[11.6175778,48.1120392],[11.6176135,48.1120504],[11.6175634,48.112128],[11.6175315,48.1121731],[11.6174859,48.1122372],[11.6174776,48.1122489],[11.6174419,48.1122376]]],[[[11.63083,48.0997857],[11.6308151,48.099759],[11.6305107,48.0998348],[11.6305257,48.0998616],[11.63083,48.0997857]]],[[[11.5445389,48.1272722],[11.5445059,48.1272758],[11.5445449,48.1274361],[11.5445574,48.1274876],[11.5445763,48.1275653],[11.5445925,48.1275635],[11.5446092,48.1275617],[11.5445389,48.1272722]]],[[[11.6278163,48.1071547],[11.627892,48.1070061],[11.627926,48.1070139],[11.6279156,48.1070342],[11.6279008,48.1070632],[11.6278502,48.1071624],[11.6278163,48.1071547]]],[[[11.4487757,48.1505569],[11.4487614,48.1505733],[11.4485504,48.1504915],[11.4485556,48.1504855],[11.4485647,48.1504751],[11.4487757,48.1505569]]],[[[11.4492819,48.1506606],[11.4492907,48.1506488],[11.4492995,48.1506373],[11.4493924,48.1506686],[11.4494603,48.1506914],[11.4494873,48.1507005],[11.4494785,48.150712],[11.4494697,48.1507237],[11.4492819,48.1506606]]],[[[11.454484,48.1507695],[11.4547109,48.1506989],[11.4546935,48.150674],[11.4544666,48.1507445],[11.454484,48.1507695]]],[[[11.4546035,48.1508188],[11.4545287,48.1508409],[11.4543957,48.15088],[11.4544027,48.1508905],[11.454444,48.1508783],[11.454451,48.1508889],[11.4545206,48.1508684],[11.4545148,48.1508597],[11.4545362,48.1508534],[11.4546116,48.1508312],[11.4546035,48.1508188]]],[[[11.6404026,48.0979888],[11.6401038,48.0980639],[11.640096,48.09805],[11.640305,48.0979975],[11.6403948,48.0979749],[11.6404026,48.0979888]]],[[[11.6408722,48.0979351],[11.6408797,48.0979485],[11.6406161,48.0980141],[11.6405806,48.0980229],[11.6405732,48.0980094],[11.6408722,48.0979351]]],[[[11.5013153,48.1163554],[11.501565,48.1163537],[11.5015654,48.1163824],[11.5014937,48.1163828],[11.501436,48.1163832],[11.5013157,48.116384],[11.5013153,48.1163554]]],[[[11.4811448,48.0934821],[11.4811685,48.0934813],[11.481181,48.0936543],[11.4811573,48.0936551],[11.4811448,48.0934821]]],[[[11.4812526,48.0932774],[11.481242,48.0931008],[11.4812687,48.0931001],[11.4812793,48.0932767],[11.4812526,48.0932774]]],[[[11.4742919,48.1282615],[11.4743017,48.1282292],[11.4741495,48.1282094],[11.474067,48.1281991],[11.4739884,48.1281919],[11.4739888,48.1282144],[11.4740644,48.1282224],[11.4740936,48.1282322],[11.4741362,48.128238],[11.4741766,48.1282435],[11.474173,48.1282562],[11.4742497,48.1282659],[11.4742525,48.1282562],[11.4742919,48.1282615]]],[[[11.4765516,48.1155943],[11.4766476,48.115602],[11.4768343,48.115617],[11.4768374,48.1155996],[11.4765547,48.115577],[11.4765516,48.1155943]]],[[[11.4761356,48.115365],[11.4763871,48.1153828],[11.4763898,48.1153662],[11.4762451,48.1153559],[11.4761383,48.1153483],[11.4761356,48.115365]]],[[[11.4636031,48.1354208],[11.4635868,48.1354055],[11.4637503,48.1353281],[11.4637666,48.1353434],[11.4637083,48.135371],[11.4637242,48.1353859],[11.4636752,48.1354091],[11.4636594,48.1353942],[11.4636031,48.1354208]]],[[[11.5088763,48.1708044],[11.5088862,48.1708146],[11.5088973,48.170826],[11.5092384,48.1706798],[11.5092174,48.1706582],[11.5088763,48.1708044]]],[[[11.5277312,48.1692948],[11.5278725,48.1693024],[11.5279324,48.1693056],[11.5279303,48.1693233],[11.5279291,48.169333],[11.5277279,48.1693222],[11.5277312,48.1692948]]],[[[11.5281422,48.1692841],[11.528158,48.1692849],[11.5283086,48.1692925],[11.528311,48.1692713],[11.5281598,48.1692638],[11.5281446,48.169263],[11.5281422,48.1692841]]],[[[11.5277385,48.1692646],[11.527874,48.1692711],[11.5279354,48.169274],[11.5279376,48.1692534],[11.5277407,48.1692441],[11.5277391,48.1692589],[11.5277385,48.1692646]]],[[[11.5281354,48.1693427],[11.5281366,48.1693331],[11.5281383,48.1693186],[11.5283074,48.1693278],[11.5283059,48.1693406],[11.5283045,48.1693519],[11.5281354,48.1693427]]],[[[11.5074914,48.180764],[11.5074938,48.1807628],[11.5075217,48.1807486],[11.5076502,48.180861],[11.5076226,48.180875],[11.5076198,48.1808764],[11.5074914,48.180764]]],[[[11.5058941,48.177029],[11.5059162,48.1770137],[11.5061555,48.1771682],[11.5061334,48.1771834],[11.5060243,48.177113],[11.5059959,48.1770947],[11.5059769,48.1770824],[11.5058941,48.177029]]],[[[11.5044963,48.1728617],[11.5047051,48.1727092],[11.5047229,48.17272],[11.504514,48.1728726],[11.5044963,48.1728617]]],[[[11.5042495,48.1727652],[11.5043364,48.1727035],[11.5043244,48.172696],[11.5043998,48.1726425],[11.5044109,48.1726494],[11.5045146,48.1725757],[11.504536,48.1725891],[11.5042699,48.172778],[11.5042495,48.1727652]]],[[[11.5180818,48.1206037],[11.5180933,48.1206321],[11.5181099,48.1206728],[11.518123,48.120705],[11.5181693,48.1206966],[11.5181281,48.1205953],[11.5181242,48.1205961],[11.5181099,48.1205986],[11.5180818,48.1206037]]],[[[11.5183929,48.120523],[11.5184348,48.1205151],[11.5184413,48.1205306],[11.5184471,48.1205443],[11.5184623,48.1205802],[11.5184753,48.120611],[11.5184334,48.1206188],[11.5183929,48.120523]]],[[[11.5167532,48.1137167],[11.5167016,48.1137164],[11.5167009,48.1137755],[11.5167007,48.1137955],[11.5167001,48.1138447],[11.5166991,48.1139273],[11.5167508,48.1139276],[11.5167532,48.1137167]]],[[[11.5170953,48.1139356],[11.5170972,48.1137271],[11.5171618,48.1137274],[11.5171612,48.1137952],[11.5171607,48.1138444],[11.51716,48.1139237],[11.5171599,48.1139359],[11.5170953,48.1139356]]],[[[11.5174178,48.1131798],[11.5177931,48.1131892],[11.5177947,48.1131614],[11.5177269,48.1131597],[11.5174193,48.113152],[11.5174178,48.1131798]]],[[[11.5173941,48.1134761],[11.5176608,48.1134771],[11.5178209,48.1134777],[11.5178205,48.1135169],[11.5176597,48.1135163],[11.5175422,48.1135159],[11.5174673,48.1135156],[11.5173938,48.1135153],[11.5173941,48.1134761]]],[[[11.522875,48.1267149],[11.5228982,48.1267013],[11.5229714,48.1267586],[11.5230387,48.1268112],[11.5230154,48.1268248],[11.522875,48.1267149]]],[[[11.5215455,48.12603],[11.5216275,48.1261105],[11.521645,48.1261026],[11.521663,48.1260944],[11.5215312,48.1259651],[11.5215207,48.1259699],[11.5214955,48.1259813],[11.5215063,48.125992],[11.5214886,48.126],[11.5215275,48.1260381],[11.5215455,48.12603]]],[[[11.5174648,48.1183782],[11.517458,48.1183609],[11.5173841,48.1181731],[11.5174272,48.1181646],[11.5175007,48.1183529],[11.5175078,48.1183711],[11.5174648,48.1183782]]],[[[11.5035761,48.0823223],[11.5036007,48.0821447],[11.5036323,48.0821467],[11.5036076,48.0823242],[11.5035761,48.0823223]]],[[[11.5038878,48.0822307],[11.5039203,48.0822322],[11.503915,48.0822832],[11.5039099,48.0823323],[11.503905,48.0823789],[11.5038726,48.0823774],[11.5038878,48.0822307]]],[[[11.505816,48.0914115],[11.5058603,48.0913999],[11.5059424,48.0915389],[11.505898,48.0915506],[11.505816,48.0914115]]],[[[11.5063642,48.0920567],[11.5062764,48.0918958],[11.5063232,48.0918844],[11.5063545,48.0919418],[11.5063792,48.0919869],[11.506411,48.0920453],[11.5063642,48.0920567]]],[[[11.5031103,48.0864061],[11.5031364,48.0864223],[11.5031426,48.0862249],[11.5031116,48.0862456],[11.5031103,48.0864061]]],[[[11.5028796,48.0869603],[11.5028834,48.0867671],[11.5029006,48.086777],[11.5028983,48.0869516],[11.5028796,48.0869603]]],[[[11.5064414,48.0822677],[11.5064435,48.0822632],[11.5064496,48.0822502],[11.5065144,48.0822638],[11.5065189,48.0822542],[11.5065875,48.0822686],[11.5065825,48.0822792],[11.5066697,48.0822975],[11.506662,48.082314],[11.5064414,48.0822677]]],[[[11.5060282,48.0822856],[11.5059641,48.0822753],[11.5059609,48.0822841],[11.5058963,48.0822737],[11.5058995,48.0822649],[11.5058451,48.0822561],[11.5058513,48.0822387],[11.5060345,48.0822681],[11.5060302,48.0822801],[11.5060282,48.0822856]]],[[[11.5045518,48.0942248],[11.5047921,48.094228],[11.5048101,48.0942134],[11.5047013,48.0942107],[11.5045502,48.094207],[11.5045518,48.0942248]]],[[[11.5034977,48.0801823],[11.5034903,48.0801547],[11.5034808,48.0801191],[11.5034617,48.0800479],[11.5034961,48.0800438],[11.5035322,48.0801781],[11.5034977,48.0801823]]],[[[11.534271,48.1241692],[11.534254,48.1241512],[11.5344804,48.1240564],[11.5344974,48.1240744],[11.534382,48.1241227],[11.534271,48.1241692]]],[[[11.534566,48.1238717],[11.534582,48.123888],[11.534373,48.1239792],[11.5343571,48.1239629],[11.5344532,48.123921],[11.534566,48.1238717]]],[[[11.5449114,48.1275557],[11.5449426,48.1275504],[11.5449089,48.1274618],[11.5448769,48.1273779],[11.5448458,48.1273832],[11.5449114,48.1275557]]],[[[11.5451526,48.1284887],[11.5451162,48.1283305],[11.5450679,48.1281203],[11.5450216,48.128125],[11.5451062,48.1284934],[11.5451526,48.1284887]]],[[[11.5551987,48.1390862],[11.555199,48.1390818],[11.5552,48.1390696],[11.5555161,48.1390805],[11.5557009,48.1390868],[11.5557002,48.1390956],[11.5556996,48.1391034],[11.5551987,48.1390862]]],[[[11.4856971,48.0816307],[11.4857276,48.0816317],[11.4857254,48.0816612],[11.4857849,48.0816632],[11.4857812,48.081709],[11.4857794,48.0817383],[11.4857773,48.0817633],[11.4856873,48.0817602],[11.4856971,48.0816307]]],[[[11.4851089,48.0820411],[11.4852719,48.0820502],[11.4852681,48.0820791],[11.4851065,48.0820703],[11.4851089,48.0820411]]],[[[11.4842347,48.0787487],[11.4842732,48.0787397],[11.4842817,48.0787559],[11.4843028,48.0787965],[11.4841241,48.078838],[11.4841023,48.0787961],[11.4840946,48.0787812],[11.4841863,48.0787599],[11.4842347,48.0787487]]],[[[11.483738,48.0835323],[11.4837609,48.0835686],[11.4838388,48.0835466],[11.4838957,48.0835306],[11.4840051,48.0834997],[11.4839822,48.0834635],[11.483738,48.0835323]]],[[[11.483562,48.0834622],[11.4836288,48.0834435],[11.4836802,48.0834291],[11.4838132,48.0833917],[11.4838341,48.083425],[11.4835829,48.0834955],[11.483562,48.0834622]]],[[[11.4864859,48.2163269],[11.4864999,48.2162198],[11.4865289,48.2162214],[11.486515,48.2163286],[11.4864859,48.2163269]]],[[[11.4866884,48.21579],[11.4867211,48.2157924],[11.4867022,48.215904],[11.4866696,48.2159015],[11.4866884,48.21579]]],[[[11.4617309,48.1778886],[11.4617397,48.1778674],[11.4617514,48.17784],[11.4617726,48.1778012],[11.4617885,48.1777737],[11.4618184,48.1777824],[11.4617879,48.1778333],[11.461772,48.1778572],[11.4617632,48.1778772],[11.4617579,48.1778921],[11.4617309,48.1778886]]],[[[11.4616573,48.1778479],[11.4616302,48.1779153],[11.4616202,48.1779518],[11.4616155,48.1779729],[11.4615685,48.1779679],[11.4615791,48.1779212],[11.4615909,48.1778844],[11.4616067,48.177835],[11.4616573,48.1778479]]],[[[11.6365175,48.172993],[11.636509,48.1728136],[11.6365267,48.1728132],[11.6365461,48.1728128],[11.636547,48.1728306],[11.6365546,48.1729922],[11.6365175,48.172993]]],[[[11.6368125,48.1729689],[11.6368074,48.1728149],[11.6368061,48.1727773],[11.6368219,48.172777],[11.6368419,48.1727767],[11.6368484,48.1729683],[11.6368125,48.1729689]]],[[[11.6207836,48.1531074],[11.6209972,48.1531076],[11.6209972,48.1530968],[11.6209972,48.1530873],[11.6207836,48.1530871],[11.6207836,48.1530967],[11.6207836,48.1531074]]],[[[11.6197982,48.1532373],[11.6200543,48.1532369],[11.6200541,48.1532042],[11.6199214,48.1532039],[11.619798,48.1532046],[11.6197982,48.1532373]]],[[[11.6289561,48.1624358],[11.6289889,48.1624347],[11.6289994,48.1625812],[11.6289666,48.1625822],[11.6289637,48.1625418],[11.6289614,48.1625104],[11.6289561,48.1624358]]],[[[11.6288516,48.1589119],[11.6288536,48.1587247],[11.6287937,48.1587244],[11.6287918,48.1589117],[11.628822,48.1589118],[11.6288516,48.1589119]]],[[[11.6447043,48.1652963],[11.6447416,48.1653026],[11.6447468,48.1652887],[11.6448153,48.1651081],[11.644778,48.1651018],[11.6447098,48.1652817],[11.6447043,48.1652963]]],[[[11.6445004,48.1653321],[11.6445767,48.1651364],[11.6445852,48.1651144],[11.6446418,48.1651248],[11.6446337,48.1651462],[11.6445542,48.1653418],[11.6445004,48.1653321]]],[[[11.6549234,48.1398215],[11.6549265,48.1398126],[11.6549317,48.139798],[11.6548549,48.1397861],[11.6548624,48.1397647],[11.654763,48.1397493],[11.6547573,48.1397659],[11.6546629,48.1397512],[11.6546571,48.1397679],[11.654653,48.1397796],[11.6549234,48.1398215]]],[[[11.6547172,48.1399184],[11.6548178,48.1399343],[11.6548102,48.1399557],[11.6549034,48.1399704],[11.6549114,48.1399481],[11.655047,48.1399695],[11.6550569,48.1399451],[11.6550631,48.1399298],[11.6547309,48.1398795],[11.6547247,48.1398972],[11.6547172,48.1399184]]],[[[11.6216854,48.1606834],[11.6217191,48.1606704],[11.62187,48.1608443],[11.6218363,48.1608573],[11.6216854,48.1606834]]],[[[11.6320356,48.1308622],[11.6320148,48.1308175],[11.6319753,48.1308257],[11.6320531,48.1309925],[11.6320926,48.1309843],[11.6320585,48.1309111],[11.6320356,48.1308622]]],[[[11.6318096,48.1308542],[11.6318392,48.1308482],[11.6319131,48.1310098],[11.6318835,48.1310158],[11.6318668,48.1309791],[11.6318445,48.1309304],[11.6318096,48.1308542]]],[[[11.6314121,48.1282083],[11.6313994,48.1281861],[11.63121,48.1282343],[11.6311394,48.1282524],[11.6311521,48.1282746],[11.6312206,48.1282572],[11.6312499,48.1282497],[11.6313218,48.1282313],[11.6314121,48.1282083]]],[[[11.6323258,48.1328457],[11.6323421,48.1328436],[11.6323586,48.1328413],[11.6324032,48.1329881],[11.6323879,48.1329901],[11.6323704,48.1329925],[11.6323624,48.1329659],[11.6323541,48.1329387],[11.6323389,48.1328887],[11.6323258,48.1328457]]],[[[11.6330044,48.1333089],[11.6329953,48.1332864],[11.6332764,48.133236],[11.6332846,48.1332563],[11.6331974,48.1332726],[11.6331896,48.1332743],[11.633116,48.133288],[11.6330044,48.1333089]]],[[[11.626501,48.1509068],[11.6265281,48.1509044],[11.6265036,48.1507805],[11.6264765,48.1507829],[11.626501,48.1509068]]],[[[11.6261037,48.1513949],[11.6262959,48.1513628],[11.6263064,48.1513907],[11.6261141,48.1514228],[11.6261037,48.1513949]]],[[[11.6372978,48.1102779],[11.6372977,48.110241],[11.6375362,48.1102405],[11.6375363,48.1102665],[11.6375364,48.1102775],[11.6374044,48.1102777],[11.6373254,48.1102779],[11.6372978,48.1102779]]],[[[11.6381389,48.1101788],[11.6383771,48.1101765],[11.6383764,48.1101456],[11.6382429,48.1101469],[11.6381641,48.1101476],[11.6381382,48.1101479],[11.6381386,48.1101649],[11.6381389,48.1101788]]],[[[11.6470167,48.1090449],[11.6470166,48.1090142],[11.6467605,48.1090144],[11.6467605,48.1090451],[11.6470167,48.1090449]]],[[[11.6467458,48.1092325],[11.6469992,48.1092323],[11.6469992,48.1092056],[11.6467457,48.1092058],[11.6467458,48.1092325]]],[[[11.6465433,48.1083896],[11.6465149,48.1083902],[11.6465239,48.1085803],[11.6465524,48.1085797],[11.6465488,48.108504],[11.6465433,48.1083896]]],[[[11.6465271,48.1088233],[11.6465708,48.1088225],[11.6465975,48.1088221],[11.6466203,48.1088218],[11.646619,48.1087749],[11.6465962,48.1087751],[11.6465694,48.1087752],[11.6465544,48.1087752],[11.646551,48.1086824],[11.6465242,48.1086829],[11.6465271,48.1088233]]],[[[11.6462183,48.1087094],[11.6462297,48.1087092],[11.6462276,48.1086505],[11.646258,48.10865],[11.6462622,48.1087852],[11.6462309,48.108786],[11.6462296,48.1087512],[11.6462197,48.1087514],[11.6462183,48.1087094]]],[[[11.646528,48.1065683],[11.6464892,48.1065684],[11.6464901,48.1067596],[11.6465288,48.1067595],[11.6465287,48.1067375],[11.646528,48.1065683]]],[[[11.6462326,48.1064643],[11.6462326,48.106456],[11.6462322,48.1063683],[11.646232,48.1063325],[11.6462622,48.1063324],[11.6462628,48.1064642],[11.6462326,48.1064643]]],[[[11.6398601,48.1090228],[11.6396478,48.1090227],[11.6396365,48.1090227],[11.6396365,48.1090469],[11.6398601,48.1090471],[11.6398601,48.1090228]]],[[[11.6388497,48.1092369],[11.6388761,48.1092369],[11.6390409,48.1092369],[11.6390408,48.1092107],[11.6388497,48.1092108],[11.6388497,48.1092369]]],[[[11.6393549,48.1097358],[11.6393842,48.1097357],[11.6394024,48.1097357],[11.6394021,48.1096675],[11.6394018,48.1096151],[11.6394017,48.109583],[11.6393541,48.1095831],[11.6393549,48.1097358]]],[[[11.5404932,48.2137037],[11.5405067,48.2137033],[11.5405216,48.2137028],[11.5405032,48.213429],[11.5404879,48.2134295],[11.5404749,48.2134298],[11.5404932,48.2137037]]],[[[11.528033,48.1727002],[11.5280455,48.1727111],[11.5280544,48.1727187],[11.5275304,48.1729873],[11.527509,48.1729687],[11.5279964,48.172719],[11.528033,48.1727002]]],[[[11.5279927,48.1726635],[11.5279799,48.1726523],[11.5279675,48.1726414],[11.5274322,48.172912],[11.5274574,48.1729341],[11.5279536,48.1726833],[11.5279927,48.1726635]]],[[[11.5291677,48.1761007],[11.529165,48.1760749],[11.5291528,48.1759576],[11.5291897,48.1759559],[11.529202,48.1760739],[11.5292046,48.176099],[11.5291677,48.1761007]]],[[[11.450261,48.1420854],[11.4502909,48.1420676],[11.4501531,48.1419643],[11.4501232,48.1419821],[11.450261,48.1420854]]],[[[11.4500334,48.1420415],[11.4500651,48.1420226],[11.4501202,48.1420637],[11.4502403,48.1421534],[11.4502086,48.1421723],[11.4501489,48.1421277],[11.4501144,48.142102],[11.4500879,48.1420822],[11.4500334,48.1420415]]],[[[11.4533357,48.1360475],[11.4533728,48.1360328],[11.4532701,48.135917],[11.4532539,48.1358987],[11.4532168,48.1359134],[11.4532329,48.1359315],[11.4533357,48.1360475]]],[[[11.4534339,48.135931],[11.4533114,48.1357941],[11.4533358,48.1357844],[11.4533584,48.1357754],[11.4534808,48.1359123],[11.4534585,48.1359212],[11.4534339,48.135931]]],[[[11.5018043,48.1434325],[11.5020435,48.143428],[11.5020428,48.1434112],[11.5018035,48.1434157],[11.5018043,48.1434325]]],[[[11.5020557,48.1434271],[11.5022949,48.1434226],[11.5022945,48.1434128],[11.5022942,48.1434058],[11.5020549,48.1434103],[11.5020557,48.1434271]]],[[[11.6335534,48.1356526],[11.6335103,48.1356648],[11.6336649,48.1358889],[11.6336838,48.1358843],[11.6337031,48.1358801],[11.6335618,48.1356657],[11.6335534,48.1356526]]],[[[11.6332311,48.1355765],[11.6332199,48.1355797],[11.633188,48.1355887],[11.6333767,48.1358854],[11.6334063,48.1358779],[11.6334198,48.1358732],[11.6332311,48.1355765]]],[[[11.6339415,48.1361103],[11.6345631,48.1361304],[11.634624,48.1361324],[11.6346277,48.1360945],[11.6339432,48.1360741],[11.6339426,48.1360825],[11.6339415,48.1361103]]],[[[11.6339374,48.1360486],[11.6346215,48.1360708],[11.6346236,48.1360405],[11.6339421,48.1360161],[11.6339393,48.1360343],[11.6339374,48.1360486]]],[[[11.6206341,48.1371191],[11.6204522,48.1371655],[11.6203101,48.1371999],[11.620254,48.1372123],[11.6201979,48.1372247],[11.6201423,48.1372355],[11.6200867,48.1372454],[11.620028,48.137254],[11.6199504,48.1372627],[11.6199608,48.1372943],[11.620032,48.1372885],[11.6200627,48.137286],[11.6201129,48.1372754],[11.6202144,48.1372518],[11.6203335,48.1372242],[11.6205431,48.1371744],[11.6205737,48.1371626],[11.6206037,48.1371501],[11.6206213,48.1371352],[11.6206341,48.1371191]]],[[[11.6201423,48.1371842],[11.6202883,48.1371535],[11.6204473,48.1371148],[11.6205492,48.1370867],[11.6205423,48.137077],[11.6205332,48.1370643],[11.6204283,48.1370957],[11.6202717,48.137128],[11.6200637,48.1371571],[11.6198174,48.1371331],[11.6198216,48.1372197],[11.6198218,48.1372235],[11.6200557,48.1371994],[11.6201423,48.1371842]]],[[[11.5994104,48.1356133],[11.5997752,48.135611],[11.6001516,48.1356243],[11.6001794,48.1356258],[11.6002134,48.1356275],[11.6002155,48.135604],[11.6001797,48.1356022],[11.6001536,48.1356008],[11.5997746,48.1355913],[11.5994092,48.1355926],[11.5994098,48.1356031],[11.5994104,48.1356133]]],[[[11.6044986,48.1356135],[11.6049324,48.135592],[11.6051135,48.1355876],[11.6051127,48.1355715],[11.6051121,48.1355607],[11.6049304,48.1355652],[11.6044932,48.1355849],[11.6044986,48.1356135]]],[[[11.6051146,48.1356273],[11.6049309,48.1356349],[11.6045041,48.1356584],[11.6045095,48.1356897],[11.6049326,48.1356642],[11.6051156,48.1356561],[11.6051151,48.1356417],[11.6051146,48.1356273]]],[[[11.6236179,48.1360255],[11.6238171,48.1359549],[11.6240082,48.1358919],[11.6242549,48.1358247],[11.6243498,48.135798],[11.6243373,48.1357782],[11.6239855,48.1358669],[11.6237972,48.1359254],[11.6235903,48.1360014],[11.6236094,48.1360181],[11.6236179,48.1360255]]],[[[11.6235551,48.1359629],[11.6237689,48.1358749],[11.6241429,48.1357763],[11.6243178,48.1357382],[11.6243031,48.1357084],[11.6241232,48.1357523],[11.6240238,48.1357788],[11.6237436,48.13585],[11.6235295,48.1359395],[11.6235551,48.1359629]]],[[[11.6591936,48.10625],[11.659128,48.1062495],[11.6591308,48.1064332],[11.6591316,48.1064872],[11.6591892,48.1065075],[11.6591905,48.1064335],[11.6591936,48.10625]]],[[[11.6588608,48.1061784],[11.6588926,48.1061784],[11.6588926,48.1061921],[11.6588923,48.1063847],[11.6588605,48.1063847],[11.6588607,48.1061927],[11.6588608,48.1061784]]],[[[11.661315,48.0840448],[11.6612722,48.0839609],[11.661281,48.0839589],[11.6612965,48.0839554],[11.6613652,48.0840898],[11.6613499,48.0840933],[11.6613409,48.0840953],[11.661315,48.0840448]]],[[[11.6618116,48.0863689],[11.6617846,48.0863689],[11.6617846,48.0863789],[11.6617847,48.0865276],[11.6618117,48.0865276],[11.6618116,48.0863789],[11.6618116,48.0863689]]],[[[11.6618994,48.0863376],[11.6619258,48.0863377],[11.6619256,48.0864897],[11.6619256,48.0864983],[11.6618992,48.0864982],[11.6618992,48.0864896],[11.6618994,48.0863376]]],[[[11.5563274,48.1864594],[11.556331,48.1864408],[11.5561247,48.1864231],[11.5561222,48.1864358],[11.556121,48.1864417],[11.5563274,48.1864594]]],[[[11.4096455,48.1409744],[11.4096531,48.1409479],[11.4093457,48.1409046],[11.409341,48.1409233],[11.4093614,48.1409281],[11.4093903,48.140934],[11.4094319,48.1409417],[11.4096455,48.1409744]]],[[[11.6095979,48.1259006],[11.6097951,48.1257703],[11.6097694,48.1257531],[11.6095722,48.1258833],[11.6095979,48.1259006]]],[[[11.6102116,48.1253618],[11.6104088,48.1252315],[11.6103831,48.1252142],[11.6101859,48.1253445],[11.6102116,48.1253618]]],[[[11.5306387,48.1712726],[11.531138,48.1709534],[11.5310929,48.170922],[11.5305936,48.1712412],[11.5306119,48.171254],[11.5306387,48.1712726]]],[[[11.5286752,48.1718633],[11.5286529,48.1717762],[11.5286632,48.171775],[11.5286705,48.1717742],[11.5286756,48.1717939],[11.5286904,48.1717923],[11.5287053,48.1718503],[11.5286901,48.171852],[11.5286925,48.1718614],[11.5286846,48.1718623],[11.5286752,48.1718633]]],[[[11.528532,48.1716372],[11.5285153,48.1715375],[11.5285078,48.1715381],[11.5284858,48.1715397],[11.5284874,48.1715492],[11.5284622,48.1715511],[11.5284729,48.1716143],[11.5284984,48.1716124],[11.528503,48.1716393],[11.5285269,48.1716375],[11.528532,48.1716372]]],[[[11.5604502,48.2199161],[11.5604538,48.219891],[11.5607422,48.2199092],[11.5607386,48.2199344],[11.5606369,48.2199279],[11.560571,48.2199238],[11.5604502,48.2199161]]],[[[11.4674396,48.1901903],[11.467523,48.1899759],[11.467464,48.1899657],[11.4673806,48.1901801],[11.4674396,48.1901903]]],[[[11.4675953,48.1902259],[11.4676613,48.1900566],[11.4676142,48.1900485],[11.4675483,48.1902178],[11.4675953,48.1902259]]],[[[11.4674003,48.1898011],[11.467641,48.189842],[11.4676616,48.1897883],[11.4674208,48.1897475],[11.4674003,48.1898011]]],[[[11.4825098,48.1966384],[11.482587,48.1966204],[11.4826717,48.1966006],[11.4827431,48.196584],[11.4827328,48.1965644],[11.4824995,48.1966188],[11.4825098,48.1966384]]],[[[11.4819351,48.1966792],[11.4821646,48.1966289],[11.4821521,48.1966037],[11.4819227,48.196654],[11.4819351,48.1966792]]],[[[11.7036536,48.1334174],[11.7036531,48.1334488],[11.703653,48.1334587],[11.7034032,48.1334572],[11.7034034,48.1334473],[11.7034038,48.1334159],[11.7036536,48.1334174]]],[[[11.5818978,48.1516219],[11.5819375,48.151614],[11.5818474,48.1514129],[11.5818076,48.1514208],[11.5818978,48.1516219]]],[[[11.5817047,48.1516479],[11.5816702,48.1516551],[11.5815738,48.1514469],[11.5816084,48.1514398],[11.5816176,48.1514597],[11.5817047,48.1516479]]],[[[11.5587309,48.1402379],[11.5587174,48.1401577],[11.5552253,48.1404166],[11.5549811,48.1404405],[11.5541558,48.1405274],[11.5541588,48.1405463],[11.5549901,48.1405052],[11.5552379,48.1404909],[11.5587309,48.1402379]]],[[[11.5587835,48.1405488],[11.5587718,48.1404792],[11.5552788,48.1407325],[11.5548845,48.1407653],[11.5544292,48.1408032],[11.5539324,48.1408446],[11.5539338,48.1408659],[11.5544434,48.1408565],[11.5548991,48.1408333],[11.5552914,48.1408071],[11.5587835,48.1405488]]],[[[11.6604607,48.1192292],[11.6604407,48.1192467],[11.660633,48.1193448],[11.6606531,48.1193273],[11.6604607,48.1192292]]],[[[11.6604075,48.119122],[11.6606133,48.1192254],[11.6606344,48.1192067],[11.6604285,48.1191033],[11.6604075,48.119122]]],[[[11.5588106,48.1407086],[11.5587982,48.1406353],[11.5553036,48.1408793],[11.5540787,48.1409715],[11.5530496,48.1410489],[11.5529146,48.1410591],[11.5529171,48.1410895],[11.5530544,48.1410847],[11.5540849,48.1410042],[11.5540911,48.1410368],[11.5532849,48.141101],[11.5530566,48.1411129],[11.5530588,48.1411425],[11.5532919,48.1411351],[11.5540973,48.1410695],[11.555319,48.1409701],[11.5588106,48.1407086]]],[[[11.5663427,48.175484],[11.5663444,48.1754721],[11.5665549,48.1753042],[11.5665765,48.175287],[11.5666118,48.1753073],[11.5665895,48.175324],[11.5663731,48.1754874],[11.5663542,48.17549],[11.5663427,48.175484]]],[[[11.5664822,48.1755655],[11.5664839,48.1755535],[11.5666968,48.1753838],[11.566716,48.1753685],[11.5667513,48.1753887],[11.5667327,48.1754027],[11.5665126,48.1755689],[11.5664937,48.1755715],[11.5664822,48.1755655]]],[[[11.5404573,48.21321],[11.5404865,48.2132091],[11.5405021,48.2134196],[11.5404872,48.21342],[11.540473,48.2134205],[11.5404573,48.21321]]],[[[11.5052265,48.17645],[11.505248,48.1764351],[11.5055097,48.1766024],[11.5054883,48.1766173],[11.5052265,48.17645]]],[[[11.502814,48.174352],[11.5030138,48.1745097],[11.5029954,48.1745201],[11.5027956,48.1743624],[11.502814,48.174352]]],[[[11.5026141,48.1743044],[11.5028239,48.1744563],[11.5028062,48.1744672],[11.5025964,48.1743153],[11.5026141,48.1743044]]],[[[11.5034634,48.1726243],[11.5036858,48.1727597],[11.50367,48.1727713],[11.5034476,48.1726358],[11.5034634,48.1726243]]],[[[11.6616098,48.1258134],[11.661626,48.1258452],[11.661659,48.1258378],[11.6622171,48.125713],[11.662504,48.1256635],[11.6628021,48.1256178],[11.6630088,48.1255951],[11.6630335,48.1255924],[11.6630287,48.125571],[11.6633684,48.1255335],[11.6634049,48.1255294],[11.6634001,48.1255043],[11.6633648,48.1255084],[11.6629983,48.1255512],[11.6627817,48.1255764],[11.662196,48.1256762],[11.6616423,48.1258058],[11.6616098,48.1258134]]],[[[11.5648276,48.1386412],[11.5647812,48.1384112],[11.5647767,48.1383888],[11.5647412,48.138392],[11.5647457,48.1384143],[11.5647921,48.1386444],[11.5648276,48.1386412]]],[[[11.4034271,48.1412481],[11.4033994,48.1412442],[11.4033695,48.1412401],[11.4033062,48.1414426],[11.4033351,48.1414466],[11.4033638,48.1414506],[11.4034271,48.1412481]]],[[[11.5856373,48.1215345],[11.5856696,48.1215243],[11.5856439,48.1214952],[11.5854183,48.1212514],[11.5851397,48.1209544],[11.5851068,48.1209685],[11.5853871,48.1212671],[11.5856373,48.1215345]]],[[[11.5857477,48.1214915],[11.585777,48.1214779],[11.585759,48.1214593],[11.5855272,48.1212109],[11.5852465,48.1209107],[11.5852144,48.1209254],[11.5854937,48.1212256],[11.5857284,48.1214738],[11.5857477,48.1214915]]],[[[11.5739452,48.1703025],[11.5739447,48.1702884],[11.5739443,48.1702775],[11.574452,48.1702437],[11.5744535,48.1702574],[11.5744553,48.1702737],[11.5739452,48.1703025]]],[[[11.5022495,48.1261366],[11.5022488,48.1261546],[11.5016746,48.1261447],[11.5016752,48.1261265],[11.5022495,48.1261366]]],[[[11.5028838,48.1315557],[11.5029045,48.1315555],[11.5028995,48.1312036],[11.5028982,48.1311127],[11.5028775,48.1311129],[11.5028787,48.1311987],[11.5028788,48.1312042],[11.5028789,48.131211],[11.5028838,48.1315557]]],[[[11.5027893,48.1309134],[11.5028125,48.1309131],[11.5027973,48.1304637],[11.502773,48.1304641],[11.5027893,48.1309134]]],[[[11.5030065,48.1355663],[11.5030236,48.1359397],[11.5030426,48.1359393],[11.5030256,48.1355659],[11.5030065,48.1355663]]],[[[11.5028878,48.1352177],[11.5029106,48.1352169],[11.5029,48.1348753],[11.5028773,48.1348756],[11.5028878,48.1352177]]],[[[11.5030401,48.1394096],[11.5030526,48.1394094],[11.503069,48.1394091],[11.5030677,48.1393777],[11.5030761,48.1393606],[11.5030492,48.1389143],[11.5030203,48.1389148],[11.5030401,48.1394096]]],[[[11.5031542,48.1394079],[11.5031344,48.1389118],[11.5031083,48.1389123],[11.5031269,48.1393771],[11.5031282,48.1394084],[11.5031406,48.1394082],[11.5031542,48.1394079]]]]}}]}